keys,es
Jan,ene
Feb,feb
Mar,mar
Apr,abr
May,mayo
Jun,jun
Jul,jul
Aug,ago
Sep,sep
Oct,oct
Nov,nov
Dec,dic
Sunday,Domingo
Monday,Lunes
Tuesday,Martes
Wednesday,Miércoles
Thursday,Jueves
Friday,Viernes
Saturday,Sábado
Kanto League,Liga Kanto
Johto League,Liga Johto
Indigo League,Liga Añil
Indigo Cup,Copa Añil
Indigo Champion,Campeón Añil
Championship Series,Serie del Campeonato
First Round,Primera ronda
Second Round,Segunda ronda
Quarter-Final,Cuartos de final
Semi-Final,Semifinal
Final,Final
Round %d,Ronda %d
Matchday %d,Jornada %d
Matchday,Jornada
Week %d,Semana %d
%s · Week %d,%s · Semana %d
Season %d,Temporada %d
Inbox,Bandeja
Squad,Plantilla
Tactics,Táctica
Match,Partido
Competition,Competición
Transfers,Traspasos
Items,Objetos
Training,Entrenamiento
Academy,Academia
Settings,Ajustes
Board & Finances,Directiva y finanzas
Schedule,Programa
Individual,Individual
Coaches,Entrenadores
Mentoring,Mentoría
Development,Desarrollo
Recruitment,Fichajes
Search,Buscar
Scouting,Ojeo
Transfer Centre,Centro de traspasos
Display,Pantalla
Audio,Audio
Gameplay,Juego
Language,Idioma
Fixtures & Results,Partidos y resultados
Overall,General
Cancel,Cancelar
Close,Cerrar
Back,Atrás
Confirm,Confirmar
Apply,Aplicar
None,Ninguno
Yes,Sí
No,No
Club,Club
Manager,Entrenador jefe
Balance,Saldo
Wages,Salarios
Level,Nivel
Age,Edad
Morale,Moral
Fitness,Forma
Condition,Estado
Contract,Contrato
Salary,Salario
Expiry,Vencimiento
Position,Posición
Points,Puntos
Played,Jugados
Wins,Victorias
Losses,Derrotas
Result,Resultado
Opponent,Rival
Home,Local
Away,Visitante
Date,Fecha
Today,Hoy
TODAY,HOY
tomorrow,mañana
in %d days,en %d días
Lv %d,Nv. %d
HP,PS
Attack,Ataque
Defense,Defensa
Sp. Atk,At. Esp.
Sp. Def,Def. Esp.
Speed,Velocidad
Normal,Normal
Fire,Fuego
Water,Agua
Grass,Planta
Electric,Eléctrico
Ice,Hielo
Fighting,Lucha
Poison,Veneno
Ground,Tierra
Flying,Volador
Psychic,Psíquico
Bug,Bicho
Rock,Roca
Ghost,Fantasma
Dragon,Dragón
Dark,Siniestro
Steel,Acero
Fairy,Hada
Burned,Quemado
Paralyzed,Paralizado
Asleep,Dormido
Poisoned,Envenenado
Frozen,Congelado
Confused,Confuso
Fainted,Debilitado
Sunny,Sol
Rain,Lluvia
Sandstorm,Tormenta de arena
Hail,Granizo
COMMUNICATION,COMUNICACIÓN
SQUAD,PLANTILLA
MATCHDAY,JORNADA
CLUB,CLUB
MORE,MÁS
NEXT MATCH ›,PRÓX. PARTIDO ›
BALANCE ›,SALDO ›
DATE ›,FECHA ›
CONTINUE  ›,CONTINUAR  ›
MATCHDAY  ›,JORNADA  ›
%s  ADVANCING,%s  AVANZANDO
Advance %d days,Avanzar %d días
vs %s · go to match,vs %s · ir al partido
Matchday vs %s,Jornada: vs %s
Advance %d days · vs %s,Avanzar %d días · vs %s
No fixtures left,No quedan partidos
SEASON COMPLETE,TEMPORADA COMPLETADA
vs %s (H),vs %s (L)
vs %s (A),vs %s (V)
T. budget %s%s · wages %s%s/w,Presup. %s%s · salarios %s%s/sem
CS %s,SC %s
Save Game,Guardar partida
Load Game,Cargar partida
New Career,Nueva carrera
Load,Cargar
"Reload the last saved career?
Unsaved progress will be lost.","¿Recargar la última partida guardada?
Se perderá el progreso no guardado."
Search Pokémon or clubs…   (Ctrl+F),Buscar Pokémon o clubes…   (Ctrl+F)
"No results for ""%s""",Sin resultados para «%s»
No screen available for %s yet,Aún no hay pantalla para %s
Screen,Pantalla
Free agent,Agente libre
Youth prospect,Promesa juvenil
%s · your squad,%s · tu plantilla
Club · %s · manager %s · rep %d,Club · %s · entrenador %s · rep. %d
Lv %d %s · %s · %s,Nv. %d %s · %s · %s
Next opponent · %s,Próximo rival · %s
Finances,Finanzas
"Open Board & Finances — balance, wages, board confidence","Abrir Directiva y finanzas: saldo, salarios y confianza de la directiva"
Open Competition — season calendar and fixtures,Abrir Competición: calendario de la temporada y partidos
Open Competition — final table,Abrir Competición: clasificación final
Open Competition — %s table & fixtures,Abrir Competición: clasificación y partidos de %s
Open Squad — %s,Abrir Plantilla: %s
Go to matchday vs %s,Ir a la jornada: vs %s
"Open fixture — %s, %s (%s)","Abrir partido: %s, %s (%s)"
Back to %s   (Alt+Left / mouse-4),Volver a %s   (Alt+Izq / ratón 4)
Forward to %s   (Alt+Right / mouse-5),Adelante a %s   (Alt+Der / ratón 5)
Back   (Alt+Left — nowhere to go),Atrás   (Alt+Izq: no hay historial)
Forward   (Alt+Right — nowhere to go),Adelante   (Alt+Der: no hay historial)
Show %s sections,Mostrar secciones de %s
Hide %s sections,Ocultar secciones de %s
%s  (press %d),%s  (tecla %d)
%s · %s-type core,%s · núcleo de tipo %s
TRAINER MANAGER · %s,TRAINER MANAGER · %s
1–%d screens   ·   Space  Continue   ·   Alt+Left/Right  Back/Fwd   ·   Ctrl+F  Search   ·   Ctrl+S  Save,1–%d pantallas   ·   Espacio  Continuar   ·   Alt+Izq/Der  Atrás/Adelante   ·   Ctrl+F  Buscar   ·   Ctrl+S  Guardar
1–%d screens   ·   Ctrl+1–9 sections   ·   Space  Continue   ·   Alt+Left/Right  Back/Fwd   ·   Ctrl+F  Search,1–%d pantallas   ·   Ctrl+1–9 secciones   ·   Espacio  Continuar   ·   Alt+Izq/Der  Atrás/Adelante   ·   Ctrl+F  Buscar
Space = Continue · %d–%d = screens · Ctrl+1–9 = sections,Espacio = Continuar · %d–%d = pantallas · Ctrl+1–9 = secciones
Matchday — your fixture is due today,Jornada: tu partido se juega hoy
News needs your attention,Hay noticias que requieren tu atención
Advanced to %s · game saved,Avanzado hasta %s · partida guardada
Career saved · %s,Carrera guardada · %s
Save failed,Error al guardar
No save file found,No se encontró ninguna partida guardada
Career loaded · %s,Carrera cargada · %s
Load failed,Error al cargar
New career started at %s · %s,Nueva carrera iniciada en %s · %s
You take over at %s · %s,Tomas las riendas de %s · %s
START A NEW CAREER,EMPEZAR UNA NUEVA CARRERA
"Choose the club you'll manage — 32 clubs across two leagues, all meeting in the Indigo Cup.","Elige el club que dirigirás: 32 clubes en dos ligas, todos citados en la Copa Añil."
Starting a new career deletes the current save.,Empezar una nueva carrera borra la partida guardada actual.
Start Career,Empezar carrera
Start at %s,Empezar en %s
  %d clubs per league · double round-robin championship,  %d clubes por liga · liga a doble vuelta
top six avg Lv %.0f,nv. medio del seis titular %.0f
Start a fresh career,Empezar una carrera nueva
Take over,Tomar las riendas
Full time: won %d–%d vs %s — report in Inbox,Final: victoria %d–%d vs %s — informe en la Bandeja
Full time: lost %d–%d vs %s — report in Inbox,Final: derrota %d–%d vs %s — informe en la Bandeja
Section · %s,Sección · %s
Open %s,Abrir %s
%s · %d in squad,%s · %d en plantilla
MANAGER,ENTRENADOR
REPUTATION,REPUTACIÓN
BALANCE,SALDO
SQUAD STRENGTH,NIVEL DE PLANTILLA
THE BOARDROOM HAS SPOKEN,LA DIRECTIVA HA HABLADO
SACKED,DESPEDIDO
%s have terminated your contract: %s.,%s ha rescindido tu contrato: %s.
The club,El club
results were not good enough,los resultados no fueron suficientes
YOUR CAREER,TU CARRERA
Season,Temporada
League pos,Pos. liga
Record (W-L),Balance (V-D)
Cup,Copa
%d season%s managed   ·   %d-%d in matches   ·   best finish %s,%d temporada%s al mando   ·   %d-%d en partidos   ·   mejor puesto: %s
Honours: %s,Palmarés: %s
none — perhaps that was the problem,ninguno; quizá ese fue el problema
WHAT NEXT?,¿Y AHORA QUÉ?
No club is calling. Time for a clean slate.,Ningún club llama a tu puerta. Toca empezar de cero.
Word travels fast — a club lower down the pyramid wants to talk:,Las noticias vuelan: un club de menor nivel quiere hablar contigo:
Word travels fast — %d clubs lower down the pyramid want to talk:,Las noticias vuelan: %d clubes de menor nivel quieren hablar contigo:
"Accepting an offer keeps this world — your history, rivals and record all carry on.","Aceptar una oferta conserva este mundo: tu historial, tus rivales y tu palmarés continúan."
%s   ·   reputation %d/20,%s   ·   reputación %d/20
Preferences,Preferencias
Reset to Defaults,Restablecer valores
Changes apply immediately and are saved to your profile (user://settings.json).,Los cambios se aplican al instante y se guardan en tu perfil (user://settings.json).
DISPLAY,PANTALLA
AUDIO,AUDIO
GAMEPLAY,JUEGO
LANGUAGE,IDIOMA
Window Mode,Modo de ventana
Windowed,Ventana
Borderless Window,Ventana sin bordes
Fullscreen,Pantalla completa
Borderless fills the screen without exclusive fullscreen.,Sin bordes ocupa toda la pantalla sin usar el modo exclusivo.
Resolution,Resolución
Window size (windowed mode only). The UI scales to any size.,Tamaño de la ventana (solo en modo ventana). La interfaz se adapta a cualquier tamaño.
UI Scale,Escala de la interfaz
Zoom the whole interface. 100% is the designed density.,Amplía toda la interfaz. El 100 % es la densidad de diseño.
Enable Audio,Activar audio
Master switch for all game audio.,Interruptor general de todo el audio del juego.
Master Volume,Volumen general
Overall volume for everything.,Volumen global de todo.
Music,Música
Menu and matchday music.,Música de menús y de los partidos.
Sound Effects,Efectos de sonido
"Battle hits, UI clicks, notifications.","Golpes de combate, clics de interfaz y avisos."
Ambience,Ambiente
Crowd and arena atmosphere.,Público y ambiente del estadio.
AI Coach Uses the Bag,El segundo entrenador usa la mochila
Let your assistant spend battle items when you delegate or instant-sim matches.,Permite que tu ayudante gaste objetos de combate cuando delegas o simulas partidos al instante.
Autosave,Autoguardado
How often the career is saved automatically as days advance.,Frecuencia con la que se guarda la carrera automáticamente al avanzar los días.
Off,Desactivado
Every day,Cada día
Every 3 days,Cada 3 días
Weekly,Semanal
Fortnightly,Quincenal
More languages appear here as translations are installed.,Aquí aparecerán más idiomas a medida que se instalen traducciones.
Filter name / species / type...,"Filtrar por nombre, especie o tipo..."
Respond to incoming transfer bids,Responder a las ofertas de traspaso recibidas
Sort: click a column · profile: double-click · actions: right-click,Ordenar: clic en columna · perfil: doble clic · acciones: clic derecho
%s · %s · %s in the %s · %s · Tactic: %s%s,%s · %s · %s en la %s · %s · Táctica: %s%s
Manager: %s,Entrenador: %s
 (auto), (auto)
%d transfer bid%s awaiting response,%d oferta%s de traspaso esperando respuesta
POKEMON,POKÉMON
PICKED SIX,SEIS TITULAR
%d/%d fit,%d/%d en forma
Starters of the saved tactic '%s' clear of serious availability doubts (%d of the %d-strong squad fully available).,Titulares de la táctica guardada «%s» sin dudas serias de disponibilidad (%d de los %d de la plantilla totalmente disponibles).
No tactic saved yet: the six are auto-picked by level and condition. Set a lineup on the Tactics screen.,Aún no hay táctica guardada: el seis se elige automáticamente por nivel y estado. Define una alineación en la pantalla de Táctica.
AVG LEVEL,NIVEL MEDIO
AVG COND,ESTADO MEDIO
MOOD,ÁNIMO
 · %d unhappy, · %d descontentos
unhappy,descontento
"Average squad happiness %d/100. Concerns needing attention:
%s","Felicidad media de la plantilla: %d/100. Inquietudes que requieren atención:
%s"
Average squad happiness %d/100 — no one is agitating. The Happiness view shows every factor.,Felicidad media de la plantilla: %d/100. Nadie protesta. La vista Felicidad muestra cada factor.
EVOLUTION,EVOLUCIÓN
%d awaiting approval,%d esperando aprobación
"Manager approval needed — decide from the profile or the inbox:
","Se necesita la aprobación del entrenador; decide desde el perfil o la bandeja:
"
NEXT,PRÓXIMO
vs,vs
CUP·,COPA·
home to,en casa ante
away at,a domicilio ante
"
Cross-league cup tie: they play in the %s — check their squad on the Transfers search.","
Eliminatoria de copa entre ligas: juegan en la %s; consulta su plantilla en la búsqueda de Traspasos."
"
Cup ties are best-of-3 and game 2 is 2v2 doubles — set your pair on Tactics.","
Las eliminatorias de copa son al mejor de 3 y el 2.º combate es de dobles 2c2; configura tu pareja en Táctica."
WAGES /WK,SALARIOS /SEM
Weekly wage bill against the wage budget.,Masa salarial semanal frente al presupuesto salarial.
T. BUDGET,PRESUP. TRASP.
%s of %s,%s de %s
View:,Vista:
Preset view (carrying your edits — Columns... to change or reset),Vista predefinida (con tus cambios; usa Columnas... para modificarla o restablecerla)
Preset view — an editable starting point (Columns...),Vista predefinida: un punto de partida editable (Columnas...)
Your custom view — saved in this career's save file,"Tu vista personalizada, guardada en la partida de esta carrera"
Columns...,Columnas...
"Customize this view: add, remove and reorder columns,
save it over '%s' or as a new view. Saved views live in the career save.","Personaliza esta vista: añade, quita y reordena columnas;
guárdala sobre «%s» o como vista nueva. Las vistas guardadas viven en la partida."
General,General
Selection,Alineación
Battle Stats,Estadísticas
Contracts,Contratos
Happiness,Felicidad
Picked,Elegido
Role,Rol
Avail,Disp.
Name,Nombre
Species,Especie
Type,Tipo
Held Item,Objeto
Ability,Habilidad
Nature,Naturaleza
Cur Ability,Nivel actual
Potential,Potencial
Coach Call,Veredicto
Attributes,Atributos
Apps,Part.
Av Rat,Media
Cond,Estado
Personality,Personalidad
Status,Situación
Main Concern,Inquietud
Wage %,% masa
Expires,Vence
Days,Días
Wants,Pide
Value,Valor
/wk,/sem
~%s/wk,~%s/sem
%dy %dm,%da %dm
%s (neutral),%s (neutra)
Evolve? -> %s,¿Evolucionar? -> %s
Stone ready,Piedra lista
%d bid%s,%d oferta%s
Listed,Transferible
Talks off,Sin diálogo
Kept · %s,Cumplida · %s
BROKEN · %s,ROTA · %s
Battles,Combates
New deal,Renovación
Unlist,Retirar de la lista
Promise,Promesa
%s  ·  Lv %d %s,%s  ·  Nv. %d %s
PICKED,ELEGIDO
Starter %d,Titular %d
Sub ,Supl. 
HELD ITEM,OBJETO
AVAILABILITY,DISPONIBILIDAD
ABILITY,NIVEL
POTENTIAL,POTENCIAL
COACH CALL,VEREDICTO
HAPPINESS,FELICIDAD
TOP CONCERN,INQUIETUD
COND / FIT,ESTADO / FORMA
SEASON,TEMPORADA
TRANSFER,TRASPASO
%d apps · %d KOs · av %s,%d part. · %d KO · media %s
Listed at %s,Transferible por %s
Respond To %d Bid%s,Responder a %d oferta%s
Contract...,Contrato...
Open contract renewal talks,Abrir negociación de renovación
Talks broke down recently — locked until %s,La negociación fracasó hace poco; bloqueada hasta el %s
Transfer List,Poner transferible
Transfer list,Lista de traspasos
Actions...,Acciones...
Profile,Perfil
Open the full profile (or double-click the row),Abrir el perfil completo (o doble clic en la fila)
"Select a Pokemon for a quick summary, double-click to open its full profile.",Selecciona un Pokémon para un resumen rápido; doble clic abre su perfil completo.
%s conf.,conf. %s
"%s
Manage from the Items screen.","%s
Gestiónalo desde la pantalla de Objetos."
No held item — equip one from the Items screen.,Sin objeto equipado; equipa uno desde la pantalla de Objetos.
No held item — equip one from the Items screen storeroom.,Sin objeto equipado; equipa uno desde el almacén de la pantalla de Objetos.
Ready to evolve into %s — approve or postpone from the profile or the inbox decision message.,Listo para evolucionar a %s; apruébalo o pospónlo desde el perfil o el mensaje de decisión de la bandeja.
An evolution stone in the storeroom would evolve it into %s — apply it from the profile or the Items screen.,Una piedra evolutiva del almacén lo haría evolucionar a %s; aplícala desde el perfil o la pantalla de Objetos.
%d active transfer bid%s awaiting your response (respond from the footer or right-click).,%d oferta%s de traspaso en activo esperan tu respuesta (responde desde el pie o con clic derecho).
Transfer listed at %s.,Transferible por %s.
Contract talks broke down — locked until %s.,La negociación del contrato fracasó; bloqueada hasta el %s.
"No live transfer/contract state: no bids, not listed, talks open.","Sin novedades de traspaso o contrato: sin ofertas, no transferible y diálogo abierto."
No promise outstanding. Make one from the right-click menu — promises are tracked with deadlines and real consequences.,Ninguna promesa pendiente. Haz una desde el menú contextual; las promesas tienen plazos y consecuencias reales.
"Your word, given %s: %s Deadline %s — break it and morale, trust and future contract talks all pay.","Tu palabra, dada el %s: %s Plazo: %s. Si la rompes, lo pagarán la moral, la confianza y las futuras negociaciones."
Promise kept on %s: %s Trust has deepened.,Promesa cumplida el %s: %s La confianza se ha reforzado.
Promise BROKEN on %s: %s The distrust lingers for weeks and poisons contract talks.,Promesa ROTA el %s: %s La desconfianza dura semanas y envenena las negociaciones.
Morale %s (%d) — day-to-day mood.,Moral %s (%d): el ánimo del día a día.
No recorded morale events yet.,Aún no hay eventos de moral registrados.
Recent morale events:,Eventos de moral recientes:
"Drifting %s toward their underlying happiness (%s, %d).","Tiende %s hacia su felicidad de fondo (%s, %d)."
up,al alza
down,a la baja
See the Happiness view / profile for the full breakdown.,Consulta la vista Felicidad o el perfil para el desglose completo.
Exhausted — condition %d%%. Battling now invites a poor rating; rest before picking.,Exhausto: estado al %d %%. Combatir ahora invita a una mala nota; dale descanso antes de alinearlo.
"Tired — condition %d%%, below matchday freshness.","Cansado: estado al %d %%, por debajo de la frescura de jornada."
Unfit — fitness %d%%. Needs training time before competitive battles.,Bajo de forma: %d %%. Necesita entrenar antes de combates de competición.
Short of match fitness (%d%%).,Falto de ritmo de competición (%d %%).
Carrying a %s ailment into the next match.,Llega al próximo partido con %s.
burn,quemaduras
para,parálisis
sleep,somnolencia
poison,envenenamiento
freeze,congelación
confuse,confusión
Transfer listed at %s — expects to leave the club.,Transferible por %s: espera salir del club.
Unhappy — morale %s (%d). Performances suffer until it lifts.,Descontento: moral %s (%d). Su rendimiento sufrirá hasta que mejore.
Fully available for selection.,Totalmente disponible para la alineación.
Lead,Inicial
Sweeper,Barredor
Wall,Muro
Pivot,Pívot
Revenge Killer,Vengador
Cleric,Sanador
the saved tactic '%s',la táctica guardada «%s»
the auto-picked six (no tactic saved yet: best available by level and condition),el seis elegido automáticamente (sin táctica guardada: los mejores disponibles por nivel y estado)
Starts Saturday: slot %d of %s%s.%s,Titular el sábado: puesto %d de %s%s.%s
 as the %s, como %s
"
Slot 1 opens the battle; the order sets who the engine leans on.","
El puesto 1 abre el combate; el orden marca en quién se apoya el motor."
Not in the picked six — bench slot %d of %s%s. Bench order is the substitution order when a starter is unavailable.,Fuera del seis titular: puesto %d del banquillo de %s%s. El orden del banquillo es el de las sustituciones cuando un titular no está disponible.
", trained as a %s",", entrenado como %s"
Superb,Espléndida
Okay,Aceptable
Abysmal,Por los suelos
Good,Buena
Poor,Mala
Fair,Regular
Elite for this league,Élite para esta liga
Leading battler,Combatiente puntero
Excellent,Excelente
Good league level,Buen nivel de liga
Decent,Decente
Weak,Flojo
Far below league level,Muy por debajo del nivel de la liga
High,Alta
Very high,Muy alta
Low,Baja
Very low,Muy baja
no qualified coach,sin entrenador cualificado
no qualified scout,sin ojeador cualificado
Key battler,Pieza clave
First team,Titular
Develop,Desarrollar
Squad depth,Fondo de armario
Aging,En declive
Surplus,Prescindible
Top %d%% of the league's %d battlers right now — build the side around them.,Ahora mismo en el %d %% mejor de los %d combatientes de la liga: construye el equipo a su alrededor.
Clear headroom (%s -> %s potential): young enough to realise ~%d%% of the remaining IV ceiling. Give battles and focused training.,Margen claro (%s -> %s de potencial): aún joven para alcanzar ~%d %% del techo de IV restante. Dale combates y entrenamiento específico.
Comfortably first-team level (top %d%% of the league). A regular starter.,Nivel de titular con holgura (top %d %% de la liga). Un fijo en el equipo.
Veteran at %s with almost no development left — plan a succession and consider cashing in.,Veterano con %s y casi sin desarrollo restante: planifica el relevo y plantéate venderlo.
"Useful rotation piece, but not first-team quality and limited headroom.","Útil para la rotación, pero sin nivel de titular y con poco margen."
Below league level (bottom %d%%) with little realistic improvement — a candidate to sell or release.,Por debajo del nivel de la liga (último %d %%) y sin mejora realista: candidato a venta o carta de libertad.
"Current ability %s stars — %s.
Coach report by %s (judging ability %d/20); top %d%% of the league's %d battlers.","Nivel actual: %s estrellas — %s.
Informe del entrenador %s (valorar nivel %d/20); top %d %% de los %d combatientes de la liga."
"Potential %s stars (%s confidence — %s, judging potential %d/20).
Ceiling from trainable IVs (%d%% -> ~%d%%) and the full learnset.","Potencial: %s estrellas (confianza %s — %s, valorar potencial %d/20).
Techo según IV entrenables (%d %% -> ~%d %%) y el repertorio completo."
Developing,En desarrollo
Peak years,En plenitud
Experienced,Experimentado
Veteran,Veterano
Fast,Rápido
Medium-Fast,Medio-rápido
Medium-Slow,Medio-lento
Slow,Lento
%s nature — neutral: no stat is boosted or hindered.,Naturaleza %s — neutra: no potencia ni reduce ninguna estadística.
"%s nature — battle stats are modified at battle start:
+10%% %s (%d -> %d)   −10%% %s (%d -> %d)
All stats shown on this screen already include the nature.","Naturaleza %s — las estadísticas se ajustan al iniciar el combate:
+10 %% %s (%d -> %d)   −10 %% %s (%d -> %d)
Todas las estadísticas de esta pantalla ya incluyen la naturaleza."
No battle ability.,Sin habilidad de combate.
"
Takes ZERO damage from %s moves — the type chart alone understates this battler.","
Recibe CERO daño de movimientos de tipo %s; la tabla de tipos por sí sola se queda corta."
Ambition,Ambición
Professionalism,Profesionalidad
Temperament,Temperamento
Loyalty,Lealtad
"%s — %s
Coach's read: %s.","%s — %s
Lectura del entrenador: %s."
%s (rated %d of %d in the squad). %s,%s (n.º %d de %d en la plantilla). %s
"%s (%d/100) — %s, %s.","%s (%d/100) — %s, %s."
Nothing on their mind — no active happiness factors.,Nada le ronda la cabeza: sin factores de felicidad activos.
No active concerns.,Sin inquietudes activas.
Model Professional,Profesional modélico
Trains impeccably and keeps perspective — form dips and hard words rarely become crises.,Entrena de forma impecable y mantiene la perspectiva: los baches y las críticas rara vez se convierten en crisis.
Driven,Motivado
"Hungry for battles and status. Delivers when trusted, agitates quickly when overlooked.",Hambriento de combates y de estatus. Rinde cuando confían en él y protesta pronto si lo ignoran.
Fiery,Fogoso
"Explosive character: criticism, benching and broken promises all land twice as hard.","Carácter explosivo: las críticas, las suplencias y las promesas rotas duelen el doble."
Loyal,Leal
"Attached to the club — flexible in contract talks, but deeply wounded by a transfer listing.","Apegado al club: flexible al negociar, pero una lista de traspasos le hiere profundamente."
Ambitious,Ambicioso
"Expects the club, the team sheet and the wage slip to keep pace with their ability.","Espera que el club, la alineación y la nómina estén a la altura de su nivel."
Casual,Despreocupado
Needs firm management: standards drift without scrutiny and criticism is shrugged off.,Necesita mano firme: sin vigilancia baja el listón y las críticas le resbalan.
Temperamental,Temperamental
Morale swings hard with results and manager talks — handle with care.,Su moral oscila con fuerza según los resultados y las charlas del entrenador: trátalo con cuidado.
Easy-Going,Tranquilo
Content in almost any role. Rarely agitates — and rarely pushes for more.,Contento en casi cualquier rol. Rara vez protesta... y rara vez aprieta para dar más.
Professional,Profesional
Reliable attitude on the training ground; takes fair criticism on the chin.,Actitud fiable en los entrenamientos; encaja las críticas justas con deportividad.
Balanced,Equilibrado
No strong edges to the character — reacts to events much as you would expect.,Un carácter sin aristas: reacciona a los acontecimientos como cabría esperar.
Star Battler,Estrella
Expects to start every match and lead the side.,Espera ser titular en cada partido y liderar al equipo.
Important Battler,Pieza importante
Expects to start most matches.,Espera ser titular en la mayoría de los partidos.
Youth Prospect,Promesa
"Expects battles to develop, plus focused training.",Espera combates para desarrollarse y entrenamiento específico.
Squad Battler,Jugador de plantilla
Expects a fair share of matchdays.,Espera una cuota razonable de jornadas.
Backup,Suplente
Accepts a bench role; content with occasional battles.,Acepta un rol de banquillo; se conforma con combates ocasionales.
Delighted,Encantado
Content,Contento
Settled,Asentado
Unsettled,Inquieto
Unhappy,Descontento
Very Unhappy,Muy descontento
Happy with playing time,Satisfecho con sus minutos
%d battles across %d matchdays meets a %s's expectations.,%d combates en %d jornadas cumplen las expectativas de un %s.
Wants more battles,Quiere más combates
Unhappy at being overlooked,Molesto por ser ignorado
Wants the starts to keep coming,Quiere seguir siendo titular
Only %d battles in %d matchdays — below what a %s expects — but being named in the current starting six is easing it.,"Solo %d combates en %d jornadas, menos de lo que espera un %s, aunque estar en el seis titular actual lo suaviza."
%d battles in %d matchdays is below what a %s expects (%s). Not in the current picked six.,%d combates en %d jornadas es menos de lo que espera un %s (%s). No está en el seis titular actual.
Named in the starting six,En el seis titular
The season is young and they are in the picked six — no complaints.,La temporada acaba de empezar y está en el seis elegido: sin quejas.
In excellent form,En un estado de forma excelente
Averaging %.2f over %d battles — confidence is soaring.,Promedia %.2f en %d combates: la confianza está por las nubes.
Struggling for form,Falto de forma
Averaging just %.2f over %d battles — confidence is low.,Promedia apenas %.2f en %d combates: la confianza está baja.
Feels underpaid,Se siente mal pagado
Rated the squad's %s-strongest battler but only its %s-highest earner — wants the deal to reflect their standing.,Considerado el %s mejor combatiente de la plantilla pero solo el %s mejor pagado: quiere que el contrato refleje su estatus.
Contract running down,Contrato agotándose
Deal expires in %d days and nothing new is agreed — a %s wants their future settled.,Su contrato vence en %d días sin acuerdo nuevo: un %s quiere su futuro resuelto.
Would welcome a new deal,Vería con buenos ojos renovar
%d days left on the current contract; open to talks.,Quedan %d días de contrato; abierto a negociar.
Transfer-listed — feels unwanted,Transferible: se siente no deseado
On the list at %s. Loyalty makes it sting%s.,En la lista por %s. Su lealtad hace que duela%s.
 badly, mucho
Bruised by collapsed talks,Dolido por la negociación fallida
Contract negotiations broke down; will not return to the table before %s.,La negociación del contrato fracasó; no volverá a la mesa antes del %s.
Trusting the manager's promise,Confía en la promesa del entrenador
%s Deadline %s.,%s Plazo: %s.
Manager kept their word,El entrenador cumplió su palabra
Promise honoured on %s: %s,Promesa cumplida el %s: %s
Trust broken by the manager,Confianza rota por el entrenador
Promise broken on %s: %s The distrust lingers.,Promesa rota el %s: %s La desconfianza persiste.
Awaiting a promised run of battles,Espera la racha de combates prometida
The coach brokered a pledge of %d battles by %s (see Inbox).,El entrenador pactó un compromiso de %d combates antes del %s (ver Bandeja).
Enjoying a strong season,Disfruta de una gran temporada
The club sits %s in the league — the mood around the pens is good.,El club marcha %s en la liga: el ambiente en las instalaciones es bueno.
Frustrated by the league position,Frustrado por la posición en la liga
%s in the table against a squad reputation of %s — an ambitious character notices.,%s en la tabla frente a una reputación de plantilla de %s: un carácter ambicioso lo nota.
Riding the winning run,Subido a la racha de victorias
Three straight wins — spirits are high.,Tres victorias seguidas: los ánimos están altos.
Weighed down by defeats,Lastrado por las derrotas
Three straight losses — the mood has darkened.,Tres derrotas seguidas: el ánimo se ha ensombrecido.
Run into the ground,Sobrecargado
Condition is down to %d%% — needs rest before resentment builds.,Su estado ha caído al %d %%: necesita descanso antes de que crezca el resentimiento.
Settled senior figure,Veterano asentado
"A loyal veteran, comfortable in their role at the club.","Un veterano leal, cómodo con su rol en el club."
Buoyed by the manager's praise,Animado por los elogios del entrenador
Praised on %s (morale %+d).,Elogiado el %s (moral %+d).
Smarting from criticism,Escocido por la crítica
Criticised on %s (morale %+d).,Criticado el %s (moral %+d).
EXH,AGO
TRD,CAN
UNF,BAJ
FIT,RIT
LST,TRF
UNH,DES
Lv,Nv.
NOR,NOR
FIR,FUE
WAT,AGU
GRA,PLA
ELE,ELE
ICE,HIE
FIG,LUC
POI,VEN
GRO,TIE
FLY,VOL
PSY,PSI
BUG,BIC
ROC,ROC
GHO,FAN
DRA,DRA
DAR,SIN
STE,ACE
FAI,HAD
Intimidate,Intimidación
Levitate,Levitación
Static,Elec. Estática
Flash Fire,Absorbe Fuego
Sturdy,Robustez
Speed Boost,Impulso
Drizzle,Llovizna
Drought,Sequía
Sand Stream,Chorro Arena
Chlorophyll,Clorofila
Swift Swim,Nado Rápido
Guts,Agallas
Thick Fat,Sebo
Volt Absorb,Absorbe Elec.
Water Absorb,Absorbe Agua
Poison Point,Punto Tóxico
Flame Body,Cuerpo Llama
Effect Spore,Efecto Espora
Rough Skin,Piel Tosca
Overgrow,Espesura
Blaze,Mar Llamas
Torrent,Torrente
Swarm,Enjambre
Hustle,Entusiasmo
Huge Power,Potencia
Natural Cure,Cura Natural
Serene Grace,Dicha
Shed Skin,Mudar
Immunity,Inmunidad
Limber,Flexibilidad
Insomnia,Insomnio
Vital Spirit,Espíritu Vital
Water Veil,Velo Agua
Magma Armor,Escudo Magma
Own Tempo,Ritmo Propio
Inner Focus,Foco Interno
Keen Eye,Vista Lince
Hyper Cutter,Corte Fuerte
Clear Body,Cuerpo Puro
Shield Dust,Polvo Escudo
Rock Head,Cabeza Roca
Synchronize,Sincronía
Pressure,Presión
Early Bird,Madrugar
Sand Veil,Velo Arena
Rain Dish,Cura Lluvia
Cute Charm,Gran Encanto
Compound Eyes,Ojo Compuesto
Lowers the foe's Attack one stage on switch-in.,Baja un nivel el Ataque del rival al entrar en combate.
Immune to Ground-type moves.,Inmune a los movimientos de tipo Tierra.
30% to paralyze attackers on contact.,30 % de paralizar a los atacantes al contacto.
Immune to Fire moves; powers up its own Fire moves when hit by one.,Inmune a movimientos de Fuego; potencia sus propios movimientos de Fuego al recibir uno.
Survives a one-hit KO from full HP with 1 HP.,Con los PS al máximo sobrevive con 1 PS a un golpe que lo debilitaría.
Speed rises one stage at the end of each turn.,Su Velocidad sube un nivel al final de cada turno.
Summons rain on switch-in.,Invoca lluvia al entrar en combate.
Summons harsh sunlight on switch-in.,Invoca un sol abrasador al entrar en combate.
Whips up a sandstorm on switch-in.,Levanta una tormenta de arena al entrar en combate.
Doubles Speed in harsh sunlight.,Duplica la Velocidad con sol abrasador.
Doubles Speed in rain.,Duplica la Velocidad bajo la lluvia.
Attack x1.5 while statused.,"Ataque x1,5 mientras sufre un problema de estado."
Halves damage from Fire and Ice moves.,Reduce a la mitad el daño de movimientos de Fuego y Hielo.
Heals 25% when hit by Electric moves.,Recupera un 25 % al recibir movimientos Eléctricos.
Heals 25% when hit by Water moves.,Recupera un 25 % al recibir movimientos de Agua.
30% to poison attackers on contact.,30 % de envenenar a los atacantes al contacto.
30% to burn attackers on contact.,30 % de quemar a los atacantes al contacto.
30% to sleep/poison/paralyze attackers on contact.,"30 % de dormir, envenenar o paralizar a los atacantes al contacto."
Attackers lose 1/8 max HP on contact.,Los atacantes pierden 1/8 de sus PS máximos al contacto.
Grass moves x1.5 below 1/3 HP.,"Movimientos de Planta x1,5 por debajo de 1/3 de PS."
Fire moves x1.5 below 1/3 HP.,"Movimientos de Fuego x1,5 por debajo de 1/3 de PS."
Water moves x1.5 below 1/3 HP.,"Movimientos de Agua x1,5 por debajo de 1/3 de PS."
Bug moves x1.5 below 1/3 HP.,"Movimientos de Bicho x1,5 por debajo de 1/3 de PS."
Attack x1.5 but physical accuracy x0.8.,"Ataque x1,5, pero precisión física x0,8."
Doubles Attack.,Duplica el Ataque.
Status conditions heal on switch-out.,Sus problemas de estado se curan al retirarse.
Doubles move secondary-effect chances.,Duplica la probabilidad de los efectos secundarios.
33% each turn to shrug off a status condition.,33 % por turno de librarse de un problema de estado.
Cannot be poisoned.,No puede ser envenenado.
Cannot be paralyzed.,No puede ser paralizado.
Cannot fall asleep.,No puede quedarse dormido.
Cannot be burned.,No puede ser quemado.
Cannot be frozen.,No puede ser congelado.
Cannot be confused.,No puede ser confundido.
Cannot flinch.,No puede amedrentarse.
Accuracy cannot be lowered.,Su Precisión no puede bajar.
Attack cannot be lowered.,Su Ataque no puede bajar.
Stats cannot be lowered by opponents.,Los rivales no pueden bajarle las estadísticas.
Blocks incoming moves' secondary effects.,Bloquea los efectos secundarios de los movimientos que recibe.
Takes no recoil damage.,No sufre daño de retroceso.
Passes burns/poison/paralysis back to the inflicter.,"Devuelve quemaduras, veneno y parálisis a quien se los causa."
Foes spend 2 PP per move.,Los rivales gastan 2 PP por movimiento.
Wakes from sleep twice as fast.,Se despierta el doble de rápido.
Evasion up in a sandstorm.,Más Evasión en tormenta de arena.
Heals 1/16 max HP each turn in rain.,Recupera 1/16 de sus PS máximos por turno bajo la lluvia.
30% to infatuate/confuse attackers on contact.,30 % de enamorar o confundir a los atacantes al contacto.
Accuracy x1.3.,"Precisión x1,3."
Hardy,Fuerte
Lonely,Huraña
Brave,Audaz
Adamant,Firme
Naughty,Pícara
Bold,Osada
Docile,Dócil
Relaxed,Plácida
Impish,Agitada
Lax,Floja
Timid,Miedosa
Hasty,Activa
Serious,Seria
Jolly,Alegre
Naive,Ingenua
Modest,Modesta
Mild,Afable
Quiet,Mansa
Bashful,Tímida
Rash,Alocada
Calm,Serena
Gentle,Amable
Sassy,Grosera
Careful,Cauta
Quirky,Rara
Leftovers,Restos
Choice Band,Cinta Elegida
Choice Specs,Gafas Elegidas
Choice Scarf,Pañuelo Elegido
Focus Sash,Banda Focus
Life Orb,Vidasfera
Quick Claw,Garra Rápida
Rocky Helmet,Casco Dentado
Assault Vest,Chaleco Asalto
Eviolite,Mineral Evolutivo
Shell Bell,Campana Concha
King's Rock,Roca del Rey
Bright Powder,Polvo Brillo
Scope Lens,Periscopio
Silk Scarf,Pañuelo Seda
Charcoal,Carbón
Mystic Water,Agua Mística
Miracle Seed,Semilla Milagro
Magnet,Imán
Never-Melt Ice,Antiderretir
Black Belt,Cinturón Negro
Poison Barb,Flecha Venenosa
Soft Sand,Arena Fina
Sharp Beak,Pico Afilado
Twisted Spoon,Cuchara Torcida
Silver Powder,Polvo Plata
Hard Stone,Piedra Dura
Spell Tag,Hechizo
Dragon Fang,Colmillo Dragón
Lum Berry,Baya Ziuela
Sitrus Berry,Baya Zidra
Chesto Berry,Baya Atania
Cheri Berry,Baya Zreza
Rawst Berry,Baya Safre
Pecha Berry,Baya Meloc
Aspear Berry,Baya Perasi
Persim Berry,Baya Caquic
Potion,Poción
Super Potion,Superpoción
Hyper Potion,Hiperpoción
Max Potion,Máx. Poción
Full Restore,Restau. Total
Antidote,Antídoto
Awakening,Despertar
Burn Heal,Antiquemar
Ice Heal,Antihielo
Paralyze Heal,Antiparalizador
Full Heal,Cura Total
Revive,Revivir
Max Revive,Máx. Revivir
X Attack,Ataque X
X Defense,Defensa X
X Sp. Atk,At. Esp. X
X Sp. Def,Def. Esp. X
X Speed,Velocidad X
Dire Hit,Crítico X
Guard Spec.,Protec. Esp.
Fire Stone,Piedra Fuego
Water Stone,Piedra Agua
Thunder Stone,Piedra Trueno
Leaf Stone,Piedra Hoja
Moon Stone,Piedra Lunar
Sun Stone,Piedra Solar
Metal Coat,Rev. Metálico
Dragon Scale,Escama Dragón
Up-Grade,Mejora
League Table,Clasificación
Season Stats,Estadísticas
Overview,Resumen
History,Historia
YOUR POSITION,TU POSICIÓN
NEXT MATCHDAY,PRÓX. JORNADA
LEADER,LÍDER
TITLE GAP 1st-2nd,DIF. 1.º-2.º
ROUND,RONDA
YOUR STATUS,TU SITUACIÓN
HOLDERS / WINNERS,CAMPEÓN
COMPETITION,COMPETICIÓN
TBD,Por decidir
with the %s and the %s · %s,con la %s y la %s · %s
with the %s · %s,con la %s · %s
%d pts,%d ptos.
%s · %d pts,%s · %d ptos.
CS draw pending,Sorteo de la SC pendiente
Season over,Temporada terminada
CS %s %s,"SC: %s, %s"
Season %d: %s,Temporada %d: %s
Off-season,Descanso de temporada
cross-league knockout · clubs from the %s · Season %d,eliminatoria entre ligas · clubes de la %s · Temporada %d
 and , y la 
Draw pending,Sorteo pendiente
Champions,Campeones
Out (%s),Eliminado (%s)
In the draw,En el sorteo
Final played,Final disputada
Next draw pending,Próximo sorteo pendiente
Knockout competition — no league table,Competición eliminatoria: no hay clasificación
Browse the %s,Explorar la %s
‹ Back,‹ Atrás
Back to %s,Volver a %s
Club & Pokémon profile · all names are links,Perfil de club y de Pokémon · todos los nombres son enlaces
Go to club profile,Ir al perfil del club
Go to Pokémon profile,Ir al perfil del Pokémon
Go to match report,Ir a la crónica del partido
TABLE,TABLA
Pos,Pos
Pld,PJ
Won,G
Lost,P
BF,CF
BA,CC
Pts,Ptos
Form,Racha
Form (last 5),Racha (últ. 5)
Position Graph,Gráfico de posiciones
Full league standings,Clasificación completa de la liga
Standings counting each club's home matches only,Clasificación contando solo los partidos en casa de cada club
Standings counting each club's away matches only,Clasificación contando solo los partidos a domicilio de cada club
Standings over each club's last 5 played matches,Clasificación con los últimos 5 partidos disputados de cada club
Every club's league position after each matchday,La posición de cada club tras cada jornada
click a column header to sort · click again to reverse,clic en una cabecera para ordenar · clic de nuevo para invertir
hover a line to pick out a club · zones shaded behind,pasa el ratón por una línea para destacar un club · zonas sombreadas al fondo
League Champions (1st),Campeón de liga (1.º)
1st place wins the league title and tops the Championship Series seeding,El 1.º gana el título de liga y encabeza el cuadro de la Serie del Campeonato
Championship Series (1-4),Serie del Campeonato (1-4)
"Positions 1-4 of BOTH leagues enter the cross-league Championship Series
playoff after matchday 30 — its Final crowns the Indigo Champion","Los puestos 1-4 de AMBAS ligas entran en la Serie del Campeonato
tras la jornada 30; su Final corona al Campeón Añil"
Danger Zone (14-16),Zona de peligro (14-16)
"Finish 14th-16th and the board reacts at season's end:
reputation -1, transfer budget cut 25%, sponsors pull back —
and your star Pokémon may demand a move","Termina 14.º-16.º y la directiva reaccionará al final de la temporada:
reputación -1, presupuesto de fichajes recortado un 25 %, patrocinadores en retirada...
y tu Pokémon estrella podría pedir salir"
Your club,Tu club
 · home matches only, · solo partidos en casa
 · away matches only, · solo partidos a domicilio
 · last 5 matches per club, · últimos 5 partidos por club
%s · season starts %s · %d clubs,%s · la temporada empieza el %s · %d clubes
%s · after Matchday %d of %d%s · click a club for its profile,%s · tras la jornada %d de %d%s · clic en un club para ver su perfil
%s · the position graph appears after Matchday 1 completes,%s · el gráfico de posiciones aparece al completarse la jornada 1
%s · league position after each of %d completed matchday%s · your club in accent,%s · posición tras cada una de las %d jornada%s completadas · tu club destacado
Season %s · %d leagues of 16 · double round-robin · %s,Temporada %s · %d ligas de 16 · doble vuelta · %s
Current matchday,Jornada actual
League matches played,Partidos de liga disputados
Battles fought (all regions),Combates librados (todas las regiones)
First matchday,Primera jornada
Final matchday,Última jornada
Next Matchday,Próxima jornada
"Season complete — awards done, the next season
starts after the off-season break (see your Inbox).","Temporada completada: premios entregados; la siguiente
empieza tras el descanso (mira tu Bandeja)."
Cup %s,Copa: %s
In,Dentro de
%d day%s,%d día%s
Fixtures that day,Partidos ese día
You have no remaining fixtures.,No te quedan partidos.
YOUR NEXT MATCH,TU PRÓXIMO PARTIDO
%s — view club profile,%s: ver perfil del club
Go to fixture preview,Ir a la previa del partido
Their form,Su racha
%s · Title Race,%s · Lucha por el título
Your position,Tu posición
Gap to top,Distancia al líder
%d pt%s,%d punto%s
Lead at the top,Ventaja del líder
Open the %s table ›,Abrir la tabla de la %s ›
%s · Cross-League Knockout,%s · Eliminatoria entre ligas
Draw not yet made.,Sorteo aún no realizado.
Clubs in the draw,Clubes en el sorteo
%d · both leagues,%d · ambas ligas
Current round,Ronda actual
%s (%d of %d),%s (%d de %d)
Round date,Fecha de la ronda
CHAMPIONS!,¡CAMPEONES!
Eliminated in %s by %s,Eliminado en %s por %s
Still in the cup,Sigue vivo en la copa
Your tie,Tu eliminatoria
%s [%s] (H) · %s,%s [%s] (L) · %s
%s [%s] (A) · %s,%s [%s] (V) · %s
Clubs remaining,Clubes en liza
Open the bracket ›,Abrir el cuadro ›
Go to the cup bracket,Ir al cuadro de la copa
Your Recent Results,Tus últimos resultados
No matches played yet.,Aún no se han disputado partidos.
First up:,Debut:
on %s.,el %s.
%s (H),%s (L)
%s (A),%s (V)
%d-%d vs %s (H),%d-%d vs %s (L)
%d-%d vs %s (A),%d-%d vs %s (V)
Match Detail,Detalle del partido
All Competitions,Todas las competiciones
My Fixtures,Mis partidos
Go To Current Date,Ir a la fecha actual
No fixtures match the current filter.,Ningún partido coincide con el filtro actual.
"Select a fixture to see the match report,
or an upcoming tie for a preview.","Selecciona un partido para ver la crónica
o un duelo próximo para ver la previa."
Match data unavailable.,Datos del partido no disponibles.
"Full match report unavailable — this result was recorded before
detailed match reports were kept. The score above is official.","Crónica completa no disponible: este resultado se registró antes
de guardar crónicas detalladas. El marcador de arriba es oficial."
BEST-OF-3 BATTLES,AL MEJOR DE 3 COMBATES
Battle %d,Combate %d
PERFORMERS  ·  KOs / damage / match rating,DESTACADOS  ·  KO / daño / nota del partido
Player of the Match:,Jugador del partido:
Kick-off,Inicio
%s · in %d day%s,%s · en %d día%s
League position,Posición en liga
%s form,Racha de %s
no matches yet,aún sin partidos
MEETINGS THIS SEASON,ENFRENTAMIENTOS ESTA TEMPORADA
Go to this match report,Ir a la crónica de este partido
Bracket,Cuadro
Road to the Final,Camino a la Final
The full cross-league knockout tree,El cuadro completo de la eliminatoria entre ligas
"Your cup run, round by round, plus every round's results","Tu andadura copera, ronda a ronda, con los resultados de cada ronda"
Cup draw not yet made,Sorteo de copa aún no realizado
CHAMPION,CAMPEÓN
%s are the %s champions,%s es campeón de la %s
completed - next draw pending,completada · próximo sorteo pendiente
ties on %s,duelos el %s
Winners of %s,Ganadores de la %s
To be decided,Por decidir
The first-round draw has not been made yet.,El sorteo de la primera ronda aún no se ha realizado.
%s · Road to the Final,%s · Camino a la Final
CUP WINNERS — the %s is yours!,¡CAMPEONES DE COPA! ¡La %s es tuya!
Champions:,Campeón:
Out in the %s — the road ends here this season.,Eliminado en la %s: el camino acaba aquí esta temporada.
Still alive — at most %d win%s from the trophy.,Sigue vivo: a lo sumo %d victoria%s del trofeo.
not in this round,no está en esta ronda
awaiting the draw,a la espera del sorteo
top four of each league · seeded knockout · winner is %s,los cuatro primeros de cada liga · eliminatoria con cabezas de serie · el ganador es %s
qualification race · after matchday %d of %d,carrera por la clasificación · tras la jornada %d de %d
Qualification line — top four go through,Línea de clasificación: pasan los cuatro primeros
HOW IT WORKS,CÓMO FUNCIONA
"After matchday 30, positions 1-4 of the Kanto and Johto","Tras la jornada 30, los puestos 1-4 de los campeonatos"
championships enter a seeded cross-league knockout:,de Kanto y Johto entran en una eliminatoria entre ligas:
  Quarter-finals   %s,  Cuartos de final   %s
  Semi-finals      %s,  Semifinales        %s
  Final            %s,  Final              %s
Seeding keeps the two league champions apart: each plays,El sorteo separa a los dos campeones de liga: cada uno juega
"the other league's 4th, so they can only meet in the Final.","contra el 4.º de la otra liga, así que solo pueden verse en la Final."
Every tie is decided like a matchday: best of three battles.,Cada duelo se decide como una jornada: al mejor de tres combates.
The Final's winner is crowned %s — the,El ganador de la Final es coronado %s:
"season's true champion, recorded forever in History.","el verdadero campeón de la temporada, grabado para siempre en la Historia."
No %s has been crowned yet — this season's Final will be the first.,Aún no se ha coronado ningún %s: la Final de esta temporada será la primera.
Reigning %s:,%s vigente:
View club profile,Ver perfil del club
(Season %d — full honours in the History tab),(Temporada %d — palmarés completo en la pestaña Historia)
"Seeding: each league champion opens against the other league's 4th place; ties are best-of-3 battles, no replays. The Final crowns the %s.","Cabezas de serie: cada campeón de liga abre contra el 4.º de la otra liga; los duelos son al mejor de 3 combates, sin repeticiones. La Final corona al %s."
%s are the %s,%s es el %s
complete — next round pending,completada · próxima ronda pendiente
Winners of %s ties,Ganadores de los duelos de %s
To be decided in the Final.,Se decidirá en la Final.
Season %d %s,Temporada %d · %s
HONOURS & HISTORY,PALMARÉS E HISTORIA
"champions, awards and records — one entry per completed season","campeones, premios y récords: una entrada por temporada completada"
Season %d in progress · %d completed season%s on record,Temporada %d en curso · %d temporada%s completadas registradas
"No season has finished yet. History is written at the end-of-season ceremony:
league champions, the %s bracket, the %s winners, Pokémon of the Season and Best Developer
all land here permanently — and carry across seasons and saves.","Aún no ha terminado ninguna temporada. La historia se escribe en la ceremonia de fin de temporada:
los campeones de liga, el cuadro de la %s, los ganadores de la %s, el Pokémon de la Temporada y el Mejor Formador
quedan aquí para siempre, y se conservan entre temporadas y partidas."
%s ROLL OF HONOUR,PALMARÉS DEL %s
Nobody has been crowned yet.,Aún no se ha coronado a nadie.
def. %s in the Final,venció a %s en la Final
SEASON %d · %s to %s,TEMPORADA %d · del %s al %s
%s champions,Campeón de la %s
%s (%d pts),%s (%d ptos.)
%s winners,Ganador de la %s
Pokémon of the Season,Pokémon de la Temporada
Best Developer (young star),Mejor Formador (joven estrella)
Your season (%s),Tu temporada (%s)
%s in the %s · %d pts · %s: %s,%s en la %s · %d ptos. · %s: %s
%s run-in:  %s,Desenlace de la %s:  %s
%.2f avg rating · %d battles,nota media %.2f · %d combates
%s avg rating · %d battles,nota media %s · %d combates
SEASON STATS,ESTADÍSTICAS DE LA TEMPORADA
Players,Jugadores
Teams,Equipos
Data Hub,Centro de datos
Leaders,Líderes
REGION,REGIÓN
All Regions,Todas las regiones
"Scope every stat view to one league, or merge both regions",Limita todas las vistas a una liga o combina ambas regiones
VIEW,VISTA
Choose which stat columns are shown — or build your own view with Columns,"Elige qué columnas se muestran, o crea tu propia vista con Columnas"
All Clubs,Todos los clubes
Filter the table to one club's squad,Filtra la tabla a la plantilla de un club
COMP,COMP.
"Count league matches, cup matches, or both","Cuenta partidos de liga, de copa o ambos"
Find Pokémon…,Buscar Pokémon…
Find club…,Buscar club…
Battled only,Solo con combates
Hide Pokémon that have not battled yet this season,Oculta los Pokémon que aún no han combatido esta temporada
Percentiles,Percentiles
"Shade every stat cell by its league percentile:
green = upper half, red = lower half, no tint = mid-pack.
Lower-is-better stats (damage taken, faints) are inverted.","Colorea cada celda según su percentil en la liga:
verde = mitad superior, rojo = mitad inferior, sin tinte = zona media.
Las estadísticas donde menos es mejor (daño recibido, debilitados) se invierten."
"Shade every stat cell by its league percentile:
green = upper half, red = lower half, no tint = mid-pack.
Lower-is-better stats (battles lost, KOs conceded) are inverted.","Colorea cada celda según su percentil en la liga:
verde = mitad superior, rojo = mitad inferior, sin tinte = zona media.
Las estadísticas donde menos es mejor (combates perdidos, KO encajados) se invierten."
click a header to sort · names link to profiles · the Columns menu builds a custom view,clic en una cabecera para ordenar · los nombres enlazan a perfiles · el menú Columnas crea una vista propia
click a header to sort · club names link to profiles · KO± / Acc / SE from recorded match details,clic en una cabecera para ordenar · los clubes enlazan a perfiles · KO± / Prec. / SE según crónicas registradas
"Cell shading = league percentile for that stat
(computed across every Pokémon with an appearance)","Color de celda = percentil de esa estadística en la liga
(calculado entre todos los Pokémon con participación)"
percentile:,percentil:
low,bajo
high,alto
Columns,Columnas
Build a custom view: tick exactly the stat columns you want,Crea una vista propia: marca exactamente las columnas que quieras
Custom view,Vista personalizada
League + Cup,Liga + Copa
League only,Solo liga
Cup only,Solo copa
%d/%d shown · %d battled,%d/%d mostrados · %d con combates
%d/%d clubs · %d played,%d/%d clubes · %d con partidos
all regions,todas las regiones
%s · computed from %d simulated match%s (world-wide),%s · calculado a partir de %d partido%s simulados (todo el mundo)
No data yet,Aún sin datos
"Season statistics appear after the first matchday has been played.
Press Continue to advance to the opening fixtures.","Las estadísticas aparecen tras disputarse la primera jornada.
Pulsa Continuar para avanzar hasta los primeros partidos."
Battle appearances (best-of-3 legs played in),Participaciones (mangas del mejor-de-3 disputadas)
Battles won,Combates ganados
Win %,% Vict.
Battles won per appearance,Combates ganados por participación
KOs,KO
Opposing Pokémon knocked out,Pokémon rivales debilitados
KO/App,KO/Part.
Knockouts per appearance,KO por participación
Dmg,Daño
Total damage dealt,Daño total infligido
Dmg/App,Daño/Part.
Damage dealt per appearance,Daño infligido por participación
Tkn,Recib.
Total damage taken,Daño total recibido
Tkn/App,Rec./Part.
Damage taken per appearance,Daño recibido por participación
Fnt,Deb.
Times fainted,Veces debilitado
Surv %,% Superv.
Appearances survived without fainting,Participaciones sin ser debilitado
Hits,Golpes
Damaging moves landed,Movimientos de daño acertados
Acc %,% Prec.
Move accuracy: hits landed per attempt,Precisión: golpes acertados por intento
Crits,Crít.
Critical hits landed,Golpes críticos acertados
Crit %,% Crít.
Critical hits per hit landed,Críticos por golpe acertado
SE %,% SE
Super-effective hits landed,Golpes supereficaces acertados
Share of hits that were super-effective (type-matchup exploitation),Porcentaje de golpes supereficaces (explotación de tipos)
Dmg/Hit,Daño/Golpe
Average damage per hit landed,Daño medio por golpe acertado
Rat,Nota
Average match rating (FM 10-point scale),Nota media por partido (escala FM de 10 puntos)
Attacking,Ataque
Defence & Durability,Defensa y resistencia
Technique,Técnica
Per-Battle Rates,Ritmos por combate
All Columns,Todas las columnas
Nickname (species if unnamed),Mote (especie si no tiene)
Owning club,Club propietario
Type(s) with color pill.,Tipo(s) con distintivo de color.
League the owning club competes in,Liga en la que compite el club propietario
Lg,Lga
Matches played,Partidos disputados
Matches won,Partidos ganados
Matches lost,Partidos perdidos
Match win rate,Porcentaje de victorias
League points (cup matches award none),Puntos de liga (la copa no da puntos)
Battles (best-of-3 legs) won,Combates (mangas) ganados
Battles (best-of-3 legs) lost,Combates (mangas) perdidos
B-Win %,% Comb.
Battle (leg) win rate,Porcentaje de combates (mangas) ganados
Battle difference (won minus lost),Diferencia de combates (ganados menos perdidos)
Home match record (W-L),Balance en casa (G-P)
Battle win rate at home,Porcentaje de combates ganados en casa
Away match record (W-L),Balance a domicilio (G-P)
Battle win rate away,Porcentaje de combates ganados a domicilio
"Home advantage: home minus away battle-win %, in points","Ventaja de campo: % de combates en casa menos fuera, en puntos"
Opposing Pokémon knocked out (recorded match details),Pokémon rivales debilitados (según crónicas registradas)
Own Pokémon fainted,Pokémon propios debilitados
KO difference (scored minus conceded),Diferencia de KO (hechos menos encajados)
Dmg/B,Daño/C
Damage dealt per battle,Daño infligido por combate
Tkn/B,Rec./C
Damage taken per battle,Daño recibido por combate
Turns,Turnos
Average battle length in turns,Duración media del combate en turnos
Team move accuracy: hits landed per attempt,Precisión del equipo: golpes acertados por intento
Share of hits that were super-effective (matchup play),Porcentaje de golpes supereficaces (juego de emparejamientos)
Sq Rat,Nota Eq.
Average match rating across the squad (FM 10-point scale),Nota media de la plantilla por partido (escala FM de 10 puntos)
"Last five results, oldest first","Últimos cinco resultados, el más antiguo primero"
Strk,Racha
"Current run (W = winning, L = losing)","Racha actual (W = victorias, L = derrotas)"
Best,Mejor
Longest winning run this season,Mejor racha de victorias esta temporada
Worst,Peor
Longest losing run this season,Peor racha de derrotas esta temporada
Home / Away,Casa / Fuera
Battles & KOs,Combates y KO
Form & Streaks,Racha y series
NO DATA YET,AÚN SIN DATOS
Team statistics appear once the first matchday has been played,Las estadísticas de equipo aparecen tras jugarse la primera jornada
BEST ATTACK,MEJOR ATAQUE
%d KOs · %.1f per battle,%d KO · %.1f por combate
TIGHTEST DEFENCE,DEFENSA MÁS SÓLIDA
%d Pokémon lost in %d matches,%d Pokémon debilitados en %d partidos
FORTRESS,FORTALEZA
%d%% battle wins at home (%d-%d),%d %% de combates ganados en casa (%d-%d)
ROAD WARRIORS,REYES A DOMICILIO
%d%% battle wins away (%d-%d),%d %% de combates ganados fuera (%d-%d)
IN FORM,EN RACHA
won last %d in a row,ha ganado los últimos %d seguidos
IN CRISIS,EN CRISIS
lost last %d in a row,ha perdido los últimos %d seguidos
hover any mark for exact numbers · position graph: League Table › Position Graph,pasa el ratón por cualquier marca para ver cifras exactas · gráfico de posiciones: Clasificación › Gráfico
damage dealt per battle »,daño infligido por combate »
damage taken per battle »,daño recibido por combate »
"leaky, low output",frágil y poco daño
all-out brawlers,puro ataque
"cagey, low output",cerrojo sin pegada
complete sides,equipos completos
Attack vs Defence · every club,Ataque vs Defensa · todos los clubes
dashed lines = league average · ring = your club · right & low = complete side,líneas discontinuas = media de la liga · anillo = tu club · derecha y abajo = equipo completo
Top Rated Pokémon · avg match rating (min 3 apps),Pokémon mejor valorados · nota media (mín. 3 part.)
swatch = owning club color,muestra = color del club propietario
KO Difference · knocked out minus lost,Diferencia de KO · debilitados menos perdidos
"green = beats opponents up, red = gets beaten up · swatch = club color","verde = reparte, rojo = encaja · muestra = color del club"
Home Advantage · home minus away battle-win %,Ventaja de campo · % de combates en casa menos fuera
"positive = fortress at home, negative = travels better · swatch = club color","positivo = fortín en casa, negativo = viaja mejor · muestra = color del club"
Top Rated Pokémon,Pokémon mejor valorados
Most KOs,Más KO
Most Damage Dealt,Más daño infligido
Best Clubs · Battle Win Rate,Mejores clubes · % de combates ganados
Matches,Partidos
  Inbox  ,  Bandeja  
  Inbox (%d)  ,  Bandeja (%d)  
  Board & Finances  ,  Directiva y finanzas  
Unread only,Solo no leídos
Mark All Read,Marcar todo leído
Delete Read,Borrar leídos
%d messages · %d unread%s,%d mensajes · %d sin leer%s
 · %d URGENT, · %d URGENTES
All,Todos
Press,Prensa
Coach,Cuerpo técnico
Scout,Ojeador
Transfer,Traspasos
Board,Directiva
Coaching,Cuerpo técnico
"
   No messages match this filter.","
   Ningún mensaje coincide con este filtro."
DECISION,DECISIÓN
URGENT,URGENTE
NEW,NUEVO
Select a message to read it.,Selecciona un mensaje para leerlo.
From: %s   ·   %s   ·   %s,De: %s   ·   %s   ·   %s
DECISION REQUIRED,DECISIÓN REQUERIDA
Delete,Borrar
FULL TIME · ,FINAL · 
WIN,VICTORIA
DEFEAT,DERROTA
Approved — %s has evolved into %s (+%d morale).,Aprobado: %s ha evolucionado a %s (+%d de moral).
Postponed — the offer returns in %d days if still eligible (-%d morale).,Pospuesto: la oferta vuelve en %d días si sigue siendo apto (-%d de moral).
%s consumed — %s has evolved into %s.,%s consumida: %s ha evolucionado a %s.
Sale completed — %s credited (balance now %s).,Venta completada: %s ingresados (saldo actual: %s).
Offer rejected. They have been informed.,Oferta rechazada. Han sido informados.
Demand of %s sent — expect an answer within a couple of days.,Contraoferta de %s enviada; espera respuesta en un par de días.
BOARD CONFIDENCE,CONFIANZA DE LA DIRECTIVA
On track,En la senda
Season not started,Temporada sin empezar
Exceeding,Superando
Meeting,Cumpliendo
Below par,Por debajo
Failing,Fracasando
"League performance  (%s, expected ~%s)","Rendimiento en liga  (%s, esperado ~%s)"
Cup progress,Progreso en copa
Recent form (newest first),Racha reciente (lo más nuevo primero)
SEASON EXPECTATIONS,EXPECTATIVAS DE LA TEMPORADA
"""%s expect the club to %s and to %s.""",«%s espera que el club %s y %s.»
"— Board of Directors, %s","— Consejo de administración, %s"
Club reputation,Reputación del club
Expected league position,Posición esperada en liga
~%s of %d,~%s de %d
Current league position,Posición actual en liga
season not started,temporada sin empezar
%d-%d   ·   %d pts,%d-%d   ·   %d ptos.
Battles for / against,Combates a favor / en contra
LATEST RESULTS,ÚLTIMOS RESULTADOS
No competitive matches played yet.,Aún no se han disputado partidos oficiales.
FINANCES,FINANZAS
Bank balance  ·  league average %s,Saldo bancario  ·  media de la liga: %s
Transfer budget (released by the board),Presupuesto de fichajes (liberado por la directiva)
Wage bill vs budget,Masa salarial frente a presupuesto
Monthly wage bill (%d battlers),Masa salarial mensual (%d combatientes)
%s of %s  (%d%%),%s de %s  (%d %%)
Wage budget headroom,Margen del presupuesto salarial
Operating cash flow — last 30 days,Flujo de caja operativo — últimos 30 días
Transfer activity this season,Actividad de traspasos esta temporada
Net transfer spend,Gasto neto en traspasos
Net transfer income,Ingreso neto por traspasos
%s (no deals completed),%s (sin operaciones cerradas)
Balance at season start,Saldo al inicio de la temporada
Projected 12-month wage commitment,Compromiso salarial proyectado a 12 meses
TOP EARNERS — WAGE COMMITMENTS,MEJOR PAGADOS — COMPROMISOS SALARIALES
BATTLER,COMBATIENTE
WAGE / MO,SALARIO / MES
CONTRACT ENDS,FIN DE CONTRATO
Top 3 earners account for %d%% of the wage bill.,Los 3 mejor pagados suponen el %d %% de la masa salarial.
REQUEST FROM THE BOARD,PETICIÓN A LA DIRECTIVA
UNDER CONSIDERATION — %s,EN ESTUDIO — %s
Asked for %s on %s · the board will answer by %s.,Solicitados %s el %s · la directiva responderá antes del %s.
REFUSED,RECHAZADA
GRANTED,CONCEDIDA
PARTIAL (%s),PARCIAL (%s)
board: %s,directiva: %s
will refuse,la rechazará
receptive,receptiva
could go either way,podría decidir cualquier cosa
likely to refuse,probablemente la rechace
Request submitted — the board will answer by %s. Watch your inbox.,Petición enviada; la directiva responderá antes del %s. Vigila tu bandeja.
%d requests inside 60 days — the board tires of frequent demands.,%d peticiones en 60 días: la directiva se cansa de las demandas frecuentes.
Wage budget increase,Aumento del presupuesto salarial
Transfer funds injection,Inyección de fondos para fichajes
Scouting network investment,Inversión en la red de ojeadores
Raise the monthly wage budget so we can afford better contracts.,Sube el presupuesto salarial mensual para poder pagar mejores contratos.
+%s /mo,+%s /mes
Ask the owners to put their own money into the transfer kitty.,Pide a los propietarios que pongan dinero de su bolsillo en la caja de fichajes.
Spend %s of club funds: +%d%% knowledge on all %d prospect files.,Gasta %s de fondos del club: +%d %% de conocimiento en los %d expedientes de promesas.
Invest %s,Invertir %s
The board is already considering a request — wait for its answer.,La directiva ya estudia una petición; espera su respuesta.
Nothing requested.,No se ha pedido nada.
The club cannot cover a %s investment right now.,El club no puede afrontar ahora una inversión de %s.
Board request submitted: %s,Petición enviada a la directiva: %s
Your request has been tabled for the board's next sitting. A decision is expected by %s.,Tu petición se tratará en la próxima reunión de la directiva. Se espera una decisión antes del %s.
Board raised wage budget by %s /mo,La directiva sube el presupuesto salarial en %s /mes
Board funds injection (transfer budget +%s),Inyección de la directiva (presupuesto de fichajes +%s)
Scouting network investment (%d prospect files +%d%%),Inversión en la red de ojeadores (%d expedientes +%d %%)
Board approves your request: %s,La directiva aprueba tu petición: %s
The board has agreed to your request in full.,La directiva ha aceptado tu petición íntegramente.
Board partially grants your request: %s,La directiva concede en parte tu petición: %s
The board cannot stretch to the full amount but has made a counter-offer.,"La directiva no llega a la cantidad completa, pero ha hecho una contraoferta."
Board rejects your request: %s,La directiva rechaza tu petición: %s
The board has turned down your request.,La directiva ha rechazado tu petición.
%s Board of Directors,Consejo de administración del %s
Board confidence stands at %d%% (%s).,La confianza de la directiva está en el %d %% (%s).
You have made %d request%s in the last 60 days — patience is wearing thin.,Peticiones en los últimos 60 días: %d%s. La paciencia se agota.
A recently refused request still colours the discussion.,Una petición rechazada hace poco aún pesa en la conversación.
The wage bill (%d%% of budget) presses hard against the ceiling — a rise is justifiable.,La masa salarial (%d %% del presupuesto) roza el techo: una subida es justificable.
Wage spending (%d%% of budget) leaves only modest headroom.,El gasto salarial (%d %% del presupuesto) deja poco margen.
Only %d%% of the existing wage budget is being used — the board sees no need for more.,Solo se usa el %d %% del presupuesto salarial actual: la directiva no ve necesidad de más.
A %d%% rise is an aggressive ask.,Una subida del %d %% es una petición agresiva.
The club's weak cash position argues against higher fixed commitments.,La débil tesorería del club desaconseja mayores compromisos fijos.
An injection of %s is simply beyond the owners' means (they could stretch to about %s).,Una inyección de %s excede sin más los medios de los propietarios (podrían llegar a unos %s).
The club is in the red — the owners accept the need to act.,El club está en números rojos: los propietarios aceptan que hay que actuar.
Reserves sit below the league average of %s.,Las reservas están por debajo de la media de la liga (%s).
With %s in the bank the owners see no case for reaching into their own pockets.,"Con %s en el banco, los propietarios no ven motivo para rascarse el bolsillo."
The bank balance of %s is broadly in line with the league.,El saldo bancario de %s está en línea con la liga.
The investment is comfortably affordable from club funds.,La inversión es asumible con holgura con fondos del club.
Spending %s would cut dangerously into working capital.,Gastar %s recortaría peligrosamente el capital circulante.
Sold %s to %s,Venta de %s al %s
Signed %s from %s,Fichaje de %s procedente del %s
Gate receipts,Taquilla
Prize money,Premios
Sponsorship,Patrocinios
Broadcast & merit,Televisión y méritos
Player sales,Ventas de jugadores
Board injections,Inyecciones de la directiva
Squad wages,Salarios de la plantilla
Facilities & staff,Instalaciones y personal
Matchday operations,Operaciones de jornada
Team travel,Desplazamientos
Transfer fees,Costes de traspasos
Scouting network,Red de ojeadores
Other,Otros
INCOME & EXPENDITURE — THIS SEASON,INGRESOS Y GASTOS — ESTA TEMPORADA
"No cash transactions recorded yet — sell, sign or squeeze the board.","Aún no hay movimientos de caja: vende, ficha o aprieta a la directiva."
INCOME,INGRESOS
EXPENDITURE,GASTOS
Net cash movement this season,Movimiento neto de caja esta temporada
RECENT TRANSACTIONS,MOVIMIENTOS RECIENTES
— nothing yet,— nada todavía
MONTHLY CASH FLOW,FLUJO DE CAJA MENSUAL
MONTH,MES
NET,NETO
  (so far),  (hasta ahora)
Season to date,Temporada hasta la fecha
January,enero
February,febrero
March,marzo
April,abril
June,junio
July,julio
August,agosto
September,septiembre
October,octubre
November,noviembre
December,diciembre
"Look,","Mira,"
Let me be clear:,Que quede claro:
I'll say this once:,Lo diré una sola vez:
"Honestly,","Sinceramente,"
You can print this:,Esto lo puedes publicar:
It's very simple:,Es muy sencillo:
I won't dress it up —,No lo voy a adornar:
Ask anyone in my dugout —,Pregunta a cualquiera de mi banquillo:
Between us and the record:,Entre nosotros y para el acta:
Here's the truth of it:,Esta es la verdad:
my squad,mi plantilla
my battlers,mis combatientes
this group,este grupo
my lads,los míos
our roster,nuestro equipo
the group I've built,el grupo que he construido
my trainers,mis entrenadores
my front six,mi seis titular
my people,mi gente
the battlers I trust,los combatientes en los que confío
on the field,sobre el terreno
when the battles start,cuando empiecen los combates
on matchday,el día de partido
between the lines,entre las líneas
once the first Poké Ball opens,en cuanto se abra la primera Poké Ball
under the lights,bajo los focos
when it counts,cuando de verdad cuenta
in the arena,en el estadio
That's all I'll say.,No diré más.
Take that however you like.,Tómatelo como quieras.
We'll see on the day.,Lo veremos ese día.
The rest is noise.,Lo demás es ruido.
Book it.,Apúntalo.
And I don't say that lightly.,Y no lo digo a la ligera.
End of story.,Punto final.
Nothing more to add.,Nada más que añadir.
Quote me on that.,Cítame textualmente.
The rest is for Saturday.,"El resto, para el sábado."
"{tic} {pc} are a tidy side, but tidy doesn't beat us. {crowd} have trained all week like it's a final — it won't be one. {closer}","{tic} {pc} es un equipo aseado, pero el aseo no nos gana. {crowd} ha entrenado toda la semana como si fuera una final... y no lo será. {closer}"
"I respect what {pc} are building. Building takes years. Winning is now — and {arena}, now belongs to {club}.","Respeto lo que está construyendo {pc}. Construir lleva años. Ganar es ahora, y {arena}, el ahora pertenece a {club}."
"People keep asking me about {pcs}. What is there to say? We are the bigger club, and {arena} everyone will see why. {closer}","No paran de preguntarme por el {pcs}. ¿Qué quieren que diga? Somos el club más grande, y {arena} todos verán por qué. {closer}"
We scouted {pcs} for ninety minutes and stopped taking notes after twenty. {crowd} know what's coming. So does their manager.,Estudiamos al {pcs} durante noventa minutos y dejamos de tomar notas a los veinte. {crowd} sabe lo que viene. Y su entrenador también.
"If we perform at even eighty percent, {pc} cannot live with us. {tic} that's not arrogance, it's arithmetic.","Si rendimos siquiera al ochenta por ciento, {pc} no puede seguirnos el ritmo. {tic} no es arrogancia, es aritmética."
"My only job this week was keeping {crowd} focused, because nobody here is nervous about {pcs}. {closer}","Mi único trabajo esta semana ha sido mantener concentrado a {crowd}, porque aquí nadie está nervioso por el {pcs}. {closer}"
{pc}? A good story for the neutrals. Stories end — and this one ends quickly {arena}.,"¿{pc}? Una bonita historia para los neutrales. Las historias se acaban, y esta se acaba rápido {arena}."
"You want a bold prediction? I don't do bold. I do obvious: {club} win, and {pcs} go home wondering what hit them.","¿Quieres una predicción atrevida? Yo no hago atrevidas, hago obvias: gana {club}, y el {pcs} se va a casa preguntándose qué le ha pasado por encima."
There are ties that keep a manager up at night. {tic} this is not one of them. {crowd} could handle it half-asleep — they won't need to.,Hay eliminatorias que quitan el sueño a un entrenador. {tic} esta no es una de ellas. {crowd} podría resolverla medio dormido... y no le hará falta.
"Every league has a gap between where clubs think they are and where they actually are. This weekend, {pcs} learn which side of that gap they live on. {closer}","En toda liga hay una distancia entre donde los clubes creen estar y donde están de verdad. Este fin de semana, el {pcs} descubrirá en qué lado vive. {closer}"
"Everything favours {pc} — the budget, the depth, the expectation. {tic} that suits me fine. The pressure is all theirs; {crowd} travel with nothing to lose.","Todo favorece a {pc}: el presupuesto, el fondo de armario, la expectativa. {tic} a mí eso me va bien. La presión es toda suya; {crowd} viaja sin nada que perder."
"{pcs} should win. The table says it, their wage bill says it. But 'should' is a dangerous word {arena}.","El {pcs} debería ganar. Lo dice la tabla, lo dice su masa salarial. Pero «debería» es una palabra peligrosa {arena}."
"I've watched more of {pc} this week than of my own family. Brilliant squad. But brilliance can be organised against, and {crowd} are organised. {closer}","Esta semana he visto más a {pc} que a mi propia familia. Una plantilla brillante. Pero contra el brillo se puede plantear un plan, y {crowd} tiene un plan. {closer}"
Nobody outside {club}'s walls gives us a chance against {pcs}. Good. The best afternoons of my career started exactly like that.,Fuera de las paredes de {club} nadie nos da opciones contra el {pcs}. Perfecto. Las mejores tardes de mi carrera empezaron exactamente así.
"If {pc} are half a percent off their level, we will be standing on their throat. {tic} they know it too.","Si {pc} baja medio punto su nivel, estaremos encima de su cuello. {tic} ellos también lo saben."
Ask their manager how relaxed they are about facing {club}. Watch their face before you write down the answer. {closer},Pregúntale a su entrenador lo tranquilo que está por enfrentarse a {club}. Mírale la cara antes de apuntar la respuesta. {closer}
"We're not coming to admire {pcs}. {crowd} have a plan, and plans have beaten reputations {arena} plenty of times before.","No venimos a admirar al {pcs}. {crowd} tiene un plan, y los planes han vencido a las reputaciones {arena} muchas veces."
"{pc} carry the expectation, and expectation is heavy. We carry nothing. Light teams run faster. {closer}","{pc} carga con la expectativa, y la expectativa pesa. Nosotros no cargamos con nada. Los equipos ligeros corren más. {closer}"
Their board expects a win. Their fans expect a rout. All I expect is {crowd} making this the longest afternoon of {pcs}' season.,Su directiva espera una victoria. Su afición espera una goleada. Yo solo espero que {crowd} convierta esto en la tarde más larga de la temporada del {pcs}.
"David and Goliath is a tired line, so try this one: {club} don't need a miracle, just forty good minutes {arena}.","Lo de David y Goliat está muy gastado, así que prueba con esta: {club} no necesita un milagro, solo cuarenta buenos minutos {arena}."
We've done our homework on {pcs}. There are holes in that lineup — {crowd} know exactly where. {closer},"Hemos hecho los deberes con el {pcs}. Hay agujeros en esa alineación, y {crowd} sabe exactamente dónde. {closer}"
"Two clubs at the same level, so it comes down to nerve. {tic} I know my dugout holds its nerve. I can't speak for theirs.","Dos clubes al mismo nivel, así que se decidirá por los nervios. {tic} sé que mi banquillo aguanta el pulso. Del suyo no puedo hablar."
{pcs} talk a good game in the press. Battles aren't won in the press — they're won {arena}. {closer},El {pcs} habla muy bien en la prensa. Los combates no se ganan en la prensa: se ganan {arena}. {closer}
"I hear {pc} fancy this one. Confidence is lovely. {crowd} prefer evidence, and we'll present ours {arena}.","Me dicen que {pc} se ve favorito. La confianza es preciosa. {crowd} prefiere las pruebas, y presentaremos las nuestras {arena}."
There is no gap between these squads on paper. There will be one by full time — and {club} will be on the right side of it.,"Sobre el papel no hay distancia entre estas plantillas. Al final del partido la habrá, y {club} estará en el lado bueno."
"Everyone calls this one fifty-fifty. {tic} matches like that go to whoever wants it more, and I've watched {crowd} train this week.","Todos dicen que esto está al cincuenta por ciento. {tic} los partidos así los gana quien más los quiere, y yo he visto entrenar a {crowd} esta semana."
"Their manager and I want the same three points, and only one of us leaves with them. I like my side of that argument. {closer}","Su entrenador y yo queremos los mismos tres puntos, y solo uno se los llevará. Me gusta mi lado de esa discusión. {closer}"
"This fixture always has an edge, and I won't pretend otherwise. Edges suit {crowd}. They rarely suit {pcs}.","Este partido siempre tiene un punto de tensión, y no voy a fingir lo contrario. La tensión le sienta bien a {crowd}. Al {pcs}, rara vez."
"You can throw a blanket over {club} and {pc} in the table. Fine — but {arena}, tables don't battle.","En la tabla, {club} y {pc} caben bajo la misma manta. De acuerdo, pero {arena}, las tablas no combaten."
No mind games from me — just a promise: {crowd} will make {pcs} uncomfortable from the first exchange to the last. {closer},Nada de juegos psicológicos por mi parte; solo una promesa: {crowd} incomodará al {pcs} del primer intercambio al último. {closer}
Press: {mgr} writes us off ahead of the {short} tie,Prensa: {mgr} nos descarta antes del duelo con el {short}
Press: {mgr} sees only one winner in our {short} meeting,Prensa: {mgr} solo ve un ganador en nuestro duelo con el {short}
Press: {mgr} laughs off our chances this week,Prensa: {mgr} se ríe de nuestras opciones esta semana
Press: 'Not a tie that worries me' — {mgr} on facing us,"Prensa: «No es un duelo que me preocupe» — {mgr}, sobre enfrentarse a nosotros"
Press: {mgr} calls {short} clear favourites,Prensa: {mgr} declara al {short} claro favorito
Press: {mgr} dismisses all talk of an upset,Prensa: {mgr} descarta cualquier sorpresa
"Press: {mgr} barely rates us, and says so","Prensa: {mgr} apenas nos valora, y lo dice"
Press: {mgr} piles the pressure on us before {short} clash,Prensa: {mgr} nos carga la presión antes del choque con el {short}
Press: {mgr} plays the underdog card ahead of our tie,Prensa: {mgr} juega la carta de la víctima antes de nuestro duelo
Press: 'All the pressure is on them' — {mgr} speaks out,Prensa: «Toda la presión es suya» — habla {mgr}
Press: {mgr} insists {short} have nothing to lose,Prensa: {mgr} insiste en que el {short} no tiene nada que perder
Press: {mgr} turns the spotlight onto our expectations,Prensa: {mgr} apunta el foco a nuestras expectativas
Press: {mgr} relishes the outsider role against us,Prensa: {mgr} disfruta del papel de tapado contra nosotros
Press: {mgr} says the burden is ours to carry,Prensa: {mgr} dice que la carga es nuestra
Press: {mgr} stokes the fire ahead of our meeting,Prensa: {mgr} aviva el fuego antes de nuestro encuentro
Press: {mgr} claims to know where we're weak,Prensa: {mgr} asegura saber dónde flojeamos
Press: {mgr} sharpens the knives before {short} clash,Prensa: {mgr} afila los cuchillos antes del choque con el {short}
Press: 'It comes down to nerve' — {mgr} on our tie,"Prensa: «Se decidirá por los nervios» — {mgr}, sobre nuestro duelo"
Press: {mgr} refuses to give an inch before {short} battle,Prensa: {mgr} no cede ni un palmo antes del combate con el {short}
Press: war of words — {mgr} has plenty to say about us,Prensa: guerra de declaraciones — {mgr} tiene mucho que decir de nosotros
Press: {mgr} lights the fuse for the {short} meeting,Prensa: {mgr} enciende la mecha del duelo con el {short}
"Speaking to {paper}, {mgr} had plenty to say about the upcoming tie.","En declaraciones a {paper}, {mgr} tuvo mucho que decir sobre el próximo duelo."
{mgr} went on the record with {paper} ahead of the meeting.,{mgr} habló para {paper} antes del encuentro.
The back pages belong to {mgr} this morning — and the subject is us.,La contraportada de esta mañana es de {mgr}... y el tema somos nosotros.
{paper} carries some pointed pre-match comments from {mgr}.,{paper} recoge unas declaraciones prepartido bastante afiladas de {mgr}.
{mgr} used a {paper} interview to talk about our tie.,{mgr} aprovechó una entrevista en {paper} para hablar de nuestro duelo.
"Pre-match noise: {mgr} has been talking, and {paper} printed every word.","Ruido de previa: {mgr} ha hablado, y {paper} ha publicado cada palabra."
Your response makes the back page — the squad walks taller in training (morale +3 across the squad).,Tu respuesta llega a la contraportada; la plantilla camina más erguida en los entrenamientos (moral +3 para toda la plantilla).
"You give as good as we got, and the dressing room loves it (morale +3 across the squad).","Devuelves el golpe con la misma moneda, y al vestuario le encanta (moral +3 para toda la plantilla)."
Your counter-punch lands cleanly in print — training crackles the next morning (morale +3 across the squad).,Tu contragolpe aterriza limpio en la prensa; el entrenamiento del día siguiente echa chispas (moral +3 para toda la plantilla).
The papers call it 'a manager defending their own' — the squad noticed (morale +3 across the squad).,Los periódicos lo llaman «un entrenador defendiendo a los suyos»; la plantilla lo ha notado (moral +3 para toda la plantilla).
The exchange rattles the dressing room — some battlers look tense in training (morale -2 across the squad).,El cruce de declaraciones sacude el vestuario; algunos combatientes se ven tensos entrenando (moral -2 para toda la plantilla).
It reads worse in print than it sounded in your head — a few heads drop (morale -2 across the squad).,Impreso queda peor de lo que sonaba en tu cabeza; algunas cabezas se agachan (moral -2 para toda la plantilla).
The row escalates and the squad feels the heat meant for you (morale -2 across the squad).,La bronca escala y la plantilla siente el calor que iba dirigido a ti (moral -2 para toda la plantilla).
Your reply hands them tomorrow's headline too — the group tightens up (morale -2 across the squad).,Tu réplica les regala también el titular de mañana; el grupo se agarrota (moral -2 para toda la plantilla).
You turn the question into public praise of your own squad (morale +1 across the squad). {mgr} got no reaction.,Conviertes la pregunta en un elogio público a tu plantilla (moral +1 para toda la plantilla). {mgr} no obtuvo reacción.
You sidestep the bait and talk up your battlers instead (morale +1 across the squad). {mgr} is left shadow-boxing.,Esquivas el anzuelo y hablas bien de tus combatientes (moral +1 para toda la plantilla). {mgr} se queda boxeando contra su sombra.
"Classy, measured, and quietly pointed — your squad appreciates it (morale +1 across the squad). {mgr} got nothing back.","Con clase, mesura y una punta discreta; tu plantilla lo agradece (moral +1 para toda la plantilla). {mgr} no se llevó nada."
"You make it about your own group, not the noise (morale +1 across the squad). {mgr}'s jab dies unanswered.","Lo centras en tu grupo, no en el ruido (moral +1 para toda la plantilla). El golpe de {mgr} muere sin respuesta."
"No comment. The story dies by the weekend — and the squad takes its cue from the match, not the papers.","Sin comentarios. La historia muere antes del fin de semana, y la plantilla se guía por el partido, no por los periódicos."
You let silence do the talking. By the weekend it's yesterday's news.,Dejas que hable el silencio. Para el fin de semana ya es noticia vieja.
Not a word. Some fights aren't worth the ink.,Ni una palabra. Hay peleas que no merecen la tinta.
"You promise {name} a proper run — {target} battles inside the next four weeks. Morale {b} » {a}. The coaches will hold you to it, and so will this inbox.","Le prometes a {name} una racha de verdad: {target} combates en las próximas cuatro semanas. Moral {b} » {a}. Los entrenadores te tomarán la palabra, y esta bandeja también."
Your word is given: {target} battles for {name} within four weeks (morale {b} » {a}). Break it and the whole squad will know.,Has dado tu palabra: {target} combates para {name} en cuatro semanas (moral {b} » {a}). Rómpela y toda la plantilla lo sabrá.
{name} leaves your office with a promise: {target} battles by {deadline}. Morale {b} » {a}. Promises here are tracked.,{name} sale de tu despacho con una promesa: {target} combates antes del {deadline}. Moral {b} » {a}. Aquí las promesas se registran.
You tell {name} to earn the shirt in training. Morale {b} » {a} — a gamble on their character.,Le dices a {name} que se gane el puesto entrenando. Moral {b} » {a}: una apuesta por su carácter.
"No guarantees, you say — form picks the team. {name} takes it badly for now (morale {b} » {a}).","Nada de garantías, dices: la forma elige el equipo. {name} se lo toma mal, de momento (moral {b} » {a})."
You back the coaches' selection and tell {name} so. Morale {b} » {a}; time will judge the call.,Respaldas la alineación de los entrenadores y se lo dices a {name}. Moral {b} » {a}; el tiempo juzgará la decisión.
You pass on the praise personally. {name}'s morale {b} » {a}.,Transmites el elogio en persona. Moral de {name}: {b} » {a}.
"A word from the manager, delivered in front of the group — {name} beams (morale {b} » {a}).","Unas palabras del entrenador, delante del grupo; {name} se ilumina (moral {b} » {a})."
"You make sure {name} hears it from you, not the corridor. Morale {b} » {a}.","Te aseguras de que {name} lo oiga de ti, no del pasillo. Moral {b} » {a}."
You keep the praise in-house — no complacency here. Morale {b} » {a}.,Guardas el elogio de puertas adentro: aquí no hay autocomplacencia. Moral {b} » {a}.
"Quiet approval, nothing more; standards stay standards. Morale {b} » {a}.","Aprobación discreta, nada más; el listón sigue donde estaba. Moral {b} » {a}."
You bank the praise for when it's needed. Morale {b} » {a}.,Te guardas el elogio para cuando haga falta. Moral {b} » {a}.
Nobody outside the {pcs} dressing room saw this coming. A club with a reputation of {prep}/20 dismantling [b]{opp}[/b] ({orep}/20) by {us}-{them} is the kind of result that changes how a league talks about you. {mgr}'s side played without fear — and the giants blinked first.,Nadie fuera del vestuario del {pcs} vio venir esto. Que un club con reputación {prep}/20 desarme a [b]{opp}[/b] ({orep}/20) por {us}-{them} es de esos resultados que cambian cómo habla de ti una liga. El equipo de {mgr} jugó sin miedo... y los gigantes parpadearon primero.
"Put the coffee down and read that scoreline again: {pcs} {us}, {opp} {them}. The reputation charts say this should not happen. It happened, and {opp} have no complaints worth printing.","Deja el café y vuelve a leer ese marcador: {pcs} {us}, {opp} {them}. Las tablas de reputación dicen que esto no debería pasar. Pasó, y {opp} no tiene quejas que merezcan tinta."
"Giant-killing is a craft, and [b]{pc}[/b] just published a masterclass. {opp} arrived as heavy favourites and left {us}-{them} losers, out-planned in every exchange that mattered.","Tumbar gigantes es un oficio, y [b]{pc}[/b] acaba de publicar una lección magistral. {opp} llegó como claro favorito y se marchó derrotado {us}-{them}, superado en el plan en cada intercambio que importó."
"The bigger the name, the louder the fall. {opp} — reputation {orep}/20, wage bill to match — were beaten {us}-{them} by a {pcs} side that refused to be a footnote. {mgr} will not say 'I told you so'. This column will.","Cuanto más grande el nombre, más ruidosa la caída. {opp} —reputación {orep}/20 y masa salarial a juego— cayó {us}-{them} ante un {pcs} que se negó a ser una nota al pie. {mgr} no dirá «os lo dije». Esta columna, sí."
"There are wins, and there are statements. {pcs} {us}-{them} {opp} is a statement — the kind that makes every manager in the league re-read their scouting file on {pc}.","Hay victorias, y hay declaraciones de intenciones. El {pcs} {us}-{them} {opp} es una declaración: de las que obligan a cada entrenador de la liga a releer su informe sobre {pc}."
"How do you beat a club {gap} reputation points above you? Ask {mgr}, because {pc} just wrote the manual against {opp}: discipline early, courage late, and a scoreline — {us}-{them} — that will follow the favourites around for months.","¿Cómo se gana a un club con {gap} puntos más de reputación? Pregúntale a {mgr}, porque {pc} acaba de escribir el manual contra {opp}: disciplina al principio, valentía al final y un marcador —{us}-{them}— que perseguirá a los favoritos durante meses."
"{opp} were supposed to be a class apart. For long stretches they could not get near {pcs}, and the {us}-{them} result flattered nobody — least of all the favourites.","{opp} venía siendo, en teoría, de otra categoría. Durante largos tramos no pudo ni acercarse al {pcs}, y el {us}-{them} no maquilló nada... y menos a los favoritos."
"Upsets usually need luck. This one needed none. {pc} beat {opp} {us}-{them} on merit, on preparation and on nerve — and the league table suddenly reads very differently.","Las sorpresas suelen necesitar suerte. Esta no necesitó ninguna. {pc} venció a {opp} {us}-{them} por méritos, preparación y temple... y de pronto la tabla se lee muy distinta."
"There is no dressing this up. [b]{pc}[/b] (reputation {prep}/20) were beaten {them}-{us} by {opp} ({orep}/20) — a side they were built, budgeted and expected to beat. Questions travel fast in this league, and today they are all pointed at {mgr}'s office.","No hay forma de maquillarlo. [b]{pc}[/b] (reputación {prep}/20) cayó {them}-{us} ante {opp} ({orep}/20), un rival al que estaba construido, presupuestado y llamado a ganar. Las preguntas viajan rápido en esta liga, y hoy todas apuntan al despacho de {mgr}."
"Supporters will use stronger words than this column is allowed to. {pcs} lost {them}-{us} to {opp}, a club they out-rank, out-earn and — on this evidence — cannot out-battle.","La afición usará palabras más gruesas de las que se permiten en esta columna. El {pcs} perdió {them}-{us} ante {opp}, un club al que supera en rango y en nómina y al que, a la vista de esto, no supera combatiendo."
"Reputation {prep}/20. Resources to match. And a {them}-{us} defeat to {opp} that nobody at {pc} can explain, least of all the manager paid to prevent it.","Reputación {prep}/20. Recursos a la altura. Y una derrota {them}-{us} ante {opp} que nadie en {pc} sabe explicar, y menos el entrenador al que pagan por evitarla."
"Bad days happen. What happened to {pcs} against {opp} was not a bad day — it was a warning. {them}-{us}, second-best in every exchange, and a dressing room with plenty to think about.","Los días malos existen. Lo del {pcs} contra {opp} no fue un día malo: fue un aviso. {them}-{us}, segundos en cada intercambio y un vestuario con mucho en que pensar."
"If you want to know how a season unravels, it starts with afternoons like this: {pc} beaten {them}-{us} by {opp}, favourites in name only, and a manager suddenly answering questions instead of asking them.","Si quieres saber cómo se deshace una temporada, empieza con tardes así: {pc} derrotado {them}-{us} por {opp}, favorito solo de nombre, y un entrenador que de pronto responde preguntas en vez de hacerlas."
"The league table does not care about reputations, and neither, evidently, do {opp}. Their {them}-{us} win over {pcs} was thoroughly earned — which is precisely what should worry {mgr}.","A la tabla no le importan las reputaciones y, por lo visto, a {opp} tampoco. Su {them}-{us} sobre el {pcs} fue merecido de principio a fin... que es exactamente lo que debería preocupar a {mgr}."
"Call it a shock if you like. Around {opps} they are calling it inevitable — they saw a flat {pc} side coming, and took them for {them}-{us}.",Llámalo sorpresa si quieres. En el entorno del {opps} lo llaman inevitable: vieron venir a un {pc} plano y se lo llevaron por {them}-{us}.
"Some defeats are noise. This one — {them}-{us} to {opp}, a club {pc} are supposed to look down on — is signal. The board will say the right things publicly. Privately, they counted every battle.","Hay derrotas que son ruido. Esta —{them}-{us} ante {opp}, un club al que {pc} debería mirar desde arriba— es señal. La directiva dirá lo correcto en público. En privado, contó cada combate."
"The cup run is alive. [b]{pc}[/b] saw off {opp} {us}-{them} in the {round}, and the draw for the {next_round} suddenly matters a great deal in this corner of the league.","La andadura copera sigue viva. [b]{pc}[/b] despachó a {opp} {us}-{them} en la {round}, y el sorteo de la {next_round} importa de repente mucho en este rincón de la liga."
"Cup battles reward nerve, and {pcs} showed plenty of it — {opp} dispatched {us}-{them}, a place in the {next_round} secured, and a support daring to whisper about silverware.","La copa premia el temple, y al {pcs} le sobró: {opp} despachado {us}-{them}, plaza asegurada en la {next_round} y una afición que ya se atreve a susurrar la palabra título."
"Tick another round off. {pc} handled {opp} {us}-{them} in the {round}, and handled is the right word: professional, controlled, never truly threatened.","Otra ronda tachada. {pc} manejó a {opp} {us}-{them} en la {round}, y manejar es la palabra: profesional, controlado, nunca realmente amenazado."
"The romance of the cup usually belongs to someone else. Not this year, perhaps: {pcs} beat {opp} {us}-{them} and march into the {next_round} with genuine momentum.",El romanticismo de la copa suele ser de otros. Quizá este año no: el {pcs} venció a {opp} {us}-{them} y entra en la {next_round} con impulso de verdad.
"Knockout ties have a way of exposing soft squads. {pc} are not one of them — {opp} were beaten {us}-{them} in the {round}, and the {next_round} awaits.","Las eliminatorias tienen la costumbre de desnudar a las plantillas blandas. {pc} no es una de ellas: {opp} cayó {us}-{them} en la {round}, y la {next_round} espera."
"A {us}-{them} win over {opp}, a spot in the {next_round}, and a manager refusing to talk about the final. Managers always refuse. Supporters never do.","Un {us}-{them} sobre {opp}, un puesto en la {next_round} y un entrenador que se niega a hablar de la final. Los entrenadores siempre se niegan. Las aficiones, nunca."
The {round} is where cup runs usually go to die. {pcs} walked out of theirs with a {us}-{them} win over {opp} and the sound of a support starting to believe.,La {round} es donde suelen morir las andaduras coperas. El {pcs} salió de la suya con un {us}-{them} sobre {opp} y el sonido de una afición que empieza a creer.
"Write it down: {pc} are in the {next_round}. {opp} pushed, probed and were seen off {us}-{them} — the mark of a side that has decided this competition is worth winning.","Apúntalo: {pc} está en la {next_round}. {opp} apretó, tanteó y fue despedido {us}-{them}: la marca de un equipo que ha decidido que esta competición merece ganarse."
"[b]{streak} wins in a row.[/b] Streaks like this are not luck — they are structure, squad depth and a dugout that trusts itself. {pc} made it {streak} straight by beating {opp} {us}-{them}, and the chasing pack has noticed.","[b]{streak} victorias seguidas.[/b] Rachas así no son suerte: son estructura, fondo de plantilla y un banquillo que confía en sí mismo. {pc} llegó a {streak} seguidas al vencer a {opp} {us}-{them}, y el grupo perseguidor ha tomado nota."
"The number of the week is {streak}. That is how many consecutive matches {pcs} have now won after seeing off {opp} {us}-{them}, and nobody else in the league is enjoying the arithmetic.","El número de la semana es {streak}. Esos son los partidos consecutivos que ya ha ganado el {pcs} tras despachar a {opp} {us}-{them}, y a nadie más en la liga le divierte la aritmética."
"Form is temporary, they say. Somebody should tell {pc}, whose {us}-{them} win over {opp} stretched the run to {streak} — and whose battlers look sharper with every week.","La forma es pasajera, dicen. Que alguien se lo cuente a {pc}, cuyo {us}-{them} sobre {opp} estiró la racha hasta {streak}... y cuyos combatientes se ven más finos cada semana."
"Ask around the league who nobody wants to face right now and you get one answer: {pcs}. Victory number {streak} in succession arrived {us}-{them} against {opp}, and it barely raised a sweat.","Pregunta por la liga a quién no quiere enfrentarse nadie ahora mismo y la respuesta es una: el {pcs}. La victoria número {streak} consecutiva llegó {us}-{them} contra {opp}, y apenas les hizo sudar."
"Win one, fine. Win two, form. Win {streak} in a row — as {pc} just did by beating {opp} {us}-{them} — and you are officially a problem the rest of the league has to solve.","Ganar una, vale. Ganar dos, racha. Ganar {streak} seguidas —como acaba de hacer {pc} al vencer a {opp} {us}-{them}— te convierte oficialmente en un problema que el resto de la liga tiene que resolver."
"There is a hum around the {pcs} training ground these days, and results like this are why: {opp} beaten {us}-{them}, a {streak}-match winning run, and a squad that plainly believes.","Estos días se nota un zumbido en la ciudad deportiva del {pcs}, y resultados así son el motivo: {opp} batido {us}-{them}, una racha de {streak} victorias y una plantilla que claramente cree."
"Consistency is the rarest currency in this league, and {pc} are printing it: {streak} wins on the spin after a {us}-{them} handling of {opp}.","La regularidad es la moneda más rara de esta liga, y {pc} la está imprimiendo: {streak} victorias del tirón tras manejar {us}-{them} a {opp}."
The streak lives. {pcs} {us}-{them} {opp} makes it {streak} straight wins — and the conversation around the league has quietly shifted from 'good run' to 'genuine contenders'.,La racha vive. El {pcs} {us}-{them} {opp} deja {streak} victorias seguidas... y la conversación en la liga ha pasado en voz baja de «buena racha» a «aspirantes de verdad».
"They will sing about this one for years. [b]{pc}[/b] beat {opp} {us}-{them} in the Indigo Cup Final and the trophy is theirs. Whatever happens in the league now, this season is already immortal.","Esta la cantarán durante años. [b]{pc}[/b] venció a {opp} {us}-{them} en la Final de la Copa Añil y el trofeo es suyo. Pase lo que pase ya en la liga, esta temporada es inmortal."
"Champions. Say it slowly, {pcs} supporters — you have waited long enough. {opp} were beaten {us}-{them} in the Final, and the Indigo Cup is coming home.","Campeones. Decidlo despacio, aficionados del {pcs}: habéis esperado bastante. {opp} cayó {us}-{them} en la Final, y la Copa Añil vuelve a casa."
"The Indigo Cup Final asked every question a final can ask, and {pc} answered all of them. {opp} beaten {us}-{them}; a trophy lifted; a place in club history sealed.","La Final de la Copa Añil planteó todas las preguntas que puede plantear una final, y {pc} las respondió todas. {opp} batido {us}-{them}; un trofeo levantado; un lugar sellado en la historia del club."
Forget the tactics board for one night. {pcs} are cup winners — {us}-{them} over {opp} — and the celebrations you can hear from three districts away are entirely earned.,Olvida la pizarra por una noche. El {pcs} es campeón de copa —{us}-{them} sobre {opp}— y la celebración que se oye a tres distritos está más que merecida.
"Finals are won by squads that hold their nerve, and nobody held it better than {pc}. The {us}-{them} defeat of {opp} crowns a run this column doubted more than once. We were wrong.","Las finales las ganan las plantillas que aguantan el pulso, y nadie lo aguantó mejor que {pc}. El {us}-{them} sobre {opp} corona una andadura de la que esta columna dudó más de una vez. Nos equivocamos."
"One day this squad will be grainy footage and fond exaggeration. Tonight it is simply the best knockout side in the league: {pcs} {us}-{them} {opp}, Indigo Cup winners.","Algún día esta plantilla será metraje granulado y exageración cariñosa. Esta noche es, simplemente, el mejor equipo copero de la liga: {pcs} {us}-{them} {opp}, campeones de la Copa Añil."
"The medal does not care how you got there. But the manner of it — {opp} beaten {us}-{them} in the Final — means {pc} will be remembered as worthy champions, not lucky ones.","A la medalla no le importa cómo llegaste. Pero las formas —{opp} batido {us}-{them} en la Final— harán que a {pc} se le recuerde como campeón digno, no afortunado."
"Every trophy tells a story. This one tells of a {pcs} side that refused to blink on the biggest stage, beating {opp} {us}-{them} to lift the Indigo Cup.",Cada trofeo cuenta una historia. Este cuenta la de un {pcs} que se negó a parpadear en el mayor escenario y venció a {opp} {us}-{them} para levantar la Copa Añil.
Gazette: {pcs} stun {opp} in the shock of the season,Gazette: el {pcs} deja helado a {opp} en la sorpresa de la temporada
Gazette: giant-killing — {pcs} topple {opp},Gazette: caza de gigantes — el {pcs} derriba a {opp}
Gazette: {opp} humbled by fearless {pcs},"Gazette: {opp}, humillado por un {pcs} sin miedo"
Gazette: the upset nobody saw coming — {pcs} beat {opp},Gazette: la sorpresa que nadie vio venir — el {pcs} gana a {opp}
Gazette: {pcs} tear up the script against {opp},Gazette: el {pcs} rompe el guion contra {opp}
Gazette verdict: {pcs} humbled by {opps},"Veredicto de la Gazette: el {pcs}, humillado por el {opps}"
Gazette verdict: no excuses for {pcs} after {opps} defeat,Veredicto de la Gazette: sin excusas para el {pcs} tras caer con el {opps}
Gazette verdict: alarm bells at {pcs} after {opps} loss,Veredicto de la Gazette: alarmas en el {pcs} tras la derrota con el {opps}
Gazette verdict: {opps} expose a flat {pcs},Veredicto de la Gazette: el {opps} desnuda a un {pcs} plano
Gazette verdict: a defeat {pcs} cannot explain away,Veredicto de la Gazette: una derrota que el {pcs} no puede justificar
Cup fever: {pcs} march into the {next_round},Fiebre de copa: el {pcs} desfila hacia la {next_round}
Cup fever: {pcs} book their place in the {next_round},Fiebre de copa: el {pcs} sella su plaza en la {next_round}
Cup fever: {pcs} keep the run alive against {opps},Fiebre de copa: el {pcs} mantiene viva la andadura ante el {opps}
Cup fever: {pcs} through — and dreaming of more,Fiebre de copa: el {pcs} pasa... y sueña con más
Cup fever: no slip-ups as {pcs} reach the {next_round},"Fiebre de copa: sin tropiezos, el {pcs} alcanza la {next_round}"
{streak} and counting — the league is talking about {pc},{streak} y sumando: la liga habla de {pc}
Make it {streak} straight: {pcs} roll on,Ya van {streak} seguidas: el {pcs} sigue rodando
Unstoppable? {pcs} win number {streak} in a row,¿Imparable? El {pcs} suma la victoria número {streak} consecutiva
The {pcs} machine: {streak} consecutive wins,La máquina del {pcs}: {streak} victorias consecutivas
Who stops {pcs}? The winning run hits {streak},¿Quién para al {pcs}? La racha llega a {streak}
"""Immortals"" — {pc} lift the Indigo Cup",«Inmortales»: {pc} levanta la Copa Añil
Champions! {pc} win the Indigo Cup,¡Campeones! {pc} gana la Copa Añil
Glory night: {pc} are Indigo Cup winners,"Noche de gloria: {pc}, campeón de la Copa Añil"
History made — the Indigo Cup belongs to {pc},Historia escrita: la Copa Añil es de {pc}
{pc} crowned: the Indigo Cup Final was theirs,"{pc}, coronado: la Final de la Copa Añil fue suya"
{jn} reacts to the result in {paper}.,{jn} reacciona al resultado en {paper}.
"{jn}'s verdict on the result, in {paper}.","El veredicto de {jn} sobre el resultado, en {paper}."
The morning-after column from {jn} in {paper}.,"La columna de la mañana siguiente, por {jn}, en {paper}."
{paper} devotes its back page to our result — byline: {jn}.,{paper} dedica su contraportada a nuestro resultado. Firma: {jn}.
{jn} files a pointed reaction piece for {paper}.,{jn} firma una reacción afilada para {paper}.
"Boss — a quiet word before this becomes a loud one. [b]{name}[/b] ({species}, Lv {level}) has featured in [b]{apps} of our {cm}[/b] matches this season. The mood around the training pens is turning: less appetite in drills, snapping at the younger battlers. In my experience this only goes one way if it's left alone.","Jefe: unas palabras en voz baja antes de que esto suba de tono. [b]{name}[/b] ({species}, Nv. {level}) ha participado en [b]{apps} de nuestros {cm}[/b] partidos esta temporada. El ambiente en los rediles de entrenamiento se está torciendo: menos apetito en los ejercicios y malas contestaciones a los jóvenes. Por experiencia, esto solo va en una dirección si se deja estar."
"Boss — you pay me to flag problems early, so here it is. [b]{name}[/b] ({species}, Lv {level}) has made just [b]{apps} appearances in {cm}[/b] matches, and it shows: half-effort in sparring, first out of the gym every evening. We are close to losing the room on this one.","Jefe: me pagas por avisar de los problemas a tiempo, así que aquí va. [b]{name}[/b] ({species}, Nv. {level}) suma solo [b]{apps} participaciones en {cm}[/b] partidos, y se nota: medio esfuerzo en los combates de práctica y el primero en salir del gimnasio cada tarde. Estamos cerca de perder el vestuario con este tema."
"Boss — {name} cornered me after training today. [b]{apps} of {cm}[/b] matches is the number they keep repeating, and frankly I ran out of answers. A {species} of that level expects to battle, and the rest of the squad is watching how you handle it.","Jefe: {name} me ha acorralado hoy después del entrenamiento. [b]{apps} de {cm}[/b] partidos es la cifra que no deja de repetir y, francamente, me quedé sin respuestas. Un {species} de ese nivel espera combatir, y el resto de la plantilla está mirando cómo lo gestionas."
"Boss — I don't like carrying tales, but this one matters. [b]{name}[/b] ({species}, Lv {level}) has gone [b]{apps} for {cm}[/b] on selection this season, and the sulk has moved from the pens to the canteen. Left alone, this infects the whole group.","Jefe: no me gusta ir con cuentos, pero este importa. [b]{name}[/b] ({species}, Nv. {level}) lleva [b]{apps} de {cm}[/b] en las alineaciones de esta temporada, y el enfurruñamiento ha pasado de los rediles a la cantina. Si se deja estar, infecta a todo el grupo."
"Boss — short version: [b]{name}[/b] wants battles. Long version: [b]{apps} appearances from {cm}[/b] matches, a training intensity that has dropped two notches, and a {species} temper the younger ones are starting to copy.","Jefe, versión corta: [b]{name}[/b] quiere combates. Versión larga: [b]{apps} participaciones en {cm}[/b] partidos, una intensidad de entrenamiento que ha bajado dos puntos y un genio de {species} que los jóvenes empiezan a imitar."
"Boss — the physios noticed it first, the coaches second: [b]{name}[/b] ({species}, Lv {level}) has downed tools. You can trace it straight to the team sheets — [b]{apps} of {cm}[/b] this season. They feel forgotten, and honestly, the numbers back them up.","Jefe: lo notaron primero los fisios y después los entrenadores: [b]{name}[/b] ({species}, Nv. {level}) ha dejado de remar. Se puede rastrear directo hasta las alineaciones: [b]{apps} de {cm}[/b] esta temporada. Se siente olvidado y, sinceramente, los números le dan la razón."
"Boss — before the press smell it: [b]{name}[/b] is unhappy. [b]{apps} matches out of {cm}[/b] is thin for a battler of that standing, and the mood has curdled from patient to pointed. Whatever you decide, decide it soon.","Jefe: antes de que la prensa lo huela: [b]{name}[/b] está descontento. [b]{apps} partidos de {cm}[/b] es poco para un combatiente de su categoría, y el ánimo ha pasado de paciente a cortante. Decidas lo que decidas, decídelo pronto."
"Boss — I'll give it to you straight. [b]{name}[/b] ({species}, Lv {level}) believes the club has moved on without saying so — [b]{apps} of {cm}[/b] matches tells its own story. A word from you, either way, beats this silence.","Jefe: te lo digo sin rodeos. [b]{name}[/b] ({species}, Nv. {level}) cree que el club ha pasado página sin decirlo: [b]{apps} de {cm}[/b] partidos cuentan su propia historia. Una palabra tuya, en un sentido u otro, es mejor que este silencio."
{name} is unhappy at the lack of battles,{name} está descontento por la falta de combates
{name} wants more battles — coach asks for a steer,{name} quiere más combates; el entrenador pide instrucciones
Squad concern: {name} frustrated by selection,"Inquietud en la plantilla: {name}, frustrado con las alineaciones"
{name} growing restless on the bench,{name} se impacienta en el banquillo
Coach flags {name}'s frustration,El entrenador avisa de la frustración de {name}
{coach} has asked to speak with you about a member of the squad.,{coach} ha pedido hablar contigo sobre un miembro de la plantilla.
{coach} flags a growing selection problem.,{coach} avisa de un problema creciente con las alineaciones.
A welfare note from {coach} — one of the squad is unsettled.,Una nota de bienestar de {coach}: hay alguien inquieto en la plantilla.
{coach} wants a decision on an unhappy battler.,{coach} quiere una decisión sobre un combatiente descontento.
"Boss — thought you'd want this one in writing. [b]{name}[/b] ({species}, Lv {level}) has been outstanding. Across the last [b]{n}[/b] matches: [b]{kos} KOs[/b] and an average match rating of [b]{rating}[/b]. Technique, timing, temperament — everything we drill is showing up on matchday.","Jefe: he pensado que querrías esto por escrito. [b]{name}[/b] ({species}, Nv. {level}) está sobresaliente. En los últimos [b]{n}[/b] partidos: [b]{kos} KO[/b] y una nota media de [b]{rating}[/b]. Técnica, tiempos, temperamento: todo lo que entrenamos aparece el día de partido."
"Boss — some weeks this job is a pleasure. [b]{name}[/b] ({species}, Lv {level}) is flying: [b]{kos} KOs[/b] over the last [b]{n}[/b] matches and a [b]{rating}[/b] average rating. The whole staff room has noticed.","Jefe: hay semanas en que este trabajo es un placer. [b]{name}[/b] ({species}, Nv. {level}) está volando: [b]{kos} KO[/b] en los últimos [b]{n}[/b] partidos y una nota media de [b]{rating}[/b]. Toda la sala de técnicos lo ha notado."
"Boss — a quick note for the file. If you're wondering who sets the standard in training right now, it's [b]{name}[/b]. The numbers agree: [b]{n}[/b] matches, [b]{kos} KOs[/b], rating [b]{rating}[/b]. That's not a purple patch, that's a level.","Jefe: una nota rápida para el expediente. Si te preguntas quién marca el nivel en los entrenamientos ahora mismo, es [b]{name}[/b]. Los números lo confirman: [b]{n}[/b] partidos, [b]{kos} KO[/b], nota [b]{rating}[/b]. Eso no es una racha: es un nivel."
"Boss — I've coached a lot of {species}, and [b]{name}[/b] is doing things most of them never manage. Last [b]{n}[/b] matches: [b]{kos} KOs[/b], average rating [b]{rating}[/b]. Composure under pressure is the part you can't teach — and they have it.","Jefe: he entrenado a muchos {species}, y [b]{name}[/b] hace cosas que la mayoría no consigue nunca. Últimos [b]{n}[/b] partidos: [b]{kos} KO[/b], nota media [b]{rating}[/b]. La sangre fría bajo presión es lo que no se puede enseñar... y la tiene."
"Boss — credit where it's due, and this is due. [b]{name}[/b] (Lv {level}) has turned good training into great matchdays: [b]{kos} KOs[/b] in [b]{n}[/b] outings, rating [b]{rating}[/b]. The rest of the squad raises its game just watching.","Jefe: al César lo que es del César, y esto lo es. [b]{name}[/b] (Nv. {level}) ha convertido buenos entrenamientos en grandes jornadas: [b]{kos} KO[/b] en [b]{n}[/b] salidas, nota [b]{rating}[/b]. El resto de la plantilla sube el nivel solo con mirarlo."
"Boss — you asked us to develop battlers, not just select them. Exhibit A: [b]{name}[/b]. Over [b]{n}[/b] recent matches — [b]{kos} KOs[/b], a [b]{rating}[/b] rating, and decision-making that has jumped a level.","Jefe: nos pediste desarrollar combatientes, no solo alinearlos. Prueba número uno: [b]{name}[/b]. En los últimos [b]{n}[/b] partidos: [b]{kos} KO[/b], nota [b]{rating}[/b] y una toma de decisiones que ha subido un escalón."
"Boss — file this under 'good problems'. [b]{name}[/b] ({species}) is now performing like a headline battler: [b]{n}[/b] matches, [b]{kos} KOs[/b], average rating [b]{rating}[/b]. Other clubs will notice soon, if they haven't already.","Jefe: archiva esto en «problemas buenos». [b]{name}[/b] ({species}) ya rinde como un combatiente de cartel: [b]{n}[/b] partidos, [b]{kos} KO[/b], nota media [b]{rating}[/b]. Otros clubes lo notarán pronto, si no lo han hecho ya."
"Boss — the data crew and the old heads finally agree on something: [b]{name}[/b] is in the form of their career. [b]{kos} KOs[/b] across [b]{n}[/b] matches at a [b]{rating}[/b] average. Whatever you're doing with them, keep doing it.","Jefe: los de datos y los veteranos por fin coinciden en algo: [b]{name}[/b] está en la mejor forma de su carrera. [b]{kos} KO[/b] en [b]{n}[/b] partidos con una media de [b]{rating}[/b]. Sea lo que sea lo que estás haciendo con él, sigue haciéndolo."
{coach} is delighted with {name}'s development,{coach} está encantado con el desarrollo de {name}
"{name} in the form of their career, says {coach}","{name}, en la mejor forma de su carrera, según {coach}"
Progress report: {name} flying in training and matches,Informe de progreso: {name} vuela en entrenamientos y partidos
{coach} singles out {name} for praise,{coach} destaca a {name} con elogios
{name}'s development is turning heads,El desarrollo de {name} llama la atención
A glowing progress note from the coaching staff.,Una nota de progreso entusiasta del cuerpo técnico.
{coach} puts a standout run of form on the record.,{coach} deja constancia de una racha de forma sobresaliente.
Development report: the coaching staff are delighted.,Informe de desarrollo: el cuerpo técnico está encantado.
{coach} singles out a battler in top form.,{coach} destaca a un combatiente en plena forma.
Boss — pledge honoured. You promised [b]{name}[/b] a run of battles and delivered: [b]{apps}[/b] appearances since your word was given. The mood swung the moment the team sheets proved you meant it.,Jefe: compromiso cumplido. Prometiste a [b]{name}[/b] una racha de combates y la entregaste: [b]{apps}[/b] participaciones desde que diste tu palabra. El ánimo cambió en cuanto las alineaciones demostraron que ibas en serio.
"Boss — good news travels slowly in this game, so I'll speed it up: [b]{name}[/b] has had the battles you promised ({apps} since your pledge) and the sulk is gone. Trust like that spreads through a squad.","Jefe: las buenas noticias viajan lentas en este oficio, así que las acelero: [b]{name}[/b] ha tenido los combates que prometiste ({apps} desde tu compromiso) y el enfado ha desaparecido. Una confianza así se contagia a toda la plantilla."
"Boss — remember the promise you made {name}? Kept, and noticed. [b]{apps}[/b] matches later the appetite in training is back, and the younger battlers saw the manager keep their word.","Jefe: ¿recuerdas la promesa que le hiciste a {name}? Cumplida, y bien vista. [b]{apps}[/b] partidos después, el apetito en los entrenamientos ha vuelto, y los jóvenes vieron al entrenador cumplir su palabra."
"Boss — closing the loop on {name}: promised battles, delivered battles ([b]{apps}[/b] of them). Morale is up, edges have softened, and I owe you an apology for doubting the plan.","Jefe: cierro el asunto de {name}: combates prometidos, combates entregados ([b]{apps}[/b], nada menos). La moral ha subido, las aristas se han limado y te debo una disculpa por dudar del plan."
"Boss — {name} asked me to pass on a rare thing in this business: thanks. The promised run of battles ({apps} appearances) landed, and so has the message that this club keeps its word.","Jefe: {name} me pidió transmitir algo raro en este negocio: las gracias. La racha de combates prometida ({apps} participaciones) llegó, y con ella el mensaje de que este club cumple su palabra."
Boss — for the file: your pledge to [b]{name}[/b] is settled — [b]{apps}[/b] battles inside the window. The whole pens took note. Promises kept are the cheapest morale tool we have.,"Jefe, para el expediente: tu compromiso con [b]{name}[/b] queda saldado: [b]{apps}[/b] combates dentro del plazo. Todos los rediles tomaron nota. Las promesas cumplidas son la herramienta de moral más barata que tenemos."
Promise kept: {name} has had their battles,Promesa cumplida: {name} ya ha tenido sus combates
Pledge honoured: {name} back on side,Compromiso cumplido: {name} vuelve a estar de tu lado
{name}: promised battles delivered,"{name}: combates prometidos, combates entregados"
Coach's note: your promise to {name} is settled,Nota del entrenador: tu promesa a {name} queda saldada
"Boss — we have a problem of our own making. You promised [b]{name}[/b] a run of battles; the window has closed with only [b]{apps}[/b] of the [b]{target}[/b] delivered. They found out from the team sheets, which is the worst way. Morale has taken a real hit — and the squad saw it happen.","Jefe: tenemos un problema de fabricación propia. Prometiste a [b]{name}[/b] una racha de combates; el plazo se ha cerrado con solo [b]{apps}[/b] de los [b]{target}[/b] entregados. Se enteró por las alineaciones, que es la peor manera. La moral se ha llevado un golpe de verdad... y la plantilla lo vio pasar."
Boss — I warned you they'd hold you to it. The pledge to [b]{name}[/b] has lapsed — [b]{apps}[/b] appearances against the [b]{target}[/b] you promised — and the trust we bought that day has been handed back with interest.,Jefe: te avisé de que te tomarían la palabra. El compromiso con [b]{name}[/b] ha caducado —[b]{apps}[/b] participaciones frente a los [b]{target}[/b] prometidos— y la confianza que compramos aquel día nos la han devuelto con intereses.
"Boss — a hard mail to write. [b]{name}[/b] kept their side: trained hard, waited, said nothing. The promised battles never came ({apps} of {target} before the deadline). Around the pens they're calling it what it is — a broken promise.","Jefe: un correo difícil de escribir. [b]{name}[/b] cumplió su parte: entrenó duro, esperó y no dijo nada. Los combates prometidos nunca llegaron ({apps} de {target} antes del plazo). En los rediles lo llaman por su nombre: una promesa rota."
"Boss — the deadline on your pledge to [b]{name}[/b] passed quietly last night. [b]{apps}[/b] battles delivered of the [b]{target}[/b] promised. There was no scene, which worries me more than a scene would.","Jefe: el plazo de tu compromiso con [b]{name}[/b] venció anoche sin ruido. [b]{apps}[/b] combates entregados de los [b]{target}[/b] prometidos. No hubo escena, y eso me preocupa más que una escena."
"Boss — you asked me to tell you these things straight: {name} feels lied to. The promised run of battles didn't materialise ({apps}/{target} inside the window), and the word 'promise' now gets air-quotes in the canteen.","Jefe: me pediste que estas cosas te las dijera sin rodeos: {name} se siente engañado. La racha de combates prometida no se materializó ({apps}/{target} dentro del plazo), y la palabra «promesa» ya se dice con comillas en la cantina."
"Boss — a promise made in this office died on the training ground this week. [b]{name}[/b] got {apps} of the {target} battles you pledged. Next time the manager gives their word, the squad will remember this.","Jefe: una promesa hecha en este despacho murió esta semana en el campo de entrenamiento. [b]{name}[/b] tuvo {apps} de los {target} combates que juraste. La próxima vez que el entrenador dé su palabra, la plantilla se acordará de esto."
Promise broken: {name} never got those battles,Promesa rota: {name} nunca tuvo esos combates
Pledge lapsed: {name} feels let down,Compromiso caducado: {name} se siente defraudado
{name}: the promised battles never came,{name}: los combates prometidos nunca llegaron
Coach's warning: broken promise to {name},Aviso del entrenador: promesa rota a {name}
{name} was simply a level above everything else on the circuit this month.,{name} estuvo sencillamente un nivel por encima de todo lo demás en el circuito este mes.
"Ask any coach in the league who they'd steal first right now: {name}, every time.","Pregunta a cualquier entrenador de la liga a quién robaría primero ahora mismo: {name}, siempre."
Months like {name}'s are why the ratings column exists.,Meses como el de {name} son la razón de que exista la columna de notas.
"There was the field, and then there was {name}.","Estaba el resto del campo, y luego estaba {name}."
"If {name} keeps this up, the end-of-season awards are a formality.","Si {name} sigue así, los premios de fin de temporada son un trámite."
"{club} supporters, enjoy {name} while you can — form like this gets noticed.","Aficionados del {club}, disfrutad de {name} mientras podáis: una forma así no pasa desapercibida."
The numbers flatter nobody: {name} earned every decimal of that rating.,Los números no regalan nada: {name} se ganó cada decimal de esa nota.
Somewhere a scout is underlining {name}'s name three times.,"En algún lugar, un ojeador está subrayando tres veces el nombre de {name}."
"{paper}'s monthly column: awards, the table and the stories of {month}.","La columna mensual de {paper}: premios, la tabla y las historias de {month}."
"Awards, storylines and the state of the race — {month} reviewed in {paper}.","Premios, tramas y el estado de la carrera: {month}, repasado en {paper}."
"{paper} closes the books on {month}: winners, shocks and the table.","{paper} cierra los libros de {month}: ganadores, sorpresas y la tabla."
"The {month} review in {paper}: who rose, who fell, who ruled.","El repaso a {month} en {paper}: quién subió, quién cayó, quién mandó."
League Review — %s: Pokémon of the Month is %s,Repaso de la liga — %s: el Pokémon del Mes es %s
"
[color=#%s][b]YOUR RESPONSE[/b][/color]
[color=#%s]%s[/color]
","
[color=#%s][b]TU RESPUESTA[/b][/color]
[color=#%s]%s[/color]
"
we host,jugamos en casa
we travel,viajamos
unranked,sin clasificar
"[color=#%s]Speaking to %s ahead of the tie, [b]%s[/b] (%s, %s, reputation %d/20) went on the record:[/color]

","[color=#%s]En declaraciones a %s antes del duelo, [b]%s[/b] (%s, %s, reputación %d/20) dijo para el acta:[/color]

"
THE FACTS,LOS HECHOS
"THE FACTS — at publication, %s","LOS HECHOS — al cierre, %s"
"[color=#%s]%s form:[/color]  %s
","[color=#%s]Racha del %s:[/color]  %s
"
"[color=#%s]Squad morale:[/color] [color=#%s][b]%d/100[/b][/color]
","[color=#%s]Moral de la plantilla:[/color] [color=#%s][b]%d/100[/b][/color]
"
"
[color=#%s]The match has since been played — we %s %d-%d. The talking is over.[/color]
","
[color=#%s]El partido ya se ha jugado: %s %d-%d. Se acabó la palabrería.[/color]
"
won,ganamos
lost,perdimos
"
[color=#%s][b]The press pack wants your response before kick-off. How you answer will reach the dressing room.[/b][/color]
","
[color=#%s][b]La prensa quiere tu respuesta antes del inicio. Lo que contestes llegará al vestuario.[/b][/color]
"
Go to Fixture,Ir al partido
[color=#%s]no matches yet[/color],[color=#%s]aún sin partidos[/color]
Fire Back in the Press,Contraatacar en la prensa
Praise Your Squad Instead,Elogiar a tu plantilla
No Comment,Sin comentarios
"[color=#%s][i]An opinion piece in %s.[/i][/color]

","[color=#%s][i]Una columna de opinión en %s.[/i][/color]

"
"[color=#%s][b]%s OF THE MATCH[/b][/color]
","[color=#%s][b]%s DEL PARTIDO[/b][/color]
"
STAR,ESTRELLA
ONE BRIGHT SPOT,ÚNICA NOTA POSITIVA
"[color=#%s][b]%s[/b][/color] [color=#%s](%s) — %d KO%s, %d damage across %d battle%s. Match rating [/color][color=#%s][b]%.1f[/b][/color]

","[color=#%s][b]%s[/b][/color] [color=#%s](%s) — %d KO%s, %d de daño en %d combate(s)%s. Nota del partido: [/color][color=#%s][b]%.1f[/b][/color]

"
"[color=#%s]%s sat [b]%s[/b] in the %s as this went to print.[/color]
","[color=#%s]Al cierre de esta edición, el %s era [b]%s[/b] en la %s.[/color]
"
View Squad,Ver plantilla
[color=#%s]That battler has since left the club — the matter is closed.[/color],[color=#%s]Ese combatiente ya dejó el club: asunto cerrado.[/color]
[color=#%s]That battler has since left the club.[/color],[color=#%s]Ese combatiente ya dejó el club.[/color]
"[color=#%s][b]CURRENT MORALE[/b][/color]  [color=#%s][b]%d/100[/b][/color]     [color=#%s][b]CONDITION[/b][/color]  [color=#%s]%d[/color]     [color=#%s][b]WAGES[/b][/color]  [color=#%s]%s / mo[/color]

","[color=#%s][b]MORAL ACTUAL[/b][/color]  [color=#%s][b]%d/100[/b][/color]     [color=#%s][b]ESTADO[/b][/color]  [color=#%s]%d[/color]     [color=#%s][b]SALARIO[/b][/color]  [color=#%s]%s / mes[/color]

"
"[color=#%s][b]They are waiting on a message from you. What do I tell them?[/b][/color]
","[color=#%s][b]Están esperando un mensaje tuyo. ¿Qué les digo?[/b][/color]
"
"[color=#%s]You let it slide — the mood in the gym cooled on its own, but the coach noted your silence.[/color]
","[color=#%s]Lo dejaste pasar: el ambiente del gimnasio se enfrió solo, pero el entrenador tomó nota de tu silencio.[/color]
"
"Promise More Battles (+morale, tracked)","Prometer más combates (+moral, con seguimiento)"
Tell Them to Earn It (-morale),Decirle que se lo gane (-moral)
"[color=#%s][b]PLEDGE OPEN[/b][/color]  [color=#%s]You promised [b]%d battles by %s[/b]. Progress: [b]%d of %d[/b]. Break it and the whole squad will know.[/color]

","[color=#%s][b]COMPROMISO ABIERTO[/b][/color]  [color=#%s]Prometiste [b]%d combates antes del %s[/b]. Progreso: [b]%d de %d[/b]. Rómpelo y toda la plantilla lo sabrá.[/color]

"
"[color=#%s][b]PLEDGE KEPT[/b][/color]  [color=#%s]%s got the promised battles (%d of %d) by %s.[/color]

","[color=#%s][b]COMPROMISO CUMPLIDO[/b][/color]  [color=#%s]%s tuvo los combates prometidos (%d de %d) antes del %s.[/color]

"
"[color=#%s][b]PLEDGE BROKEN[/b][/color]  [color=#%s]Only %d of the %d promised battles arrived before %s. The squad remembers.[/color]

","[color=#%s][b]COMPROMISO ROTO[/b][/color]  [color=#%s]Solo llegaron %d de los %d combates prometidos antes del %s. La plantilla lo recuerda.[/color]

"
"[color=#%s]The pledge dissolved when the battler left the club.[/color]

","[color=#%s]El compromiso se disolvió cuando el combatiente dejó el club.[/color]

"
"[color=#%s][b]CURRENT MORALE[/b][/color]  [color=#%s][b]%d/100[/b][/color]     [color=#%s][b]FITNESS[/b][/color]  [color=#%s]%d[/color]

","[color=#%s][b]MORAL ACTUAL[/b][/color]  [color=#%s][b]%d/100[/b][/color]     [color=#%s][b]FORMA[/b][/color]  [color=#%s]%d[/color]

"
"[color=#%s]Development like this deserves a word from the manager — your call how loud that word is.[/color]
","[color=#%s]Un desarrollo así merece unas palabras del entrenador; tú decides lo alto que suenan.[/color]
"
Pass On Your Praise (+morale),Transmitir tu elogio (+moral)
Keep Them Grounded,Mantenerle los pies en el suelo
"[color=#%s][b]THE PLEDGE[/b][/color]  [color=#%s]%d battles promised on %s, deadline %s — [b]%d delivered[/b].[/color]
","[color=#%s][b]EL COMPROMISO[/b][/color]  [color=#%s]%d combates prometidos el %s, plazo hasta el %s — [b]%d entregados[/b].[/color]
"
[color=#%s][b]MORALE[/b][/color]  [color=#%s][b]%d » %d[/b][/color],[color=#%s][b]MORAL[/b][/color]  [color=#%s][b]%d » %d[/b][/color]
  [color=#%s](and a knock across the rest of the squad — word travels)[/color],  [color=#%s](y un golpe para el resto de la plantilla: las noticias vuelan)[/color]
"[color=#%s][i]%s's monthly league column.[/i][/color]

","[color=#%s][i]La columna mensual de liga de %s.[/i][/color]

"
"[color=#%s]The books are closed on [b]%s[/b] — %d league matchdays of it. Here is how the month will be remembered.[/color]

","[color=#%s]Se cierran los libros de [b]%s[/b]: %d jornadas de liga. Así se recordará el mes.[/color]

"
"[color=#%s][b]POKÉMON OF THE MONTH[/b][/color]
","[color=#%s][b]POKÉMON DEL MES[/b][/color]
"
1st,1.º
2nd,2.º
3rd,3.º
"[color=#%s]%s[/color]  [color=#%s][b]%s[/b][/color] [color=#%s](%s, %s) — %d battles, %d KOs, %d dmg · avg rating [/color][color=#%s][b]%.2f[/b][/color]%s
","[color=#%s]%s[/color]  [color=#%s][b]%s[/b][/color] [color=#%s](%s, %s) — %d combates, %d KO, %d daño · nota media [/color][color=#%s][b]%.2f[/b][/color]%s
"
  [color=#%s][b]« OURS[/b][/color],  [color=#%s][b]« NUESTRO[/b][/color]
"[color=#%s][b]TEAM OF THE MONTH[/b][/color]  [color=#%s][b]%s[/b][/color] [color=#%s](%d-%d in the league)%s[/color]
","[color=#%s][b]EQUIPO DEL MES[/b][/color]  [color=#%s][b]%s[/b][/color] [color=#%s](%d-%d en liga)%s[/color]
"
" — yes, YOUR team"," — sí, TU equipo"
"[color=#%s][b]SHOCK OF THE MONTH[/b][/color]  [color=#%s]%s toppling %s (%s, %s) — a %d-point reputation gap bridged in an afternoon.[/color]
","[color=#%s][b]SORPRESA DEL MES[/b][/color]  [color=#%s]%s derribando a %s (%s, %s): %d puntos de reputación salvados en una tarde.[/color]
"
"
[color=#%s][b]THE TABLE[/b][/color]  [color=#%s][b]%s[/b] led the league as the month closed","
[color=#%s][b]LA TABLA[/b][/color]  [color=#%s][b]%s[/b] lideraba la liga al cerrar el mes"
; %s sat [b]%s[/b],; el %s era [b]%s[/b]
"[color=#%s][b]OUR MONTH[/b][/color]  [color=#%s][b]%d won, %d lost[/b] in the league — %s.[/color]
","[color=#%s][b]NUESTRO MES[/b][/color]  [color=#%s][b]%d ganados, %d perdidos[/b] en liga — %s.[/color]
"
a month to build on,un mes sobre el que construir
honours even,tablas
a month to forget,un mes para olvidar
yet to play in the league,aún sin jugar en la liga
%s in the league,%s en la liga
You have already responded to this.,Ya has respondido a esto.
That battler is no longer at the club.,Ese combatiente ya no está en el club.
the rival manager,el entrenador rival
%s (%s Manager),%s (entrenador del %s)
%s (Assistant),%s (segundo entrenador)
Assistant Manager,Segundo entrenador
%s (Scout),%s (ojeador)
Chief Scout,Jefe de ojeadores
Head Coach,Primer entrenador
Honours & History,Palmarés e historia
%s · Matchday %d,%s · Jornada %d
"[color=#%s][b]BATTLE BY BATTLE[/b][/color]
","[color=#%s][b]COMBATE A COMBATE[/b][/color]
"
[color=#%s]• Battle %d — %s[/color] [color=#%s]in %d turns,[color=#%s]• Combate %d — %s[/color] [color=#%s]en %d turnos
WON,GANADO
LOST,PERDIDO
" · %s sealed it, KO'ing %s with %s", · %s lo selló debilitando a %s con %s
a final blow,un golpe final
"
[color=#%s][b]KEY MOMENTS[/b][/color]
","
[color=#%s][b]MOMENTOS CLAVE[/b][/color]
"
"
[color=#%s][b]STAR PERFORMER[/b][/color]
","
[color=#%s][b]FIGURA DEL PARTIDO[/b][/color]
"
"[color=#%s][b]%s[/b][/color] [color=#%s]— %d KO%s, %d damage dealt across the tie. Rating: [/color][color=#%s][b]%.1f[/b][/color]
","[color=#%s][b]%s[/b][/color] [color=#%s]— %d KO%s, %d de daño infligido en la eliminatoria. Nota: [/color][color=#%s][b]%.1f[/b][/color]
"
"
[color=#%s]The result leaves %s [/color][color=#%s][b]%s[/b][/color][color=#%s] in the %s.[/color]","
[color=#%s]El resultado deja al %s [/color][color=#%s][b]%s[/b][/color][color=#%s] en la %s.[/color]"
at home,en casa
on the road,a domicilio
a ruthless straight-battles sweep,un barrido implacable sin ceder combate
a dominant 2-0 performance,una actuación dominante por 2-0
total control from the first battle,control total desde el primer combate
a hard-fought win that went the distance,una victoria muy trabajada que llegó al límite
a nervy decider that fell our way,un desempate con nervios que cayó de nuestro lado
resilience after losing a battle,capacidad de reacción tras perder un combate
a chastening straight-battles defeat,una derrota aleccionadora sin ganar un combate
a sobering afternoon with no reply,"una tarde para reflexionar, sin respuesta"
a mismatch we never got a grip on,un desajuste al que nunca cogimos la medida
a narrow defeat in the deciding battle,una derrota ajustada en el combate decisivo
fine margins in a tie we let slip,márgenes mínimos en una eliminatoria que dejamos escapar
a decider that got away from us,un desempate que se nos fue
 Beating a side of %s's stature will not have gone unnoticed upstairs., Ganar a un rival de la talla del %s no habrá pasado desapercibido arriba.
 Losing to a side we were expected to beat raises awkward questions., Perder contra un rival al que debíamos ganar plantea preguntas incómodas.
[color=#%s]%s %s against [b]%s[/b] %s — %s.%s[/color],[color=#%s]%s %s contra [b]%s[/b] %s: %s.%s[/color]
Victory,Victoria
Defeat,Derrota
in the %s,en %s
league,liga
harsh sunlight baked the arena,un sol abrasador coció el estadio
driving rain swept the arena,una lluvia torrencial barrió el estadio
a sandstorm raged over the field,una tormenta de arena azotó el campo
hail hammered the field,el granizo martilleó el campo
strange weather set in,se instaló un clima extraño
 — %s's doing%s,: obra de %s%s
 (ability), (habilidad)
 %d HP was lost to the elements alone., Solo los elementos costaron %d PS.
 [color=#%s](super-effective)[/color], [color=#%s](supereficaz)[/color]
 [color=#%s](critical hit)[/color], [color=#%s](golpe crítico)[/color]
chip damage,daño residual
[color=#%s]B%d[/color]  [color=#%s]%s[/color] [color=#%s]KO'd %s%s[/color]%s,[color=#%s]C%d[/color]  [color=#%s]%s[/color] [color=#%s]debilitó a %s%s[/color]%s
 with %s, con %s
[color=#%s]A cagey tie with few clean knockouts either way.[/color],"[color=#%s]Una eliminatoria cerrada, con pocos KO limpios en ambos lados.[/color]"
"[color=#%s]We %s [b]%s[/b] %s on %s. %s are managed by %s, are [b]%s[/b], and carry a reputation of %d/20.[/color]

","[color=#%s]%s a [b]%s[/b] %s el %s. Al %s lo dirige %s, va [b]%s[/b] y tiene una reputación de %d/20.[/color]

"
host,Recibimos
travel to,Visitamos
[color=#%s][b]THEIR FORM[/b][/color]  ,[color=#%s][b]SU RACHA[/b][/color]  
"[color=#%s]No competitive matches yet this season.[/color]

","[color=#%s]Aún sin partidos oficiales esta temporada.[/color]

"
"[color=#%s][b]DANGER BATTLERS[/b][/color]
","[color=#%s][b]COMBATIENTES PELIGROSOS[/b][/color]
"
"[color=#%s][b]%s[/b][/color] [color=#%s]Lv %d[/color]  %s
","[color=#%s][b]%s[/b][/color] [color=#%s]Nv. %d[/color]  %s
"
"
[color=#%s][b]ASSISTANT'S NOTE[/b][/color]
[color=#%s]%s's [b]%s[/b] attacks profile well against their likely six (avg %.1fx effectiveness) — worth a place in the lineup.[/color]
","
[color=#%s][b]NOTA DEL SEGUNDO[/b][/color]
[color=#%s]%s y sus ataques de tipo [b]%s[/b] encajan bien contra su probable seis (eficacia media %.1fx): merece un puesto en la alineación.[/color]
"
"[color=#%s]The [b]%s[/b] draw for the Indigo Cup has been made. Ties will be played on %s.[/color]

","[color=#%s]Se ha realizado el sorteo de la [b]%s[/b] de la Copa Añil. Los duelos se jugarán el %s.[/color]

"
"[color=#%s]We have been drawn [b]%s[/b] against [b]%s[/b] (%s, reputation %d/20).[/color]

","[color=#%s]El sorteo nos empareja [b]%s[/b] contra [b]%s[/b] (%s, reputación %d/20).[/color]

"
away,fuera
"[color=#%s][b]THE DRAW IN FULL[/b][/color]
","[color=#%s][b]EL SORTEO COMPLETO[/b][/color]
"
[color=#%s]This prospect is no longer available — the report has been archived.[/color],[color=#%s]Esta promesa ya no está disponible; el informe ha sido archivado.[/color]
Go to Transfers,Ir a Traspasos
constitution,constitución
physical power,potencia física
resilience,resistencia
special power,potencia especial
special resilience,resistencia especial
speed,velocidad
One of the most exciting prospects I have watched this season. The ceiling here is a genuine league star.,Una de las promesas más ilusionantes que he visto esta temporada. Su techo es el de una auténtica estrella de la liga.
RECOMMENDATION: SIGN — move before a rival does,RECOMENDACIÓN: FICHAR — muévete antes de que lo haga un rival
"Clear first-team potential with the right development plan. Rough edges, but the raw tools are all there.","Potencial claro de titular con el plan de desarrollo adecuado. Aristas por pulir, pero la materia prima está toda."
RECOMMENDATION: MONITOR CLOSELY — bid if funds allow,RECOMENDACIÓN: SEGUIR DE CERCA — puja si los fondos lo permiten
Honest squad depth at best. I would not commit significant funds at this stage.,"Fondo de armario honesto, como mucho. No comprometería fondos importantes a estas alturas."
RECOMMENDATION: PASS — better value elsewhere,RECOMENDACIÓN: PASAR — hay mejor valor en otra parte
"[color=#%s][b]%s[/b][/color]  [color=#%s]%s · Lv %d · %d yr %d mo[/color]
%s

","[color=#%s][b]%s[/b][/color]  [color=#%s]%s · Nv. %d · %d a %d m[/color]
%s

"
Untracked,Sin seguimiento
"[color=#%s][b]POTENTIAL[/b][/color]  [color=#%s][b]%s[/b][/color]  [color=#%s](%d/20)[/color]     [color=#%s][b]SCOUTED[/b][/color]  [color=#%s]%d%% · %s[/color]

","[color=#%s][b]POTENCIAL[/b][/color]  [color=#%s][b]%s[/b][/color]  [color=#%s](%d/20)[/color]     [color=#%s][b]OJEADO[/b][/color]  [color=#%s]%d %% · %s[/color]

"
"[color=#%s][b]POTENTIAL[/b][/color]  [color=#%s][b]est %s/20[/b][/color] [color=#%s](full report pins it)[/color]     [color=#%s][b]SCOUTED[/b][/color]  [color=#%s]%d%% · %s[/color]

","[color=#%s][b]POTENCIAL[/b][/color]  [color=#%s][b]est. %s/20[/b][/color] [color=#%s](el informe completo lo fija)[/color]     [color=#%s][b]OJEADO[/b][/color]  [color=#%s]%d %% · %s[/color]

"
"[color=#%s][b]MOVESET[/b][/color]  [color=#%s]%s[/color]
","[color=#%s][b]MOVIMIENTOS[/b][/color]  [color=#%s]%s[/color]
"
"[color=#%s][b]MOVESET[/b][/color]  [color=#%s]not yet logged — Part scouted (50%%) reveals it[/color]
","[color=#%s][b]MOVIMIENTOS[/b][/color]  [color=#%s]aún sin registrar — un ojeo Parcial (50 %%) los revela[/color]
"
"[color=#%s][b]TEMPERAMENT[/b][/color]  [color=#%s]%s — folded into its battle stats[/color]
","[color=#%s][b]TEMPERAMENTO[/b][/color]  [color=#%s]%s — ya reflejado en sus estadísticas de combate[/color]
"
"[color=#%s][b]TEMPERAMENT[/b][/color]  [color=#%s]unread — Part scouted (50%%) reveals the nature[/color]
","[color=#%s][b]TEMPERAMENTO[/b][/color]  [color=#%s]sin leer — un ojeo Parcial (50 %%) revela la naturaleza[/color]
"
"[color=#%s][b]BATTLE ABILITY[/b][/color]  [color=#%s]%s[/color]
","[color=#%s][b]HABILIDAD[/b][/color]  [color=#%s]%s[/color]
"
"[color=#%s][b]BATTLE ABILITY[/b][/color]  [color=#%s]unconfirmed — a Detailed watch (75%%) pins it[/color]
","[color=#%s][b]HABILIDAD[/b][/color]  [color=#%s]sin confirmar — un seguimiento Detallado (75 %%) la fija[/color]
"
"[color=#%s][b]STANDOUT TRAIT[/b][/color]  [color=#%s]Exceptional %s (%d/15 genetics)[/color]
","[color=#%s][b]RASGO DESTACADO[/b][/color]  [color=#%s]%s excepcional (genética %d/15)[/color]
"
"[color=#%s][b]STANDOUT TRAIT[/b][/color]  [color=#%s]Exceptional %s for its level (genetics confirmed at 100%%)[/color]
","[color=#%s][b]RASGO DESTACADO[/b][/color]  [color=#%s]%s excepcional para su nivel (genética confirmada al 100 %%)[/color]
"
 (est.), (est.)
"[color=#%s][b]WAGE DEMAND[/b][/color]  [color=#%s]%s / month[/color]

","[color=#%s][b]PRETENSIÓN SALARIAL[/b][/color]  [color=#%s]%s / mes[/color]

"
"[color=#%s][b]%s[/b] (%s, reputation %d/20, funds %s) %s[/color]
","[color=#%s][b]%s[/b] (%s, reputación %d/20, fondos %s) %s[/color]
"
have agreed to pay our asking price of,ha aceptado pagar nuestro precio de
have a bid on the table of,tiene sobre la mesa una oferta de
"[color=#%s]for [b]%s[/b] (%s, Lv %d — wages %s / month, contracted to %s).[/color]

","[color=#%s]por [b]%s[/b] (%s, Nv. %d — salario %s / mes, con contrato hasta %s).[/color]

"
comfortably above our %s valuation — hard to turn down,claramente por encima de nuestra valoración de %s: difícil de rechazar
in line with our %s valuation,en línea con nuestra valoración de %s
below our %s valuation — we hold the cards,por debajo de nuestra valoración de %s: tenemos la sartén por el mango
"[color=#%s][b]FINANCE VIEW[/b][/color]  [color=#%s]The fee is %s.[/color]
","[color=#%s][b]VISIÓN FINANCIERA[/b][/color]  [color=#%s]El importe está %s.[/color]
"
"[color=#%s][b]DEAL STRUCTURE[/b][/color]  [color=#%s]%s.[/color]
","[color=#%s][b]ESTRUCTURA DEL ACUERDO[/b][/color]  [color=#%s]%s.[/color]
"
"[color=#%s][b]IF WE SELL[/b][/color]  [color=#%s]Balance %s » [b]%s[/b]%s · frees %s / month in wages · squad %d » %d.[/color]
","[color=#%s][b]SI VENDEMOS[/b][/color]  [color=#%s]Saldo %s » [b]%s[/b]%s · libera %s / mes en salarios · plantilla %d » %d.[/color]
"
 now (rest in installments), ahora (el resto a plazos)
"[color=#%s][b]SQUAD WARNING[/b]  Selling would leave us at the 6-battler league minimum.[/color]
","[color=#%s][b]AVISO DE PLANTILLA[/b]  Vender nos dejaría en el mínimo de 6 combatientes de la liga.[/color]
"
"[color=#%s][b]NEGOTIATION LOG[/b][/color]
","[color=#%s][b]REGISTRO DE LA NEGOCIACIÓN[/b][/color]
"
[color=#%s][b]DECISION REQUIRED — offer expires %s (%s).[/b][/color],[color=#%s][b]DECISIÓN REQUERIDA — la oferta expira el %s (%s).[/b][/color]
in %d day%s,en %d día%s
Accept %s,Aceptar %s
Demand %s,Exigir %s
Reject Offer,Rechazar oferta
[color=#%s][b]THIS OFFER HAS EXPIRED[/b] (deadline was %s).[/color],[color=#%s][b]ESTA OFERTA HA EXPIRADO[/b] (el plazo era el %s).[/color]
[color=#%s][b]DECISION REQUIRED — %s met our demand%s. Confirm the sale or pull out.[/b][/color],[color=#%s][b]DECISIÓN REQUERIDA — %s ha aceptado nuestra exigencia%s. Confirma la venta o retírate.[/b][/color]
 (incl. a %d%% sell-on clause), (incl. una cláusula de reventa del %d %%)
Confirm Sale (%s),Confirmar venta (%s)
Pull Out,Retirarse
[color=#%s]We demanded [b]%s[/b]. %s will respond by [b]%s[/b].[/color],[color=#%s]Exigimos [b]%s[/b]. %s responderá antes del [b]%s[/b].[/color]
End Talks,Cerrar la negociación
[color=#%s][b]SALE COMPLETED.[/b] %s joined %s and %s was credited to our balance (now %s).[/color],[color=#%s][b]VENTA COMPLETADA.[/b] %s se marchó al %s y se ingresaron %s en nuestro saldo (ahora %s).[/color]
[color=#%s][b]We rejected this offer.[/b] %s stays at the club.[/color],[color=#%s][b]Rechazamos esta oferta.[/b] %s se queda en el club.[/color]
[color=#%s][b]%s walked away[/b] — talks are over.[/color],[color=#%s][b]%s se levantó de la mesa[/b]: la negociación ha terminado.[/color]
[color=#%s][b]This offer expired[/b] without a decision.[/color],[color=#%s][b]Esta oferta expiró[/b] sin decisión.[/color]
[color=#%s]Negotiation state: %s.[/color],[color=#%s]Estado de la negociación: %s.[/color]
"[color=#%s][b]OFFER[/b][/color]  [color=#%s]%s from %s.[/color]
","[color=#%s][b]OFERTA[/b][/color]  [color=#%s]%s del %s.[/color]
"
[color=#%s][b]THIS OFFER HAS EXPIRED[/b] (deadline was %s). No action is possible.[/color],[color=#%s][b]ESTA OFERTA HA EXPIRADO[/b] (el plazo era el %s). No hay acción posible.[/color]
[color=#%s]This item is no longer negotiable — the full record lives in the Transfer Centre.[/color],[color=#%s]Este asunto ya no es negociable; el expediente completo está en el Centro de traspasos.[/color]
"[color=#%s][b]SEASON OBJECTIVES[/b][/color]
","[color=#%s][b]OBJETIVOS DE LA TEMPORADA[/b][/color]
"
"[color=#%s]• League:[/color] [color=#%s][b]%s[/b][/color]
","[color=#%s]• Liga:[/color] [color=#%s][b]%s[/b][/color]
"
"[color=#%s]• Cup:[/color] [color=#%s][b]%s[/b][/color]

","[color=#%s]• Copa:[/color] [color=#%s][b]%s[/b][/color]

"
"[color=#%s][b]RESOURCES[/b][/color]
","[color=#%s][b]RECURSOS[/b][/color]
"
"[color=#%s]• Bank balance:[/color] [color=#%s][b]%s[/b][/color]
","[color=#%s]• Saldo bancario:[/color] [color=#%s][b]%s[/b][/color]
"
"[color=#%s]• Transfer budget:[/color] [color=#%s][b]%s[/b][/color] [color=#%s](released by the board for fees and equipment)[/color]
","[color=#%s]• Presupuesto de fichajes:[/color] [color=#%s][b]%s[/b][/color] [color=#%s](liberado por la directiva para traspasos y equipamiento)[/color]
"
"[color=#%s]• Wage budget:[/color] [color=#%s][b]%s / month[/b][/color] [color=#%s](current bill %s)[/color]

","[color=#%s]• Presupuesto salarial:[/color] [color=#%s][b]%s / mes[/b][/color] [color=#%s](gasto actual %s)[/color]

"
[color=#%s]The board will formally review progress at the start of each month. Expected league position based on club stature: [b]%s[/b].[/color],[color=#%s]La directiva revisará formalmente el progreso al inicio de cada mes. Posición esperada en liga según la talla del club: [b]%s[/b].[/color]
"[color=#%s]The board has completed its scheduled review of the club's progress.[/color]

","[color=#%s]La directiva ha completado su revisión programada del progreso del club.[/color]

"
"[color=#%s][b]CONFIDENCE[/b][/color]  [color=#%s][b]%s[/b][/color] [color=#%s](%d%%)[/color]
","[color=#%s][b]CONFIANZA[/b][/color]  [color=#%s][b]%s[/b][/color] [color=#%s](%d %%)[/color]
"
"[color=#%s][b]LEAGUE[/b][/color]  [color=#%s]No league matches played yet — the board expects around [b]%s[/b] once the season is under way.[/color]
","[color=#%s][b]LIGA[/b][/color]  [color=#%s]Aún sin partidos de liga; la directiva espera alrededor del [b]%s[/b] cuando arranque la temporada.[/color]
"
"[color=#%s][b]LEAGUE[/b][/color]  [color=#%s]Currently [b]%s[/b] — the board expected around [b]%s[/b].[/color]
","[color=#%s][b]LIGA[/b][/color]  [color=#%s]Actualmente [b]%s[/b]; la directiva esperaba alrededor del [b]%s[/b].[/color]
"
[color=#%s][b]FORM[/b][/color]  ,[color=#%s][b]RACHA[/b][/color]  
"  [color=#%s](%d of last %d won)[/color]
","  [color=#%s](%d de los últimos %d ganados)[/color]
"
"[color=#%s][b]CUP[/b][/color]  [color=#%s]%s[/color]

","[color=#%s][b]COPA[/b][/color]  [color=#%s]%s[/color]

"
[color=#%s][b]FINANCES[/b][/color]  [color=#%s]Balance [b]%s[/b] · transfer budget [b]%s[/b] · wage bill [b]%s[/b] of the %s budget[/color] [color=#%s]%s[/color],[color=#%s][b]FINANZAS[/b][/color]  [color=#%s]Saldo [b]%s[/b] · presupuesto de fichajes [b]%s[/b] · masa salarial [b]%s[/b] de un presupuesto de %s[/color] [color=#%s]%s[/color]
(OVER BUDGET),(POR ENCIMA DEL PRESUPUESTO)
(within budget),(dentro del presupuesto)
"[color=#%s]The finance office has closed the books on [b]%s[/b].[/color]

","[color=#%s]La oficina financiera ha cerrado los libros de [b]%s[/b].[/color]

"
"[color=#%s][b]INCOME[/b][/color]   [color=#%s][b]+%s[/b][/color]
","[color=#%s][b]INGRESOS[/b][/color]   [color=#%s][b]+%s[/b][/color]
"
"
[color=#%s][b]EXPENDITURE[/b][/color]   [color=#%s][b]-%s[/b][/color]
","
[color=#%s][b]GASTOS[/b][/color]   [color=#%s][b]-%s[/b][/color]
"
"
[color=#%s][b]OPERATING RESULT[/b][/color]  [color=#%s][b]%s%s[/b][/color]
","
[color=#%s][b]RESULTADO OPERATIVO[/b][/color]  [color=#%s][b]%s%s[/b][/color]
"
"[color=#%s]Bank balance now [b]%s[/b] · wage bill %s of the %s budget %s.[/color]
","[color=#%s]Saldo bancario actual: [b]%s[/b] · masa salarial %s de un presupuesto de %s %s.[/color]
"
"[color=#%s]A losing month — home gates, cup runs or player sales must cover the shortfall.[/color]","[color=#%s]Un mes en pérdidas: la taquilla, las rondas de copa o las ventas tendrán que cubrir el agujero.[/color]"
[color=#%s]A profitable month — the operating surplus is yours to reinvest.[/color],[color=#%s]Un mes rentable: el superávit operativo es tuyo para reinvertir.[/color]
"[color=#%s]Your request — [b]%s[/b] — has been tabled for the board's next sitting.[/color]

","[color=#%s]Tu petición —[b]%s[/b]— se tratará en la próxima reunión de la directiva.[/color]

"
"[color=#%s][b]STATUS[/b][/color]  [color=#%s]Under consideration — a decision is expected by [b]%s[/b].[/color]
","[color=#%s][b]ESTADO[/b][/color]  [color=#%s]En estudio; se espera una decisión antes del [b]%s[/b].[/color]
"
"[color=#%s][b]STATUS[/b][/color]  [color=#%s]Answered on %s — see the board's reply in your inbox.[/color]
","[color=#%s][b]ESTADO[/b][/color]  [color=#%s]Respondida el %s; mira la respuesta de la directiva en tu bandeja.[/color]
"
[color=#%s][b]MOOD IN THE ROOM[/b][/color]  [color=#%s]The board is currently [b]%s[/b] (%d%%) — that will weigh heavily on the answer.[/color],[color=#%s][b]AMBIENTE EN LA SALA[/b][/color]  [color=#%s]La directiva está ahora mismo [b]%s[/b] (%d %%); eso pesará mucho en la respuesta.[/color]
REQUEST GRANTED IN FULL,PETICIÓN CONCEDIDA ÍNTEGRAMENTE
PARTIALLY GRANTED,CONCEDIDA EN PARTE
REQUEST REFUSED,PETICIÓN RECHAZADA
"[color=#%s]You asked for [b]%s[/b] on %s.[/color]

","[color=#%s]Pediste [b]%s[/b] el %s.[/color]

"
"[color=#%s][b]THE BOARD'S REASONING[/b][/color]
","[color=#%s][b]EL RAZONAMIENTO DE LA DIRECTIVA[/b][/color]
"
"[color=#%s][b]WHAT CHANGES[/b][/color]
","[color=#%s][b]QUÉ CAMBIA[/b][/color]
"
"[color=#%s]Monthly wage budget: %s » [b]%s[/b] (+%s).[/color]
","[color=#%s]Presupuesto salarial mensual: %s » [b]%s[/b] (+%s).[/color]
"
"[color=#%s]Bank balance: %s » [b]%s[/b] — %s of the owners' money, available to spend now.[/color]
","[color=#%s]Saldo bancario: %s » [b]%s[/b] — %s del dinero de los propietarios, disponible para gastar ya.[/color]
"
"[color=#%s]Bank balance: %s » [b]%s[/b]. All %d prospect files gained +%d%% scouting knowledge.[/color]
","[color=#%s]Saldo bancario: %s » [b]%s[/b]. Los %d expedientes de promesas ganaron +%d %% de conocimiento.[/color]
"
"[color=#%s]That is [b]%s[/b] of the %s you asked for — the board would not stretch further.[/color]
","[color=#%s]Eso es [b]%s[/b] de los %s que pediste; la directiva no quiso estirarse más.[/color]
"
"[color=#%s]Nothing changes. Pushing again soon will only harden the board's stance.[/color]
","[color=#%s]Nada cambia. Insistir pronto solo endurecerá la postura de la directiva.[/color]
"
View Prospects,Ver promesas
a wage budget increase of %s / month,un aumento del presupuesto salarial de %s / mes
a funds injection of %s,una inyección de fondos de %s
a %s scouting network investment,una inversión de %s en la red de ojeadores
a request,una petición
Match report:,Crónica del partido:
Cup draw:,Sorteo de copa:
Cup draw: %s,Sorteo de copa: %s
Welcome to,Bienvenido al
Scouting:,Ojeo:
Scout report ready:,Informe de ojeo listo:
Scout report: %s,Informe de ojeo: %s
Youth intake day:,Día de ingreso juvenil:
Indigo League Cup Committee,Comité de Copa de la Liga Añil
Season preview: what the board expects,Previa de la temporada: lo que espera la directiva
The board has set out its expectations for the %s campaign.,La directiva ha fijado sus expectativas para la campaña de la %s.
Board review: %s,Revisión de la directiva: %s
The board has met to review the club's progress on and off the pitch.,La directiva se ha reunido para revisar el progreso del club dentro y fuera del campo.
%s has filed a report on a prospect they have been tracking.,%s ha presentado un informe sobre una promesa a la que seguía la pista.
A dossier from %s has landed on your desk — assessment attached.,Un expediente de %s ha aterrizado en tu mesa; evaluación adjunta.
%s has wrapped up several weeks on the road watching a promising youngster.,%s ha cerrado varias semanas de carretera observando a un joven prometedor.
Fresh intel: %s has opened a proper book on this prospect and recommends you read it.,Información fresca: %s ha abierto un expediente serio sobre esta promesa y recomienda leerlo.
"%s writes: ""Done my homework on this one, boss. Worth two minutes of your time.""","%s escribe: «He hecho los deberes con este, jefe. Merece dos minutos de tu tiempo»."
The scouting desk files another dossier — %s's report is attached.,La mesa de ojeadores archiva otro expediente; se adjunta el informe de %s.
Transfer offer: %s bid %s for %s,Oferta de traspaso: %s ofrece %s por %s
%s have submitted a formal offer for %s. The offer expires on %s.,%s ha presentado una oferta formal por %s. La oferta expira el %s.
Transfer interest: %s bid %s for %s,Interés de traspaso: %s ofrece %s por %s
"%s have lodged an offer for %s — around our valuation, nothing that demands an immediate answer. It waits in the Transfer Centre until %s.","%s ha registrado una oferta por %s, en torno a nuestra valoración; nada que exija respuesta inmediata. Espera en el Centro de traspasos hasta el %s."
Next match: %s %s (%s),Próximo partido: %s %s (%s)
at,en casa del
 cup tie, de copa
Pre-match briefing prepared ahead of the %s meeting with %s on %s.,Informe de previa preparado para el duelo de %s contra %s el %s.
The %s draw for the Indigo Cup has been made.,Se ha realizado el sorteo de la %s de la Copa Añil.
challenge for the league title,luche por el título de liga
push for a top-four finish,pelee por acabar entre los cuatro primeros
finish in the top half of the table,termine en la mitad alta de la tabla
secure a comfortable mid-table finish,asegure una cómoda mitad de tabla
stay well clear of the bottom places,se mantenga bien lejos de los últimos puestos
reach the Indigo Cup Final,alcance la Final de la Copa Añil
reach the Indigo Cup Semi-Final,alcance las semifinales de la Copa Añil
reach the Indigo Cup Quarter-Final,alcance los cuartos de final de la Copa Añil
Not entered,No inscrito
In the %s (tie on %s),En %s (duelo el %s)
INDIGO CUP WINNERS,CAMPEONES DE LA COPA AÑIL
Through to the %s,Clasificado para %s
Eliminated in the %s,Eliminado en %s
Eliminated,Eliminado
Satisfied,Satisfecha
Pleased,Complacida
Concerned,Preocupada
Worried,Inquieta
Insecure,En vilo
The board is content to give you time to settle in before judging results.,La directiva está dispuesta a darte tiempo para asentarte antes de juzgar los resultados.
The board is thrilled that the team is far exceeding its league expectations.,La directiva está encantada: el equipo supera con creces sus expectativas en liga.
The board notes with approval that results are on course for its stated aims.,La directiva constata con aprobación que los resultados van camino de los objetivos marcados.
The board expects an improvement on the current league position before long.,La directiva espera una mejora de la posición actual en liga en poco tiempo.
The board is alarmed by results falling well short of what was demanded.,La directiva está alarmada por unos resultados muy por debajo de lo exigido.
could lead the first team for a decade,podría liderar el primer equipo durante una década
a genuine prospect worth developing,una promesa de verdad que merece desarrollo
"solid foundations, needs game time",cimientos sólidos; necesita minutos
one for the depth chart at best,"como mucho, uno para el fondo de armario"
promoted to the first team,ascendido al primer equipo
released from the academy,liberado de la academia
Board considering academy investment,La directiva estudia invertir en la academia
Board approves academy expansion,La directiva aprueba ampliar la academia
Board rejects academy request,La directiva rechaza la petición de la academia
New academy facilities open,Abren las nuevas instalaciones de la academia
"Your previous career predates the two-league world (Kanto League + Johto League with the cross-league Indigo Cup) and could not be carried over. A fresh career has been started at %s — good luck, boss.","Tu carrera anterior es previa al mundo de dos ligas (Liga Kanto y Liga Johto con la Copa Añil entre ligas) y no se pudo conservar. Se ha iniciado una carrera nueva en el %s. ¡Suerte, jefe!"
Welcome to %s,Bienvenido al %s
The board expects a solid mid-table finish in the %s. Your first fixture is on %s.,La directiva espera un sólido puesto de mitad de tabla en la %s. Tu primer partido es el %s.
Match report: %d-%d vs %s,Crónica del partido: %d-%d vs %s
"We won the %s tie against %s, %d-%d in battles.","Hemos ganado el duelo de %s contra %s, %d-%d en combates."
"We lost the %s tie against %s, %d-%d in battles.","Hemos perdido el duelo de %s contra %s, %d-%d en combates."
cup,copa
%s draw: %s,Sorteo de la %s: %s
The %s %s draw has been made — clubs from both leagues remain in the hat.,Se ha realizado el sorteo de la %s (%s); siguen en el bombo clubes de ambas ligas.
Season %d is under way,La temporada %d ya está en marcha
Preseason at %s. Both championships have published their fixtures and the %s first-round draw has been made. Your league opener is on %s.,Pretemporada en el %s. Ambos campeonatos han publicado sus calendarios y se ha sorteado la primera ronda de la %s. Tu estreno liguero es el %s.
A new chapter: welcome to %s,Un nuevo capítulo: bienvenido al %s
"The board of %s has taken a chance on you after your dismissal at %s. Expectations are humbler here — rebuild your reputation, one matchday at a time.",La directiva del %s ha apostado por ti tras tu despido en el %s. Aquí las expectativas son más humildes: reconstruye tu reputación jornada a jornada.
Battle Plan,Plan de combate
Saving…,Guardando…
Saved %s  ·  live on the match engine,Guardado a las %s  ·  activo en el motor de partido
Loaded · active plan live on the match engine,Cargado · plan activo en el motor de partido
Rename,Renombrar
Auto-Pick,Autoselección
Re-select the best six by level & condition and assign each battler its most natural role.,Vuelve a elegir el mejor seis por nivel y estado y asigna a cada combatiente su rol más natural.
Starting six — battle order,Seis titular — orden de combate
Bench — substitution order,Banquillo — orden de sustitución
No reserves — entire squad starts.,Sin reservas: toda la plantilla es titular.
NEXT: %s game 2 is 2v2 DOUBLES — slots 1 & 2 open as your pair.,PRÓXIMO: el 2.º combate de %s es DOBLES 2c2 — los puestos 1 y 2 abren como pareja.
Cup ties: game 2 is 2v2 doubles — slots 1 & 2 open as your pair.,Eliminatorias de copa: el 2.º combate es dobles 2c2 — los puestos 1 y 2 abren como pareja.
"The engine plays cup game 2 as 2v2 doubles. Your battle order is the doubles order: slots 1 and 2 start together, faints pull in slot 3 onward. League matches are all singles.",El motor juega el 2.º combate de copa como dobles 2c2. Tu orden de combate es el orden de dobles: los puestos 1 y 2 empiezan juntos y los debilitados dan paso al 3 en adelante. Los partidos de liga son todos individuales.
Drag a row onto another (or click two rows) to swap. Slot 1 opens the battle.,Arrastra una fila sobre otra (o haz clic en dos filas) para intercambiarlas. El puesto 1 abre el combate.
Battle line,Línea de combate
Type coverage — best move vs each defending type,Cobertura de tipos — mejor movimiento contra cada tipo defensor
Defensive response — damage taken from each attack type,Respuesta defensiva — daño recibido de cada tipo de ataque
%s — slot %d · %s (%s %d),%s — puesto %d · %s (%s %d)
LEAD,INICIAL
SLOT %d,PUESTO %d
"
%s: the ability changes this from the raw type chart (×%s).","
%s: la habilidad altera lo que dice la tabla de tipos (×%s)."
TEAM,EQUIPO
THREAT,AMENAZA
TYPES,TIPOS
Nobody hits %s super-effectively!,¡Nadie golpea a %s de forma supereficaz!
No starter is weak to %s.,Ningún titular es débil a %s.
Every type is hit super-effectively by at least one starter.,Todos los tipos reciben un golpe supereficaz de al menos un titular.
No super-effective answer to: %s.,Sin respuesta supereficaz contra: %s.
No attack type threatens 3+ of your starters.,Ningún tipo de ataque amenaza a 3 o más de tus titulares.
%s (%d weak),%s (%d débiles)
Dangerous incoming types: %s.,Tipos entrantes peligrosos: %s.
 %s PLAN , PLAN %s 
Set by %s,Definido por %s
Weather lasts 5 turns from a move (8 from an ability). Sun: Fire ×1.5 / Water ×0.5. Rain: the reverse. Sandstorm chips non Rock/Ground/Steel and raises Rock SpD ×1.5.,"El clima dura 5 turnos si viene de un movimiento (8 de una habilidad). Sol: Fuego ×1,5 / Agua ×0,5. Lluvia: al revés. La tormenta de arena daña a los que no son Roca/Tierra/Acero y sube la Def. Esp. de Roca ×1,5."
Scout report — next opponent: %s (%s) · %s · %s,Informe de ojeo — próximo rival: %s (%s) · %s · %s
THEIR LIKELY SIX,SU SEIS PROBABLE
OUR BEST ANSWER,NUESTRA MEJOR RESPUESTA
THEY THREATEN,AMENAZAN CON
%s  Lv %d,%s  Nv. %d
Matchday link — this plan commands the engine,Enlace de jornada — este plan gobierna el motor
ENGINE LINK ACTIVE,ENLACE CON EL MOTOR ACTIVO
ENGINE LINK OFFLINE,ENLACE CON EL MOTOR APAGADO
"TacticsDirector stamps this plan onto every match-day squad sheet
and resolves instant sims with it (deterministic per fixture).","TacticsDirector estampa este plan en cada hoja de equipo de jornada
y resuelve con él las simulaciones instantáneas (determinista por partido)."
Slot order = battle order · slot 1 opens · instructions drive every AI turn,Orden de puestos = orden de combate · el 1 abre · las instrucciones dirigen cada turno de la IA
No upcoming fixture to rehearse against.,No hay partido próximo contra el que ensayar.
REHEARSAL vs %s · %s,ENSAYO vs %s · %s
Re-run rehearsal,Repetir el ensayo
"Plays %d fresh full-strength best-of-3 ties with this plan (unsaved edits included)
against the opponent's likely six, on new seeds.","Juega %d eliminatorias nuevas al mejor de 3 a plena fuerza con este plan (incluye cambios sin guardar)
contra el seis probable del rival, con semillas nuevas."
Rehearsing…,Ensayando…
Rehearsal unavailable (no valid teams).,Ensayo no disponible (sin equipos válidos).
Won %d of %d ties  (%s),Ganadas %d de %d eliminatorias  (%s)
"Battlers lost per tie: us %.1f, them %.1f.","Combatientes perdidos por eliminatoria: nosotros %.1f, ellos %.1f."
Most exposed: %s (down %d times).,El más expuesto: %s (cayó %d veces).
Every turn chosen from this plan's instructions — edit a slider and re-run.,Cada turno se elige con las instrucciones de este plan; mueve un control y repite.
Team instructions,Instrucciones de equipo
Role guide,Guía de roles
Aggression,Agresividad
Aggressive sides stay in and trade blows; cautious sides pivot out of even matchups.,Los equipos agresivos se quedan y cambian golpes; los cautos rotan incluso en duelos igualados.
Switch-out threshold,Umbral de retirada
%d%% HP,%d %% PS
Battlers look for an exit once their HP drops below this line.,Los combatientes buscan la salida cuando sus PS caen por debajo de esta línea.
Status-move priority,Prioridad de movimientos de estado
High: fish for sleep/paralysis early. Low: just click the strongest attack.,Alta: busca sueño o parálisis pronto. Baja: usa sin más el ataque más fuerte.
Protect the lead,Proteger al inicial
Pull the Lead out of losing matchups instead of sacrificing it.,Saca al Inicial de los duelos perdidos en lugar de sacrificarlo.
Preserve the last battler,Preservar al último combatiente
Never leave your final battler in a hopeless matchup — play for the turn cap.,Nunca dejes a tu último combatiente en un duelo imposible: juega al límite de turnos.
Revenge switching,Cambio vengador
"After a faint, send the Revenge Killer (or fastest battler) rather than next in order.","Tras un debilitado, envía al Vengador (o al más rápido) en vez de al siguiente del orden."
Key attributes: %s,Atributos clave: %s
WHY THIS RATING,POR QUÉ ESTA NOTA
ALL ROLES FOR %s,TODOS LOS ROLES PARA %s
New Plan,Plan nuevo
Cannot delete the only tactic,No se puede borrar la única táctica
"Delete tactic ""%s""?",¿Borrar la táctica «%s»?
Rename tactic,Renombrar táctica
Tactic name,Nombre de la táctica
Delete tactic,Borrar táctica
"%s — drag onto another row to swap, or click two rows.","%s — arrastra sobre otra fila para intercambiar, o haz clic en dos filas."
HP %d  SPE %d  %d%%,PS %d  VEL %d  %d %%
pow %d,pot. %d
status,estado
"%s as %s: %d/100 (%s)
","%s como %s: %d/100 (%s)
"
"%s

Suited to: %s","%s

Le convienen: %s"
Natural,Innato
Accomplished,Consumado
Competent,Competente
Unconvincing,Poco convincente
Awkward,Forzado
"Opens every battle. Sets the tempo in the first exchanges: outspeeds the opposing opener, disrupts with sleep or paralysis, then pivots out before taking real damage.","Abre cada combate. Marca el ritmo en los primeros intercambios: supera en velocidad al inicial rival, molesta con sueño o parálisis y rota antes de recibir daño de verdad."
"Speed, sleep/paralysis moves, stat drops, screens","Velocidad, movimientos de sueño/parálisis, bajadas de estadísticas, pantallas"
"Your win condition. Stays in to snowball: boosts its attacking stats when given a free turn, then cleans up the weakened opposition with raw offensive pressure.",Tu condición de victoria. Se queda para crecer: sube sus estadísticas ofensivas cuando le regalan un turno y después barre a un rival debilitado con pura presión ofensiva.
"Speed, Attack/Sp.Atk, set-up moves, high-power STAB","Velocidad, Ataque/At. Esp., movimientos de mejora, STAB de alta potencia"
"Absorbs the hits the rest of the side cannot. Wears opponents down with poison and burns, recovers HP, and simply refuses to faint while the game turns your way.","Absorbe los golpes que el resto del equipo no puede. Desgasta con veneno y quemaduras, recupera PS y sencillamente se niega a caer mientras el partido gira a tu favor."
"HP, Defence, Sp.Def, recovery, toxic/burn moves","PS, Defensa, Def. Esp., recuperación, movimientos de tóxico/quemadura"
"The flexible glue. Switches into dangerous matchups thanks to good resistances and balanced bulk, keeps momentum and hands the initiative back to your attackers.","El pegamento flexible. Entra en duelos peligrosos gracias a buenas resistencias y un aguante equilibrado, conserva el impulso y devuelve la iniciativa a tus atacantes."
"Resistances, all-round stats, wide move coverage","Resistencias, estadísticas completas, amplia cobertura de movimientos"
Comes in immediately after a faint to outspeed and delete the threat before it moves again. Priority moves let it pick off even faster targets.,Entra justo después de un debilitado para superar en velocidad y borrar la amenaza antes de que vuelva a moverse. Los movimientos de prioridad le permiten cazar incluso a rivales más rápidos.
"Top speed, priority moves, immediate power","Velocidad punta, movimientos de prioridad, pegada inmediata"
"The support piece. Heals itself to stay on the field, spreads status to buy turns, and screens the team so your win conditions arrive at full strength.","La pieza de apoyo. Se cura para seguir en el campo, reparte estados para ganar turnos y protege al equipo con pantallas para que tus condiciones de victoria lleguen enteras."
"Recovery, sleep/paralysis, screens, staying power","Recuperación, sueño/parálisis, pantallas, aguante"
MATCH DAY CENTRE,CENTRO DE LA JORNADA
Next fixture,Próximo partido
No upcoming fixture — the season is done.,Sin partidos por delante: la temporada ha terminado.
Cup · %s,Copa · %s
League · Round %d,Liga · Jornada %d
today — press Continue,hoy — pulsa Continuar
OPPONENT SNAPSHOT,RETRATO DEL RIVAL
%s — managed by %s,%s — dirigido por %s
League position: %d · %d pts · reputation %d/20,Posición en liga: %d · %d ptos. · reputación %d/20
Recent results,Últimos resultados
No matches played yet this season.,Aún no se han jugado partidos esta temporada.
Current league position: — (season not started),Posición actual en liga: — (temporada sin empezar)
Current league position: %d of %d,Posición actual en liga: %d de %d
YOUR STARTING SIX,TU SEIS TITULAR
HP %d · Spe %d,PS %d · Vel. %d
"Press Continue in the top bar — the game stops here on match day
for team selection, live battles and touchline control.","Pulsa Continuar en la barra superior: el día de partido el juego se detiene aquí
para la alineación, los combates en directo y el control desde la banda."
League R%d,Liga J%d
Form:,Racha:
MATCH DAY  ·  %s  ·  %s  ·  best of 3 six-a-side battles  ·  %s,DÍA DE PARTIDO  ·  %s  ·  %s  ·  al mejor de 3 combates de seis  ·  %s
home advantage: none — this is about the six you send out,ventaja de campo: ninguna — todo depende del seis que saques
away day,partido a domicilio
"CUP FORMAT — game 2 is played 2v2 DOUBLES: two actives per side, ","FORMATO DE COPA — el 2.º combate se juega en DOBLES 2c2: dos activos por bando, "
"spread moves, targeting calls. Order your six with a doubles pair in mind.",movimientos de área y elección de objetivos. Ordena tu seis pensando en una pareja de dobles.
Your starting six  ·  slot 1 leads off,Tu seis titular  ·  el puesto 1 abre
Up,Subir
Down,Bajar
Swap with reserve,Cambiar con un reserva
Reset best six,Restablecer el mejor seis
RESERVES,RESERVAS
MATCH BAG — usable mid-battle (an item spends the turn),MOCHILA DE PARTIDO — usable en pleno combate (un objeto gasta el turno)
Bag is empty — visit the Items screen to stock up on potions and heals.,La mochila está vacía: pasa por la pantalla de Objetos para llenarla de pociones y curas.
Scout report · %s,Informe de ojeo · %s
Reputation: %d / 20,Reputación: %d / 20
League: %s · %d pts,Liga: %s · %d ptos.
EXPECTED DIFFICULTY,DIFICULTAD ESPERADA
KEY THREATS,AMENAZAS CLAVE
%s punishes your lineup,%s castiga tu alineación
watch out for %s,cuidado con %s
no obvious edge,sin ventaja evidente
Strong favourites,Claros favoritos
Favourites,Favoritos
Even contest,Duelo igualado
Underdogs,No favoritos
Big underdogs,Grandes tapados
%s  ·  avg level %0.1f vs %0.1f,%s  ·  nivel medio %0.1f vs %0.1f
Their expected six,Su seis esperado
     HP %d · Atk %d · Def %d · SpA %d · SpD %d · Spe %d,     PS %d · Ata. %d · Def. %d · AtE. %d · DfE. %d · Vel. %d
     • holds %s,     • lleva %s
"Six picked by level and condition — expect this exact
lineup in every battle of the series.","Seis elegido por nivel y estado: espera exactamente
esta alineación en cada combate de la serie."
"Play it yourself — every move, switch and item is your call —
or delegate: watch the coach run it, or take the instant result.","Juégalo tú mismo —cada movimiento, cambio y objeto es cosa tuya—
o delega: mira cómo lo lleva el técnico, o toma el resultado instantáneo."
Instant result,Resultado instantáneo
Simulate the whole tie and jump to the report.,Simula toda la eliminatoria y salta a la crónica.
Watch — coach decides,Ver — decide el técnico
"Sit back on the touchline: the AI coach picks moves under your instructions.
You can still force switches, change instructions or take over at any time.","Siéntate en la banda: el técnico elige los movimientos según tus instrucciones.
Puedes forzar cambios, ajustar instrucciones o tomar el mando en cualquier momento."
PLAY THE MATCH — you call every turn,JUGAR EL PARTIDO — tú cantas cada turno
"Interactive battle: choose attacks, switches and bag items each turn.","Combate interactivo: elige ataques, cambios y objetos de la mochila cada turno."
Your ratings,Tus notas
%s ratings,Notas del %s
League Round %d,"Liga, jornada %d"
FULL TIME  ·  %s  ·  %s  ·  %s,FINAL  ·  %s  ·  %s  ·  %s
VICTORY,VICTORIA
%s · %d turns,%s · %d turnos
Player of the match: %s (%.1f),Jugador del partido: %s (%.1f)
Bag: you used %s  ·  they used %d item%s  ·  stock updated,Mochila: usaste %s  ·  ellos usaron %d objeto%s  ·  existencias actualizadas
DMG OUT,DAÑO HECHO
DMG IN,DAÑO RECIBIDO
RATING,NOTA
Key moments,Momentos clave
"[color=#8b91a8]— BATTLE %d —[/color]
","[color=#8b91a8]— COMBATE %d —[/color]
"
[color=#8b91a8]A quiet affair — no defining moments.[/color],"[color=#8b91a8]Un duelo tranquilo, sin momentos decisivos.[/color]"
Momentum — full series,Impulso — serie completa
Result recorded — %d-%d vs %s. A full report is waiting in your inbox.,Resultado registrado: %d-%d vs %s. Tienes la crónica completa en tu bandeja.
US,NOSOTROS
THEM,ELLOS
Momentum,Impulso
Commentary,Comentarios
  ·  YOU,  ·  TÚ
BENCH,BANQUILLO
HELD,OBJETO
MOVES,MOVIMIENTOS
Touchline,Banda
Sim rest of battle,Simular resto del combate
Sim to result,Ir al resultado
Key moments only,Solo momentos clave
Auto-pilot (coach decides),Piloto automático
"On: the AI coach follows your touchline instructions and may use the bag.
Off: you call every move, switch and item yourself.","Activado: el técnico sigue tus instrucciones de banda y puede usar la mochila.
Desactivado: tú cantas cada movimiento, cambio y objeto."
you %s.,%s.
delegate to the coach,delegas en el técnico
take charge of every call,tomas el mando de cada decisión
Cautious,Cauta
aggression set to %s.,agresividad fijada en %s.
Switching,Cambios
Hold the line,Aguantar la línea
Rotate freely,Rotar con libertad
switch policy set to %s.,política de cambios fijada en %s.
Force switch,Forzar cambio
YOUR CALL,TU DECISIÓN
redo slot 1,rehacer puesto 1
BEST OF 3  ·  BATTLE %d%s  ·  TURN %d  ·  %s,AL MEJOR DE 3  ·  COMBATE %d%s  ·  TURNO %d  ·  %s
  ·  2v2 DOUBLES,  ·  DOBLES 2c2
LEAGUE ROUND %d,"LIGA, JORNADA %d"
 (CUP), (COPA)
  ·  %d turn%s left,  ·  queda(n) %d turno%s
"MATCH BAG:  %s      |   items used — you %d, them %d","MOCHILA:  %s      |   objetos usados — tú %d, ellos %d"
"
Holds: ","
Lleva: "
No held item.,Sin objeto equipado.
  (spent),  (gastado)
"
(already spent this battle)","
(ya gastado en este combate)"
FULL TIME — %s %d-%d %s,FINAL — %s %d-%d %s
Full-time report,Crónica del partido
Battle %d goes to %s.  Series: %d–%d.,El combate %d es para %s.  Serie: %d–%d.
Start battle %d,Empezar el combate %d
force switch — %s will come in.,cambio forzado: entrará %s.
"DOUBLES — SLOT %d/%d: %s.  Pick a move AND its target, switch, or use an item.","DOBLES — PUESTO %d/%d: %s.  Elige un movimiento Y su objetivo, cambia o usa un objeto."
redo slot %d,rehacer puesto %d
"Attack, switch or use an item (items cost the turn).","Ataca, cambia o usa un objeto (los objetos cuestan el turno)."
~%d%% dmg,~%d %% daño
immune ×,inmune ×
 · EACH, · CADA UNO
Type %s · %s · power %s · accuracy %s · %d PP left%s,Tipo %s · %s · potencia %s · precisión %s · %d PP restantes%s
"
Spread: hits every target at 75% power.","
Área: golpea a todos los objetivos al 75 % de potencia."
Single-target move — choose which foe to hit.,Movimiento de objetivo único: elige a qué rival golpear.
HARSH SUNLIGHT,SOL ABRASADOR
POURING RAIN,LLUVIA TORRENCIAL
SANDSTORM,TORMENTA DE ARENA
HAIL,GRANIZO
BATTLE %d OF 3 — 2v2 DOUBLES,COMBATE %d DE 3 — DOBLES 2c2
two actives per side · pick your targets,dos activos por bando · elige tus objetivos
BATTLE %d OF 3,COMBATE %d DE 3
NO TARGET,SIN OBJETIVO
FLINCHED,AMEDRENTADO
HIT ITSELF,SE GOLPEÓ A SÍ MISMO
FULLY PARALYSED,TOTALMENTE PARALIZADO
FROZEN,CONGELADO
ASLEEP,DORMIDO
THE SKIES CLEAR,EL CIELO SE DESPEJA
SAND,ARENA
%d / %d HP  (%d%%),%d / %d PS  (%d %%)
%s  Lv%d  %d%%,%s  Nv%d  %d %%
BATTLE %d — %s TAKE IT,COMBATE %d — SE LO LLEVA %s
 · at %s, · contra %s
 · SPREAD, · ÁREA
CRIT -%d,CRÍT. -%d
SUPER EFFECTIVE!,¡SUPEREFICAZ!
IMMUNE,INMUNE
MISS,FALLO
FAINTED,DEBILITADO
REVIVED!,¡REVIVIDO!
BURNED!,¡QUEMADO!
PARALYSED!,¡PARALIZADO!
ASLEEP!,¡DORMIDO!
POISONED!,¡ENVENENADO!
FROZEN!,¡CONGELADO!
CONFUSED!,¡CONFUSO!
CURED!,¡CURADO!
WOKE UP,DESPERTÓ
THAWED,DESCONGELADO
THE SUNLIGHT TURNS HARSH,EL SOL SE VUELVE ABRASADOR
RAIN POUNDS THE ARENA,LA LLUVIA AZOTA EL ESTADIO
A SANDSTORM KICKS UP,SE LEVANTA UNA TORMENTA DE ARENA
HAIL PELTS DOWN,CAE UNA GRANIZADA
THE WEATHER SHIFTS,EL TIEMPO CAMBIA
takes the field,salta al campo
changes the weather,cambia el tiempo
hangs on at 1 HP,aguanta con 1 PS
no effect,sin efecto
soaks the attack up,absorbe el ataque
 %s was the standout performer (%.1f)., %s fue el más destacado (%.1f).
 Bag used: %s., Mochila usada: %s.
"We won the %s tie against %s, %d-%d in battles.%s%s","Hemos ganado el duelo de %s contra %s, %d-%d en combates.%s%s"
"We lost the %s tie against %s, %d-%d in battles.%s%s","Hemos perdido el duelo de %s contra %s, %d-%d en combates.%s%s"
[color=#9a8dff]Touchline: %s[/color],[color=#9a8dff]Banda: %s[/color]
Sp. Attack,At. Esp.
Sp. Defence,Def. Esp.
Defence,Defensa
Accuracy,Precisión
Evasion,Evasión
[b]Battle %d of 3 is underway — 2v2 DOUBLES! Two on the floor for each side; targeting wins these.[/b],[b]¡Arranca el combate %d de 3 — DOBLES 2c2! Dos sobre la pista por bando; aquí ganan los objetivos bien elegidos.[/b]
[b]Battle %d of 3 is underway.[/b],[b]Arranca el combate %d de 3.[/b]
%s's %s finds nothing left to hit!,¡El %s de %s no encuentra nada que golpear!
%s unleashes %s across the whole field!,¡%s desata %s por todo el campo!
%s goes wide with %s — everyone braces!,%s abre el abanico con %s... ¡todos se preparan!
%s singles out %s — %s!,%s señala a %s... ¡%s!
%s calls for %s.,%s recurre a %s.
%s takes a breather and uses %s.,%s toma aire y usa %s.
%s goes to the playbook: %s.,%s tira de pizarra: %s.
%s's %s misses the mark!,¡El %s de %s no da en el blanco!
It sails wide — %s wastes a turn on %s.,Se marcha desviado: %s desperdicia un turno con %s.
%s whiffs %s completely!,¡%s falla %s por completo!
DOWN GOES %s! %s have %d left standing.,¡CAE %s! A %s le quedan %d en pie.
%s crumples — a real blow for %s. %d remain.,%s se derrumba: un golpe duro para %s. Quedan %d.
That's it for %s! The %s bench is down to %d.,¡Se acabó para %s! El banquillo de %s se queda en %d.
%s send out %s.,%s envía a %s.
%s is carried off. %s steps up for %s.,Se llevan a %s. %s da un paso al frente por %s.
Forced change for %s — in comes %s.,Cambio obligado para %s: entra %s.
%s roll the dice: %s makes way for %s.,%s agita los dados: %s deja su sitio a %s.
"Tactical switch — %s is recalled, %s enters the fray.",Cambio táctico: %s es retirado y %s entra en la refriega.
"%s off, %s on. The bench gets involved.","%s fuera, %s dentro. El banquillo entra en acción."
%s is hurt by its %s (-%d%%).,%s sufre por su %s (-%d %%).
%s recovers %d HP.,%s recupera %d PS.
%s drinks in some energy — %d HP restored.,%s absorbe energía: %d PS recuperados.
%s flinches — no attack this turn!,¡%s se amedrenta y no ataca este turno!
%s hurts itself in its confusion!,¡%s se hiere a sí mismo en su confusión!
%s is frozen solid and cannot move.,%s está congelado y no puede moverse.
%s is fast asleep.,%s duerme profundamente.
%s is fully paralysed!,¡%s está totalmente paralizado!
%s reach into the bag — %s used on %s!,%s echa mano de la mochila: ¡%s usado en %s!
an item,un objeto
%s make the call from the dugout: %s for %s!,%s da la orden desde el banquillo: ¡%s para %s!
Item play by %s — %s goes to %s. That costs %s the turn.,Jugada de objeto de %s: %s va para %s. Eso le cuesta el turno a %s.
"The sunlight turns HARSH — fire moves will scorch, water fizzles!",El sol se vuelve ABRASADOR: ¡lo de fuego quemará y lo de agua chisporrotea!
"Rain hammers the arena — water moves surge, fire sputters!",La lluvia castiga el estadio: ¡el agua se crece y el fuego se apaga!
A sandstorm rips across the pitch — it will rake everything unshielded!,Una tormenta de arena barre la pista: ¡rascará todo lo que no esté protegido!
Hail pelts down — anything that isn't ice will feel it!,Cae una granizada: ¡todo lo que no sea de hielo la notará!
The weather turns!,¡El tiempo cambia!
 %s's presence did that., La presencia de %s lo ha provocado.
 %s made it happen., Ha sido cosa de %s.
The harsh sunlight fades — conditions level out.,El sol abrasador se apaga: las condiciones se igualan.
The rain lets up — conditions level out.,La lluvia amaina: las condiciones se igualan.
The sandstorm subsides — you can see the pitch again.,La tormenta de arena remite: vuelve a verse la pista.
The hail stops — a mercy for the outfield.,El granizo cesa: un alivio para los de fuera.
The skies clear.,El cielo se despeja.
%s is battered by the %s (-%d%%).,%s es castigado por la %s (-%d %%).
[b]BATTLE %d GOES TO %s! Series: %s %d–%d %s (%d turns)[/b],[b]¡EL COMBATE %d ES PARA %s! Serie: %s %d–%d %s (%d turnos)[/b]
Momentum swings the way of %s!,¡El impulso se decanta del lado de %s!
The tide is turning — %s are on top now!,¡La marea cambia: ahora manda %s!
%s have wrestled back control of this battle!,¡%s ha recuperado el control de este combate!
%s nibbles at its %s and recovers.,%s mordisquea sus %s y se recupera.
%s bites into its %s at just the right moment!,¡%s muerde su %s en el momento justo!
%s's %s locks it into that move.,El %s de %s lo encierra en ese movimiento.
[b]%s's %s is spent — it survives on 1 HP![/b],[b]La %s de %s se gasta... ¡y sobrevive con 1 PS![/b]
%s's %s chimes — a sliver of HP back.,La %s de %s repica: una pizca de PS de vuelta.
%s's %s rattles its target!,¡La %s de %s sacude a su objetivo!
%s's %s clouds the attacker's aim!,¡El %s de %s nubla la puntería del atacante!
held item,objeto equipado
%s's [b]%s[/b] makes itself felt the moment it steps on!,¡La [b]%s[/b] de %s se hace notar en cuanto pisa el campo!
[b]No effect — %s's %s shrugs the attack off completely![/b],[b]Sin efecto: ¡la %s de %s ignora el ataque por completo![/b]
[b]%s's %s drinks the attack right up![/b],[b]¡La %s de %s se bebe el ataque entero![/b]
[b]%s refuses to go down — %s keeps it standing on 1 HP![/b],[b]%s se niega a caer: ¡%s lo mantiene en pie con 1 PS![/b]
%s's [b]%s[/b] punishes the contact!,¡La [b]%s[/b] de %s castiga el contacto!
%s is in trouble — and its [b]%s[/b] roars to life!,%s está en apuros... ¡y su [b]%s[/b] ruge con fuerza!
%s's [b]%s[/b] blunts the blow.,La [b]%s[/b] de %s amortigua el golpe.
%s's [b]%s[/b] throws the condition right back!,¡La [b]%s[/b] de %s devuelve el estado a su emisor!
%s's [b]%s[/b] cures it on the way to the bench.,La [b]%s[/b] de %s lo cura camino del banquillo.
%s's [b]%s[/b] ticks over at the end of the turn.,La [b]%s[/b] de %s hace su trabajo al final del turno.
End of the turn — %s's [b]%s[/b] does its quiet work.,Final del turno: la [b]%s[/b] de %s hace su trabajo silencioso.
%s's [b]%s[/b] shakes off the drowsiness early.,La [b]%s[/b] de %s sacude el sueño antes de tiempo.
%s's [b]%s[/b] blocks the stat drop.,La [b]%s[/b] de %s bloquea la bajada de estadísticas.
%s's [b]%s[/b] protects it — no dice.,La [b]%s[/b] de %s lo protege: no hay manera.
%s's [b]%s[/b] comes into play.,La [b]%s[/b] de %s entra en juego.
%s is hurt by recoil (-%d%%).,%s se resiente del retroceso (-%d %%).
%s's own %s washes over %s — no harm done.,El %s del propio %s baña a %s: sin daño alguno.
FRIENDLY FIRE — %s's %s clips its own partner %s (-%d%%)!,FUEGO AMIGO: ¡el %s de %s roza a su propio compañero %s (-%d %%)!
%s's %s has no effect on %s — poor call!,El %s de %s no afecta a %s: ¡mala elección!
HUGE hit! %s's %s tears into %s — %d%% gone in one blow!,¡Golpe TREMENDO! El %s de %s destroza a %s: ¡%d %% de un plumazo!
%s unloads %s and %s takes a massive %d%% hit!,¡%s descarga %s y %s encaja un %d %% de golpe!
%s is rocked! %s's %s rips away %d%% of its health!,¡%s se tambalea! ¡El %s de %s le arranca un %d %% de salud!
%s's %s slams into %s for %d%%.,El %s de %s impacta en %s: %d %%.
Heavy blow — %s catches %s with %s (%d%%).,Golpe serio: %s alcanza a %s con %s (%d %%).
%s connects with %s and %s feels it: -%d%%.,%s conecta %s y %s lo nota: -%d %%.
%s lands %s on %s (-%d%%).,%s acierta %s sobre %s (-%d %%).
%s's %s finds its target — %s down %d%%.,El %s de %s encuentra su blanco: %s pierde un %d %%.
%s chips away with %s (-%d%%).,%s araña con %s (-%d %%).
%s's %s barely scratches %s.,El %s de %s apenas rasca a %s.
[color=#%s][b]CRIT![/b][/color] ,[color=#%s][b]¡CRÍTICO![/b][/color] 
It's super effective!,¡Es supereficaz!
%s never saw it coming!,¡%s no lo vio venir!
A brutal type matchup!,¡Un emparejamiento de tipos demoledor!
 ...but it's resisted., ...pero lo resiste.
%s clings on at %d%%!,¡%s se aferra con un %d %%!
%s is scorched — that burn will bite every turn.,%s queda chamuscado: esa quemadura morderá cada turno.
%s is paralysed! Its legs buckle.,¡%s queda paralizado! Le fallan las piernas.
%s seizes up — paralysis!,%s se agarrota: ¡parálisis!
[b]%s falls fast asleep — a huge opening here![/b],[b]%s cae profundamente dormido: ¡una ocasión enorme![/b]
%s is poisoned — the clock is ticking.,%s queda envenenado: el reloj corre.
[b]%s is frozen solid![/b],[b]¡%s queda congelado![/b]
%s is confused and staggering!,¡%s está confuso y se tambalea!
%s wakes up!,¡%s se despierta!
%s thaws out!,¡%s se descongela!
%s  ·  %d Pokémon  ·  %d coaches,%s  ·  %d Pokémon  ·  %d entrenadores
Rapid developer,Desarrollo rápido
Developing well,Desarrollándose bien
Development slowing,Desarrollo en frenada
Veteran — minimal growth,Veterano: crecimiento mínimo
Training calendar,Calendario de entrenamiento
%d week%s,%d semana%s
Auto-adjust around matches,Autoajuste alrededor de los partidos
"When on: no field training on matchday (warm-up only), a recovery day the morning after, and a light Match Prep day before a fixture — all editable per date; your date edits win.
When off: your plan runs straight into matches — strain will spike.","Activado: sin entrenamiento de campo el día de partido (solo calentamiento), un día de recuperación a la mañana siguiente y una preparación ligera la víspera; todo editable por fecha, y tus ediciones mandan.
Desactivado: tu plan choca de lleno con los partidos y el desgaste se disparará."
Weekday template presets:,Preajustes de la plantilla semanal:
"Rewrites the repeating weekday DEFAULT. To plan one specific future week instead, use that week's Plan menu on the calendar.","Reescribe el VALOR POR DEFECTO semanal repetitivo. Para planificar una semana futura concreta, usa el menú Plan de esa semana en el calendario."
Sets the repeating weekday template. Per-date edits on the calendar stay in place on top of it.,Fija la plantilla semanal repetitiva. Las ediciones por fecha del calendario se mantienen por encima.
"Every cell edits THAT DATE only (violet = date-specific plan; Template default resets it). Use a week's Plan menu to stamp a preset on just that week — a recovery week before a congested block, a heavy development block, opponent prep — or to save it as the template. Fixtures embed automatically (amber): matchday is locked, the days around it default to recovery/prep but your date edits win. High intensity trains faster but builds strain; each Pokémon also carries its own load below (Automatic rests above %d%% strain, eases above %d%%).","Cada celda edita SOLO ESA FECHA (violeta = plan específico de fecha; «Valor de plantilla» la restablece). Usa el menú Plan de una semana para estampar un preajuste solo en ella —una semana de recuperación antes de un bloque cargado, un bloque de desarrollo intenso, preparación del rival— o para guardarla como plantilla. Los partidos se insertan solos (ámbar): el día de partido queda bloqueado y los días de alrededor pasan a recuperación/preparación, aunque tus ediciones mandan. La intensidad alta entrena más rápido pero acumula desgaste; cada Pokémon lleva además su propia carga abajo (Automático descansa por encima del %d %% de desgaste y afloja por encima del %d %%)."
SQUAD TRAINING STATUS,ESTADO DE ENTRENAMIENTO DE LA PLANTILLA
Load: each Pokémon's own training intensity — click the cell to change it. 7d Δ: its projected net strain this week at that load.,Carga: la intensidad propia de cada Pokémon; haz clic en la celda para cambiarla. Δ 7d: su desgaste neto proyectado esta semana con esa carga.
This week · fixtures & load,Esta semana · partidos y carga
Template default,Valor de plantilla
This date has its own plan (differs from the weekday template).,Esta fecha tiene su propio plan (difiere de la plantilla semanal).
The fixture itself. Starters take heavy strain from playing.,El propio partido. Los titulares acumulan mucho desgaste al jugar.
Edits %s %s ONLY (per-date plan).,Edita SOLO %s %s (plan por fecha).
"
Date-specific: %s (template default: %s). Template default resets it.","
Específico de fecha: %s (valor de plantilla: %s). «Valor de plantilla» lo restablece."
"
Auto: Match Prep for tomorrow's fixture — pick a focus to override this date.","
Auto: preparación para el partido de mañana; elige un enfoque para anular esta fecha."
"
Currently the %s template default.","
Actualmente el valor de plantilla del %s."
No training intensity on matchday.,Sin intensidad de entrenamiento el día de partido.
Default,Por defecto
Intensity for %s ONLY.,Intensidad SOLO para %s.
"
Date-specific: %s. Default resets it.","
Específico de fecha: %s. «Por defecto» lo restablece."
"
Auto: Light around the fixture — pick to override this date.","
Auto: Ligera alrededor del partido; elige para anular esta fecha."
THIS WEEK,ESTA SEMANA
WEEK +%d,SEMANA +%d
Plan,Plan
"Plan THIS specific week: stamp a preset on it (per-date, template untouched), reset it to the template, or save it as the new weekday template.","Planifica ESTA semana concreta: estampa un preajuste (por fecha, sin tocar la plantilla), restablécela a la plantilla o guárdala como nueva plantilla semanal."
Preset: %s,Preajuste: %s
Reset week to template,Restablecer la semana a la plantilla
Save week as template,Guardar la semana como plantilla
NET STRAIN,DESGASTE NETO
Projected net strain over the next 7 days at %s load%s.,Desgaste neto proyectado en los próximos 7 días con carga %s%s.
Automatic » %s (%s).,Automático » %s (%s).
"Manual override: %s (×%.2f development, ×%.2f strain).","Anulación manual: %s (×%.2f desarrollo, ×%.2f desgaste)."
"
Unhappy: fresh rapid developer being held back — wants to train more.","
Descontento: un joven en desarrollo rápido y fresco al que están frenando; quiere entrenar más."
UPCOMING FIXTURES · 14 DAYS,PRÓXIMOS PARTIDOS · 14 DÍAS
No fixtures in the next two weeks — a free run of full training.,Sin partidos en dos semanas: vía libre para entrenar a tope.
in %dd,en %d d
Congested week: %d matches in 7 days — training auto-drops to recovery and prep around them; expect little development.,Semana cargada: %d partidos en 7 días; el entrenamiento baja solo a recuperación y preparación alrededor. Espera poco desarrollo.
Free week — no fixtures interrupt training.,Semana libre: ningún partido interrumpe el entrenamiento.
"
Auto-adjust is OFF: full training runs into matchdays and strain will spike.","
El autoajuste está APAGADO: el entrenamiento completo choca con las jornadas y el desgaste se disparará."
PLANNED DAYS · NEXT 28,DÍAS PLANIFICADOS · PRÓXIMOS 28
Dates you planned individually on the calendar (or via a week's Plan preset). They override the weekday template on that date only.,Fechas que planificaste individualmente en el calendario (o con el preajuste Plan de una semana). Anulan la plantilla semanal solo en esa fecha.
None — every day runs the weekday template. Edit any calendar cell or use a week's Plan menu.,Ninguno: todos los días siguen la plantilla semanal. Edita cualquier celda del calendario o usa el menú Plan de una semana.
matchday — plan resumes around the fixture,día de partido: el plan se reanuda alrededor del encuentro
Reset this date to the weekday template.,Restablecer esta fecha a la plantilla semanal.
… and %d more planned day%s,… y %d día%s planificados más
SESSIONS THIS WEEK (FIXTURE-ADJUSTED),SESIONES DE ESTA SEMANA (AJUSTADAS A PARTIDOS)
%d / wk,%d / sem
"Overtraining: %+.0f strain per week.
Squad will accumulate fatigue — add Recovery sessions or lower intensity.","Sobreentrenamiento: %+.0f de desgaste semanal.
La plantilla acumulará fatiga; añade sesiones de Recuperación o baja la intensidad."
Sustainable load (%+.0f strain / week).,Carga sostenible (%+.0f de desgaste / semana).
"Light load (%+.0f strain / week).
Squad recovers; development will be slower.","Carga ligera (%+.0f de desgaste / semana).
La plantilla se recupera; el desarrollo será más lento."
STRAIN WATCHLIST,LISTA DE VIGILANCIA DE DESGASTE
No fatigue concerns — all Pokémon fresh.,Sin problemas de fatiga: todos los Pokémon frescos.
No coach covers %s — training there is much less effective.,Ningún entrenador cubre %s: entrenar ahí es mucho menos eficaz.
Pokémon detail,Detalle del Pokémon
%s · Lv %d,%s · Nv. %d
%d%%  ·  fitness %d%%,%d %%  ·  forma %d %%
TRAINING WORKLOAD,CARGA DE TRABAJO
» %s today,» %s hoy
manual override,anulación manual
"Rule: %s.
Effect: ×%.2f development · ×%.2f strain intake · %+.0f strain projected over 7 days.","Regla: %s.
Efecto: ×%.2f desarrollo · ×%.2f desgaste recibido · %+.0f de desgaste proyectado en 7 días."
"Effect: ×%.2f development · ×%.2f strain intake · %+.0f strain projected over 7 days.
(Automatic would run %s: %s)","Efecto: ×%.2f desarrollo · ×%.2f desgaste recibido · %+.0f de desgaste proyectado en 7 días.
(Automático aplicaría %s: %s)"
"Reacting badly: overworked at %d%% strain on a forced %s load — morale %d%% and dropping, injury risk raised. Ease off or set Automatic.","Mala reacción: sobrecargado al %d %% de desgaste con carga %s forzada; moral al %d %% y bajando, riesgo de lesión al alza. Afloja o pon Automático."
Unhappy: fresh (%d%%) rapid developer held on %s — wants to train more; growth is being wasted.,Descontento: joven fresco (%d %%) en desarrollo rápido retenido en %s; quiere entrenar más y se desperdicia crecimiento.
INDIVIDUAL FOCUS,ENFOQUE INDIVIDUAL
No focus,Sin enfoque
"+75% on focused stat, −25% elsewhere","+75 % en la estadística enfocada, −25 % en el resto"
trained to potential,entrenado hasta su potencial
%.1f pts/wk · %s,%.1f ptos./sem · %s
+1 in ~%dd,+1 en ~%d d
no gain,sin ganancia
Learning from %s (%s): ×%.2f development%s%s%s — included in the projection above.,Aprende de %s (%s): ×%.2f desarrollo%s%s%s — incluido en la proyección de arriba.
", ×1.25 on %s",", ×1,25 en %s"
", moves ×%.1f",", movimientos ×%.1f"
", strain ×%.2f",", desgaste ×%.2f"
Mentoring %s — passing on its %s example gives this veteran renewed purpose (morale %d%%).,Mentor de %s: transmitir su ejemplo %s renueva el propósito de este veterano (moral %d %%).
no one yet,nadie todavía
Eligible mentor (%s personality) with no group — set one up in the Mentoring tab to give this veteran purpose.,Mentor apto (personalidad %s) sin grupo; crea uno en la pestaña Mentoría para dar propósito a este veterano.
In rapid development and unmentored — pairing it with a veteran (Mentoring tab) would add +12–31% development speed.,En desarrollo rápido y sin mentor; emparejarlo con un veterano (pestaña Mentoría) sumaría un +12–31 % de velocidad de desarrollo.
Not eligible: mentoring links veterans with Pokémon still in rapid development.,No apto: la mentoría une a veteranos con Pokémon aún en desarrollo rápido.
MOVE LEARNING,APRENDIZAJE DE MOVIMIENTOS
Knows: %s,Conoce: %s
Learning %s,Aprendiendo %s
%d%%  ·  paused (individual load: No Training),%d %%  ·  en pausa (carga individual: Sin entrenamiento)
%d%%  ·  ~%d days left,%d %%  ·  quedan ~%d días
Will replace %s when mastered.,Sustituirá a %s cuando lo domine.
Start learning a move…  (%d eligible),Empezar a aprender un movimiento…  (%d disponibles)
"Learning speed: %.1f%%/day (Move Practice ×%d per week, coach %s, %s individual load)","Velocidad de aprendizaje: %.1f %%/día (Práctica de movimientos ×%d por semana, entrenador %s, carga individual %s)"
Learned this season: %s,Aprendidos esta temporada: %s
Start move learning,Iniciar aprendizaje de movimiento
Begin training,Empezar a entrenar
Pick a move from this Pokémon's learnset. Progress advances every training day; Move Practice sessions and the technique coach speed it up.,Elige un movimiento del repertorio de este Pokémon. El progreso avanza cada día de entrenamiento; las sesiones de Práctica de movimientos y el entrenador de técnica lo aceleran.
%d pow,%d pot.
Progress is PAUSED: this Pokémon's individual load is No Training. It will resume when it trains again.,El progreso está EN PAUSA: la carga individual de este Pokémon es Sin entrenamiento. Se reanudará cuando vuelva a entrenar.
Estimated time to master: ~%d days at the current schedule and individual load.,Tiempo estimado para dominarlo: ~%d días con el programa y la carga individual actuales.
Category assignments,Asignación por categorías
Other staff: %s,Resto del personal: %s
Assign one coach to each training category. A coach covering 3+ areas loses effectiveness.,Asigna un entrenador a cada categoría. Un entrenador que cubre 3 o más áreas pierde eficacia.
Squad-to-coach ratio: %.1f Pokémon per coach%s,Proporción plantilla-entrenadores: %.1f Pokémon por entrenador%s
  — consider asking the board for more coaches.,  — plantéate pedir más entrenadores a la directiva.
Workload: %d areas — quality −%d%%,Carga: %d áreas — calidad −%d %%
Workload: %d area%s — fine,Carga: %d área%s — correcta
Judge Ability,Valorar nivel
Judge Potential,Valorar potencial
Assigned: %s,Asignadas: %s
no coach — ×0.55 · %d sessions/wk,"sin entrenador — ×0,55 · %d sesiones/sem"
×%.2f  (uses %s %d/20%s) · %d sessions/wk,×%.2f  (usa %s %d/20%s) · %d sesiones/sem
", stretched",", sobrecargado"
Mentor groups,Grupos de mentoría
Eligibility & personalities,Requisitos y personalidades
Lv %d · %s · veteran mentor · morale %d%%,Nv. %d · %s · mentor veterano · moral %d %%
Remove this mentor group. Juniors lose the development bonus immediately.,Elimina este grupo de mentoría. Los jóvenes pierden la bonificación de desarrollo al instante.
No juniors yet — add one below to start the daily transfer.,Aún sin jóvenes; añade uno abajo para iniciar la transferencia diaria.
%s  Lv %d · %s,%s  Nv. %d · %s
pairing no longer valid,el emparejamiento ya no es válido
moves ×%.1f,movimientos ×%.1f
strain ×%.2f,desgaste ×%.2f
learning from %s · +%d%% dev%s,aprende de %s · +%d %% des.%s
"Base +%d%%%s · level gap +%d%%%s%s.
Attributed so far: +%.1f training points, %d IVs.","Base +%d %%%s · brecha de nivel +%d %%%s%s.
Atribuido hasta ahora: +%.1f puntos de entrenamiento, %d IV."
 · shared type +%d%%, · tipo compartido +%d %%
 · split attention −%d%%, · atención dividida −%d %%
morale %d%%,moral %d %%
Remove %s from the group.,Quitar a %s del grupo.
"No further eligible juniors (young, ≥%d levels and ≥%d months below %s, not already mentored).","No quedan jóvenes aptos (jóvenes, ≥%d niveles y ≥%d meses por debajo de %s, sin mentor previo)."
%s  (Lv %d · %s · +%d%% dev),%s  (Nv. %d · %s · +%d %% des.)
Add junior,Añadir joven
Group full — a mentor can watch %d juniors (attention already split: −%d%% each).,Grupo completo: un mentor puede vigilar a %d jóvenes (atención ya dividida: −%d %% cada uno).
Group a senior Pokémon with up to %d rapid developers. Every training day the juniors gain development speed and morale from the mentor's example — the mentor's personality steers WHICH stats bite hardest — and the veteran gets renewed purpose. Gains are attributed in the Development report.,"Agrupa a un Pokémon veterano con hasta %d jóvenes en desarrollo rápido. Cada día de entrenamiento, los jóvenes ganan velocidad de desarrollo y moral con el ejemplo del mentor —su personalidad decide QUÉ estadísticas muerden más fuerte— y el veterano renueva su propósito. Las ganancias se atribuyen en el informe de Desarrollo."
No mentor groups yet.,Aún no hay grupos de mentoría.
New group:,Grupo nuevo:
no free veterans — every eligible mentor already leads a group.,sin veteranos libres: todos los mentores aptos ya lideran un grupo.
%s  (Lv %d · %s · %s),%s  (Nv. %d · %s · %s)
Create group,Crear grupo
"Eligibility: mentors are veterans whose own development has flattened (age ≥ ~5y7m); juniors are in rapid development (age ≤ 4y) and must sit ≥%d levels and ≥%d months below their mentor. Effect: +%d%% development base, +%d%% shared type, up to +%d%% for a big level gap; −%d%% each when attention splits across two juniors.","Requisitos: los mentores son veteranos con el desarrollo ya plano (edad ≥ ~5a7m); los jóvenes están en desarrollo rápido (edad ≤ 4a) y deben estar ≥%d niveles y ≥%d meses por debajo de su mentor. Efecto: +%d %% de desarrollo base, +%d %% por tipo compartido, hasta +%d %% por una gran brecha de nivel; −%d %% cada uno si la atención se divide entre dos jóvenes."
ELIGIBLE MENTORS (VETERANS),MENTORES APTOS (VETERANOS)
mentoring %d,mentor de %d
No veterans in the squad.,No hay veteranos en la plantilla.
ELIGIBLE JUNIORS (RAPID DEVELOPERS),JÓVENES APTOS (DESARROLLO RÁPIDO)
learning from %s,aprende de %s
no valid mentor (level/age gap),sin mentor válido (brecha de nivel/edad)
unmentored — %d possible mentor%s,sin mentor — %d mentor%ses posibles
No rapid developers in the squad — sign or promote young Pokémon.,No hay jóvenes en desarrollo rápido en la plantilla: ficha o asciende Pokémon jóvenes.
MENTOR PERSONALITIES,PERSONALIDADES DE MENTOR
Best developers · last 28 days,Mejores progresiones · últimos 28 días
Needs attention,Requiere atención
IV gains,Ganancias de IV
"Mentored by %s (%s): +%.1f bonus training points, %d of its IV gains attributed to mentoring.","Con %s de mentor (%s): +%.1f puntos extra de entrenamiento, %d de sus IV ganados atribuidos a la mentoría."
mentoring %s,mentor de %s
%s personality — renewed purpose from mentoring lifts its morale (currently %d%%).,Personalidad %s: el propósito renovado de la mentoría le sube la moral (actualmente %d %%).
"Attribute changes over the last 28 training days (tracking %d day%s so far). +N marks real stat increases from training — IVs are capped at 15 per stat.
Evolution: every %d development points = +1 effective level toward evolution thresholds (decisions land in the Inbox). Need more rapid developers? Promote from the Academy — its intake pipeline feeds this squad.","Cambios de atributos en los últimos 28 días de entrenamiento (%d día%s registrados). +N marca subidas reales de estadísticas por entrenar; los IV tienen tope de 15 por estadística.
Evolución: cada %d puntos de desarrollo = +1 nivel efectivo hacia los umbrales de evolución (las decisiones llegan a la Bandeja). ¿Faltan jóvenes en desarrollo rápido? Asciende desde la Academia: su cantera alimenta esta plantilla."
+%d stat points · %d IVs gained,+%d puntos de estadísticas · %d IV ganados
 · learning from %s, · aprende de %s
No measurable gains yet — development shows here as training days pass.,Aún sin ganancias medibles; el desarrollo aparecerá aquí con los días de entrenamiento.
"unhappy: forced %s load at %d%% strain — morale %d%%, injury risk up. Ease the individual load.","descontento: carga %s forzada al %d %% de desgaste — moral %d %%, riesgo de lesión al alza. Afloja la carga individual."
"strain %d%% — overtrained, gains reduced%s","desgaste %d %% — sobreentrenado, ganancias reducidas%s"
 — set the individual load to Light or Automatic, — pon la carga individual en Ligera o Automático
held on %s while fresh — a rapid developer wasting growth; raise the individual load,retenido en %s estando fresco: un joven en desarrollo rápido desperdiciando crecimiento; sube la carga individual
No concerns — workload and age profile look healthy.,Sin preocupaciones: la carga y el perfil de edad tienen buena pinta.
» %s AWAITING APPROVAL,» %s ESPERANDO APROBACIÓN
Requirements met — approve or postpone the evolution from the Inbox or this Pokémon's profile.,Requisitos cumplidos: aprueba o pospón la evolución desde la Bandeja o el perfil de este Pokémon.
final form,forma final
%s does not evolve — development here is pure stat growth.,%s no evoluciona: aquí el desarrollo es puro crecimiento de estadísticas.
» %s (use stone),» %s (usar piedra)
"A stone in the storeroom can evolve it today — Items screen, or the profile's evolution panel.",Una piedra del almacén puede evolucionarlo hoy: pantalla de Objetos o el panel de evolución del perfil.
» %s ready,» %s listo
Requirements met — the offer will land in your Inbox on the next training day.,Requisitos cumplidos: la oferta llegará a tu Bandeja el próximo día de entrenamiento.
"Development points from training push evolution milestones: %d pts = +1 effective level.
Dev so far: %d pts (+%d eff. levels).","Los puntos de desarrollo del entrenamiento empujan los hitos de evolución: %d ptos. = +1 nivel efectivo.
Desarrollo acumulado: %d ptos. (+%d niveles ef.)."
"
Stone routes are bought in the Items screen and applied from there or the profile.","
Las rutas por piedra se compran en la pantalla de Objetos y se aplican desde allí o desde el perfil."
Physical,Físico
Special,Especial
Move Practice,Práctica de movimientos
Match Prep,Preparación de partido
Recovery,Recuperación
Light,Ligera
Attack Heavy,Carga ofensiva
Defensive,Defensivo
Heavy Development,Desarrollo intenso
Recovery Week,Semana de recuperación
Match Prep Week,Semana de preparación
Automatic,Automático
Double,Doble
Half,Media
No Training,Sin entrenamiento
Recovery & Fitness,Recuperación y forma
drills relentless physical work — juniors' Attack and HP training bites harder,impone un trabajo físico implacable: el entrenamiento de Ataque y PS de los jóvenes muerde más fuerte
Calm Mind,Mente serena
steers juniors toward special technique — Sp. Atk and Sp. Def work bites harder,orienta a los jóvenes hacia la técnica especial: el trabajo de At. Esp. y Def. Esp. muerde más fuerte
Stoic,Estoico
teaches juniors to soak punishment — Defense and Sp. Def work bites harder,enseña a los jóvenes a encajar castigo: el trabajo de Defensa y Def. Esp. muerde más fuerte
Lively,Vivaz
keeps juniors quick and sharp — Speed and HP work bites harder,mantiene a los jóvenes rápidos y afilados: el trabajo de Velocidad y PS muerde más fuerte
Studious,Estudioso
passes on technique — juniors master new moves ×1.3 faster,"transmite técnica: los jóvenes dominan movimientos nuevos ×1,3 más rápido"
models perfect habits — extra development across the board and ×0.9 strain intake,"modela hábitos perfectos: desarrollo extra en todo y ×0,9 de desgaste recibido"
strain %d%% ≥ %d — full rest until recovered,desgaste %d %% ≥ %d — descanso total hasta recuperarse
strain %d%% ≥ %d — dropped to Light,desgaste %d %% ≥ %d — rebajado a Ligera
veteran body at strain %d%% — eased to Light,cuerpo veterano con %d %% de desgaste — aflojado a Ligera
veteran body — capped at Normal (Light from strain %d),cuerpo veterano — tope en Normal (Ligera a partir de %d de desgaste)
fresh (%d%%) rapid developer — pushed to High,joven fresco (%d %%) en desarrollo rápido — subido a Alta
standard load at strain %d%%,carga estándar con %d %% de desgaste
needs a mentor at least %d levels above (%s is Lv %d vs Lv %d),necesita un mentor al menos %d niveles por encima (%s es Nv. %d frente a Nv. %d)
age gap under %d months — too close in age to look up to,brecha de edad menor de %d meses: demasiado cercanos para ser un referente
not in the squad,no está en la plantilla
no such mentor group,no existe ese grupo de mentoría
a mentor can watch at most %d juniors,un mentor puede vigilar como mucho a %d jóvenes
already in a mentor group,ya está en un grupo de mentoría
", replacing %s",", en sustitución de %s"
. The move is available for selection immediately.,. El movimiento ya está disponible para la alineación.
 (learning from %s), (aprende de %s)
Weekly training report,Informe semanal de entrenamiento
"Development gains this week:
","Ganancias de desarrollo esta semana:
"
%s has mastered %s on the training ground,%s ha dominado %s en el campo de entrenamiento
%s has learned %s!,¡%s ha aprendido %s!
All pools,Todos los mercados
Club Pokémon,Pokémon de club
Free agents,Agentes libres
Overseas leagues,Ligas del extranjero
Domestic only,Solo nacional
Any value,Cualquier valor
Under 100K,Menos de 100K
Under 250K,Menos de 250K
Under 500K,Menos de 500K
Under 1M,Menos de 1M
SHORTLIST — OUR TARGET BOARD,LISTA DE OBJETIVOS — NUESTRA PIZARRA
SCOUT RECOMMENDATIONS,RECOMENDACIONES DE LOS OJEADORES
AGENT-OFFERED PLAYERS,JUGADORES OFRECIDOS POR AGENTES
DIRECTOR OF BATTLING — DELEGATION,DIRECTOR DEPORTIVO — DELEGACIÓN
RUMOUR MILL,RUMOROLOGÍA
%d target%s shortlisted,%d objetivo%s en la lista
%d of them TRANSFER-LISTED — bargain window,%d de ellos TRANSFERIBLES: ventana de gangas
%d new scout recommendation%s,%d recomendacion%ses nuevas de ojeadores
%d agent offer%s open,%d oferta%s de agentes abiertas
RECRUITMENT PIPELINE,CADENA DE FICHAJES
"The shortlist is empty.

This is your target board: everything on it gets watched for you — listings, rival interest, agent availability and price drops all raise alerts, scouts can auto-cover it, and the DoF can pursue it.

Add targets from Search, or accept a scout recommendation.","La lista de objetivos está vacía.

Esta es tu pizarra: todo lo que apuntes se vigila por ti —listas de traspasos, interés rival, disponibilidad de agentes y bajadas de precio lanzan avisos—, los ojeadores pueden cubrirla solos y el director deportivo puede perseguirla.

Añade objetivos desde Buscar o acepta una recomendación de ojeador."
Lv %d · %s · %s,Nv. %d · %s · %s
Ask ~%s,Piden ~%s
Comp ~%s,Comp. ~%s
Free — wages only,Libre: solo salario
%s  ·  knowledge %d%%,%s  ·  conocimiento %d %%
TRANSFER-LISTED — ask slashed,TRANSFERIBLE — precio rebajado
AGENT PUSHING — deal greased,AGENTE EMPUJANDO — operación engrasada
RIVAL RUMOUR: %s,RUMOR RIVAL: %s
DoF negotiating — ,El DD negocia — 
In talks — ,En conversaciones — 
%s scouting — %s%s,%s ojeando — %s%s
 · full report ~%dd, · informe completo ~%d d
Make Offer,Hacer oferta
Offer Contract,Ofrecer contrato
"No new recommendations.
Scouts push strong finds here as their reports come in — keep someone on a focus assignment and the queue fills itself.","Sin recomendaciones nuevas.
Los ojeadores destacan aquí sus hallazgos según llegan los informes; mantén a alguien con un enfoque asignado y la cola se llena sola."
wants out of %s,quiere salir del %s
free agent,agente libre
Agent: %s,Agente: %s
Deal near %s — seller softened while this stands,Acuerdo cercano a %s — el vendedor se ablanda mientras esto siga en pie
%s  ·  offer stands until %s,%s  ·  la oferta se mantiene hasta el %s
Open Talks,Abrir conversaciones
Not Interested,Sin interés
"No agents on the phone right now.
Agents tout unsettled players and free agents here — their deals come pre-greased.","Ningún agente al teléfono ahora mismo.
Los agentes ofrecen aquí jugadores inquietos y agentes libres; sus operaciones vienen engrasadas de fábrica."
"Delegate market chores. The DoF acts every day, inside board limits.","Delega las tareas del mercado. El director deportivo actúa cada día, dentro de los límites de la directiva."
Swat lowball bids for our squad,Rechazar ofertas a la baja por nuestra plantilla
Pursue shortlist targets (open + close deals),Perseguir los objetivos de la lista (abrir y cerrar tratos)
Keep idle scouts on the shortlist,Mantener a los ojeadores ociosos sobre la lista
Max over valuation:,Máximo sobre la valoración:
   • came true,   • se cumplió
   — came to nothing,   — quedó en nada
"The mill is quiet.
Rumours build as the window runs: listings genuinely cut ask prices, interest whispers ripen into real transfers, and links to OUR squad often precede real bids.","La rumorología está tranquila.
Los rumores crecen con la ventana abierta: las listas de traspasos recortan precios de verdad, los susurros de interés maduran en traspasos reales y los vínculos con NUESTRA plantilla suelen preceder a ofertas reales."
Search species / nickname...,Buscar especie o mote...
Any type,Cualquier tipo
Min Lv,Nv. mín.
Any nature,Cualquier naturaleza
Filter by temperament (nature). Scouting reveals a target's nature at Part scouted (50%) — targets whose nature is still unknown never match.,Filtra por temperamento (naturaleza). El ojeo revela la naturaleza al llegar a Parcial (50 %); los objetivos con naturaleza desconocida nunca aparecen.
Any ability,Cualquier habilidad
Filter by battle ability. A Detailed watch (75%) confirms it — targets whose ability is unconfirmed never match.,Filtra por habilidad de combate. Un seguimiento Detallado (75 %) la confirma; los objetivos con habilidad sin confirmar nunca aparecen.
Fully scouted,Totalmente ojeado
Transfer-listed — ask price slashed while the listing stands,Transferible: precio rebajado mientras dure la lista
Knowledge stage: %s — unlocks %s,Nivel de conocimiento: %s — desbloquea %s
%d targets · %d overseas · %d full,%d objetivos · %d en el extranjero · %d completos
"Select a target from the list.

Unscouted Pokémon show attribute ranges — send a scout to unlock exact figures, a written report and star ratings.","Selecciona un objetivo de la lista.

Los Pokémon sin ojear muestran rangos de atributos; envía un ojeador para desbloquear cifras exactas, un informe escrito y valoraciones de estrellas."
%s  ·  contracted to %s,%s  ·  con contrato en el %s
Free agent — signs on wages alone,Agente libre: firma solo por salario
Youth prospect — development compensation applies,Promesa juvenil: se aplica compensación por formación
Lv %d  ·  Age %dy %dm,Nv. %d  ·  Edad %da %dm
Estimated range around the battle-real figure (nature folded in). A Full report (100%) pins it exactly.,Rango estimado en torno a la cifra real de combate (naturaleza incluida). Un informe Completo (100 %) la fija con exactitud.
"
Boosted +10%% by its %s nature.","
Potenciado un +10 %% por su naturaleza %s."
"
Hindered −10%% by its %s nature.","
Mermado un −10 %% por su naturaleza %s."
Genetics: %d/90 IV  ·  Condition %d%%  ·  Fitness %d%%,Genética: %d/90 IV  ·  Estado %d %%  ·  Forma %d %%
Condition %d%%  ·  Fitness %d%%  ·  genetics unknown,Estado %d %%  ·  Forma %d %%  ·  genética desconocida
Moves: ,Movimientos: 
Move set unknown — reach Part scouted (50%) to reveal.,Movimientos desconocidos: llega a Parcial (50 %) para revelarlos.
A scout reads a target's temperament once knowledge reaches Part scouted (50%). Stats above already include the (still hidden) nature — they are the battle-real figures.,Un ojeador lee el temperamento del objetivo al llegar el conocimiento a Parcial (50 %). Las estadísticas de arriba ya incluyen la naturaleza (aún oculta): son las cifras reales de combate.
The battle ability is only confirmed by a Detailed watch (75% knowledge).,La habilidad de combate solo se confirma con un seguimiento Detallado (75 % de conocimiento).
Est. value: ,Valor est.: 
key battler,pieza clave
first-team regular,titular habitual
squad member,miembro de la plantilla
fringe battler,jugador marginal
Status at club: %s,Estatus en su club: %s
Development compensation: ,Compensación por formación: 
Potential rating: %s,Valoración de potencial: %s
Potential: %s (scout to confirm),Potencial: %s (ojear para confirmar)
Wage: %s/wk%s,Salario: %s/sem%s
Next stage at %d%%: %s — unlocks %s.,Siguiente nivel al %d %%: %s — desbloquea %s.
"%s target — %s. Overseas business is permanent-transfer only (no loans), and scouts need the boat: travel costs real days.","Objetivo de %s — %s. El negocio en el extranjero es solo de traspasos permanentes (sin cesiones), y los ojeadores necesitan el barco: viajar cuesta días de verdad."
Interim report (%s): Ability %s to %s — bands narrow as scouting continues. See Scouting tab.,Informe provisional (%s): nivel de %s a %s — las bandas se estrechan según avanza el ojeo. Ver pestaña Ojeo.
Scout report (%s): Ability %s  Potential %s — see Scouting tab.,Informe de ojeo (%s): nivel %s  Potencial %s — ver pestaña Ojeo.
TRANSFER-LISTED — their club wants them gone; the ask price above is already slashed.,TRANSFERIBLE: su club quiere que se vaya; el precio de arriba ya está rebajado.
AGENT PUSHING — %s (deal greased until %s),AGENTE EMPUJANDO — %s (operación engrasada hasta el %s)
RUMOUR: %s,RUMOR: %s
Active offer: %s — manage it in the Transfer Centre tab.,Oferta activa: %s — gestiónala en la pestaña Centro de traspasos.
%s is on this target%s — full report in ~%d day%s.,%s está sobre este objetivo%s — informe completo en ~%d día%s.
" (in transit, %dd to arrive)"," (de camino, %d d para llegar)"
Send Scout,Enviar ojeador
Make Offer / Loan,Hacer oferta / cesión
"Window closes in %d day%s — clubs respond faster, rivals circle harder.",La ventana cierra en %d día%s: los clubes responden más rápido y los rivales aprietan más.
DEADLINE DAY — clubs respond within hours. Last chance.,DÍA DE CIERRE: los clubes responden en horas. Última oportunidad.
SCOUTING TEAM,EQUIPO DE OJEADORES
SCOUT MARKET — HIRE THIS MONTH,MERCADO DE OJEADORES — CONTRATA ESTE MES
ASSIGNMENTS IN PROGRESS,MISIONES EN CURSO
REGIONAL NETWORK — MARKET KNOWLEDGE,RED REGIONAL — CONOCIMIENTO DEL MERCADO
SCOUT REPORTS,INFORMES DE OJEO
Judging Ability %d/20  ·  Judging Potential %d/20,Valorar nivel %d/20  ·  Valorar potencial %d/20
  ·  %s/wk,  ·  %s/sem
  ·  currently in %s,  ·  ahora mismo en %s
Home network: %s%s%s,Red local: %s%s%s
Available — assign from Search (Send Scout) or set a focus.,Disponible: asígnalo desde Buscar (Enviar ojeador) o fija un enfoque.
Set Focus,Fijar enfoque
En route to %s (%dd) — then watching %s,De camino a %s (%d d); después vigilará a %s
"Watching %s — %d%% known, full report ~%dd","Vigilando a %s — %d %% conocido, informe completo ~%d d"
Travelling to %s (%dd) for the %s sweep,Viajando a %s (%d d) para el barrido de %s
Focus: %s — sweeping %d targets/day (caps at %d%%),Enfoque: %s — barre %d objetivos/día (tope %d %%)
No staff with scouting ability at the club.,No hay personal con capacidad de ojeo en el club.
%s · %s · started %s,%s · %s · desde el %s
IN TRANSIT — %d day%s until they reach %s,EN TRÁNSITO — %d día%s hasta llegar a %s
IN TRANSIT — %s until they reach %s,EN TRÁNSITO — %s hasta llegar a %s
the patch,la zona
%d%% — %s · full report ~%s,%d %% — %s · informe completo ~%s
Focus: %s,Enfoque: %s
%s · rolling assignment since %s,%s · misión continua desde el %s
Sweeps %d matching targets a day up to %d%% knowledge (interim reports only) — a dedicated watch is needed for the full book.,Barre %d objetivos coincidentes al día hasta el %d %% de conocimiento (solo informes provisionales); para el expediente completo hace falta un seguimiento dedicado.
"No scouts in the field.
Select a target in Search and press Send Scout, or set a type focus.","Sin ojeadores sobre el terreno.
Selecciona un objetivo en Buscar y pulsa Enviar ojeador, o fija un enfoque por tipo."
[interim] %s  ·  Ability %s to %s  ·  %s,[provisional] %s  ·  Nivel de %s a %s  ·  %s
%s  ·  Ability %s  Pot %s  ·  %s,%s  ·  Nivel %s  Pot. %s  ·  %s
"[color=#8b91a8]No reports yet. Completed scouting missions produce a written report card here with exact attributes, star ratings and a recommendation.[/color]","[color=#8b91a8]Aún sin informes. Las misiones de ojeo completadas dejan aquí una ficha escrita con atributos exactos, estrellas y una recomendación.[/color]"
Dedicated scouts for hire (%d/%d slots free). New candidates monthly. Wages come off the wage budget.,Ojeadores dedicados en el mercado (%d/%d plazas libres). Candidatos nuevos cada mes. Sus salarios salen del presupuesto salarial.
JA %d · JP %d  ·  network: %s,VN %d · VP %d  ·  red: %s
No candidates left this month — the pool refreshes on the 1st.,No quedan candidatos este mes; la bolsa se renueva el día 1.
%d scout%s,%d ojeador%ses
Scouts work faster on their home patch; region focuses build knowledge across it.,Los ojeadores trabajan más rápido en su zona; los enfoques regionales construyen conocimiento en toda ella.
"[b][font_size=20]%s[/font_size][/b]   [color=#8b91a8]Lv %d · %s[/color]
","[b][font_size=20]%s[/font_size][/b]   [color=#8b91a8]Nv. %d · %s[/color]
"
"[color=#8b91a8]Filed by %s on %s[/color]
","[color=#8b91a8]Presentado por %s el %s[/color]
"
"[color=#e0b050][b]INTERIM REPORT[/b] — %d%% scouted. Star ratings are a RANGE; keep the scout on the watch to narrow it.[/color]

","[color=#e0b050][b]INFORME PROVISIONAL[/b] — %d %% ojeado. Las estrellas son un RANGO; mantén al ojeador en el seguimiento para estrecharlo.[/color]

"
"[b]Current ability[/b]   [color=#e0b050]%s — %s[/color]
","[b]Nivel actual[/b]   [color=#e0b050]%s — %s[/color]
"
"[b]Potential[/b]           [color=#e0b050]%s — %s[/color]

","[b]Potencial[/b]           [color=#e0b050]%s — %s[/color]

"
"
[b]Current ability[/b]   [color=#e0b050]%s[/color]
","
[b]Nivel actual[/b]   [color=#e0b050]%s[/color]
"
"[b]Potential[/b]           [color=#e0b050]%s[/color]

","[b]Potencial[/b]           [color=#e0b050]%s[/color]

"
[color=#8b91a8]unknown — revealed at Part scouted (50%)[/color],[color=#8b91a8]desconocida — se revela en Parcial (50 %)[/color]
"[b]Battle ability[/b]  [color=#d8dbe6]%s[/color] [color=#8b91a8]— %s[/color]

","[b]Habilidad[/b]  [color=#d8dbe6]%s[/color] [color=#8b91a8]— %s[/color]

"
"[b]Battle ability[/b]  [color=#8b91a8]unconfirmed — a Detailed watch (75%) pins it down[/color]

","[b]Habilidad[/b]  [color=#8b91a8]sin confirmar — un seguimiento Detallado (75 %) la fija[/color]

"
"[b]Strengths[/b]
","[b]Puntos fuertes[/b]
"
"
[b]Weaknesses[/b]
","
[b]Puntos débiles[/b]
"
"
[b]Verdict:[/b] [i]%s[/i]","
[b]Veredicto:[/b] [i]%s[/i]"
OUTGOING OFFERS (BIDS WE MADE),OFERTAS SALIENTES (NUESTRAS PUJAS)
INCOMING OFFERS (FOR OUR SQUAD),OFERTAS ENTRANTES (POR NUESTRA PLANTILLA)
LATEST DEALS AROUND THE LEAGUE,ÚLTIMAS OPERACIONES EN LA LIGA
Awaiting response — due %s,Esperando respuesta — plazo: %s
Loan countered — they want: %s,Cesión contraofertada — quieren: %s
Countered — they propose: %s,Contraoferta — proponen: %s
Package agreed — wage demand %s/wk,Paquete acordado — pretensión salarial %s/sem
Contract offered — reply due %s,Contrato ofrecido — respuesta antes del %s
Wants %s/wk to sign,Pide %s/sem para firmar
Deal completed,Operación completada
Offer rejected,Oferta rechazada
Talks collapsed,Negociación rota
HIJACKED — a rival club completed the deal,PUENTEADO: un club rival cerró la operación
DEADLINE DAY,DÍA DE CIERRE
The %s slams shut tonight. Clubs reply within hours — every unfinished deal dies at midnight.,La %s se cierra de golpe esta noche. Los clubes contestan en horas: toda operación sin rematar muere a medianoche.
%s OPEN,%s ABIERTA
Deadline day %s  ·  %d day%s remaining  ·  market: %s,Día de cierre: %s  ·  queda(n) %d día%s  ·  mercado: %s
TRANSFER WINDOW CLOSED,VENTANA DE TRASPASOS CERRADA
"Market locked — reopens %s (%s, %d days). Free agents can still be signed; scouting never stops.","Mercado cerrado: reabre el %s (%s, %d días). Los agentes libres siguen pudiendo firmarse; el ojeo nunca se detiene."
Transfer budget:  %s,Presupuesto de fichajes:  %s
Bank balance:  %s,Saldo bancario:  %s
Wage bill:  %s / %s per wk,Masa salarial:  %s / %s por sem
Wage room:  %s/wk,Margen salarial:  %s/sem
Installments:  %s owed · %s due in,Plazos:  %s pendientes · %s por cobrar
Squad size:  %d,Tamaño de plantilla:  %d
"No outgoing offers.
Find a target in Search and press Make Offer to build a package — up-front fee, installments, a sell-on clause, or a loan with wage split and option to buy. Clubs respond within a couple of days and counter with structures of their own.","Sin ofertas salientes.
Busca un objetivo en Buscar y pulsa Hacer oferta para montar un paquete: pago inicial, plazos, cláusula de reventa o una cesión con reparto salarial y opción de compra. Los clubes responden en un par de días y contraofertan con sus propias estructuras."
"No incoming offers right now.
Rival clubs bid for your squad as the season runs — accept, reject or hold out for more.","Sin ofertas entrantes ahora mismo.
Los clubes rivales pujan por tu plantilla durante la temporada: acepta, rechaza o aguanta por más."
No completed deals yet this season.,Aún no hay operaciones completadas esta temporada.
%s  ·  from %s,%s  ·  del %s
%s  ·  loan from %s,%s  ·  cedido por el %s
%s  ·  youth prospect,%s  ·  promesa juvenil
%s  ·  free agent,%s  ·  agente libre
RIVAL BID: %s have ~%s on the table — %s decide by %s. Beat it or lose the deal.,PUJA RIVAL: %s tiene ~%s sobre la mesa — %s decide antes del %s. Supérala o pierde la operación.
Our package: %s,Nuestro paquete: %s
…or structured: %s,…o estructurado: %s
…or would take: %s,…o aceptarían: %s
Accept Terms,Aceptar condiciones
Adjust Loan,Ajustar cesión
Accept Proposal,Aceptar propuesta
Take Structured,Aceptar estructurado
Adjust Offer,Ajustar oferta
%s  ·  ON LOAN from %s,%s  ·  CEDIDO por el %s
Until %s · we pay %d%% of %s/wk%s,Hasta el %s · pagamos el %d %% de %s/sem%s
 · option to buy %s, · opción de compra %s
Exercise Option (%s),Ejecutar la opción (%s)
%s  ·  bid from %s,%s  ·  puja del %s
   ·   our valuation %s,   ·   nuestra valoración %s
Offer: %s%s,Oferta: %s%s
Expires %s,Expira el %s
We demanded %s%s — their reply due %s,Exigimos %s%s — su respuesta antes del %s
 + %d%% sell-on, + %d %% de reventa
They agreed: %s%s — confirm to complete.,Han aceptado: %s%s — confirma para completar.
Ask More,Pedir más
Offer for %s,Oferta por %s
Revise offer — %s,Revisar oferta — %s
Selling club: %s   ·   their likely valuation: %s,Club vendedor: %s   ·   su valoración probable: %s
Transfer budget: %s   ·   wage room: %s/wk,Presupuesto de fichajes: %s   ·   margen salarial: %s/sem
DEADLINE DAY — they will answer within hours. This deal completes today or never.,DÍA DE CIERRE: responderán en horas. Esta operación se cierra hoy o nunca.
"Window closes in %d day%s. Unfinished deals collapse at the deadline, and rival clubs are circling.","La ventana cierra en %d día%s. Las operaciones sin rematar caen en el cierre, y los rivales acechan."
Permanent transfer,Traspaso permanente
Season loan,Cesión por la temporada
Up-front fee,Pago inicial
"cash now, from our transfer budget","dinero ya, de nuestro presupuesto de fichajes"
Installments (total),Plazos (total)
paid yearly — they discount deferred money,pagados anualmente; descuentan el dinero aplazado
over %d year%s,en %d año%s
Installment term,Duración de los plazos
Sell-on clause %,% de cláusula de reventa
% of the NEXT sale fee they keep,% de la PRÓXIMA venta que se quedan
Wages we cover %,% del salario que cubrimos
of their %s/wk,de sus %s/sem
Option to buy fee,Importe de la opción de compra
buy them outright mid-loan,comprarlo en propiedad a mitad de cesión
Loan runs until %s.,La cesión dura hasta el %s.
Package: %s   (headline %s),Paquete: %s   (importe total %s)
Submit Offer,Enviar oferta
Personal terms — %s,Condiciones personales — %s
Their demand: %s/wk (prefers a %d-year deal as %s),Su pretensión: %s/sem (prefiere un contrato de %d años como %s)
Estimated wage demand: %s/wk,Pretensión salarial estimada: %s/sem
Development compensation due: %s,Compensación por formación: %s
Our wage room: %s/wk   ·   transfer budget: %s,Nuestro margen salarial: %s/sem   ·   presupuesto de fichajes: %s
Weekly wage,Salario semanal
%d year%s,%d año%s
Contract length,Duración del contrato
"longer = security, they take less/wk",más largo = seguridad; aceptan menos por semana
Signing bonus,Prima de fichaje
"one-off cash, sweetens low wages",pago único; endulza salarios bajos
Promised role,Rol prometido
a bigger promise trims the wage,una promesa mayor recorta el salario
Negotiate — %s,Negociar — %s
Their bid: %s   ·   our valuation: %s,Su puja: %s   ·   nuestra valoración: %s
"Demand a fee and, optionally, a sell-on clause — they weigh both and may meet you, improve their cash bid, or walk away.","Exige un importe y, si quieres, una cláusula de reventa; sopesan ambas cosas y pueden aceptar, mejorar su puja en metálico o levantarse de la mesa."
Fee demand,Importe exigido
we keep % of THEIR next sale,nos quedamos un % de SU próxima venta
Send Demands,Enviar exigencias
All scouts are on assignment. Recall one from the Scouting tab first.,Todos los ojeadores están de misión. Retira antes a uno desde la pestaña Ojeo.
Assign scout,Asignar ojeador
Target: %s,Objetivo: %s
"Region: %s · a full report takes real days — travel first, then fieldwork; home-patch scouts read faster and truer.","Región: %s · un informe completo lleva días de verdad: primero el viaje, luego el trabajo de campo; los ojeadores locales leen más rápido y mejor."
 · home patch, · su zona
%s (JA %d · ~%d days to full%s%s),%s (VN %d · ~%d días hasta el completo%s%s)
 · %dd travel, · %d d de viaje
Scouting focus — %s,Enfoque de ojeo — %s
"A focus is a broad sweep: %d matching targets a day gain knowledge, capped at %d%% (interim intel only). Region focuses require travelling there. Use a dedicated target watch for a full report.","Un enfoque es un barrido amplio: %d objetivos coincidentes al día ganan conocimiento, con tope del %d %% (solo información provisional). Los enfoques regionales exigen viajar allí. Usa un seguimiento dedicado para el informe completo."
 · OPEN, · ABIERTA
%d day%s to deadline,%d día%s para el cierre
closes in %d days,cierra en %d días
Window CLOSED,Ventana CERRADA
opens %s (%dd),abre el %s (%d d)
Transfer budget,Presupuesto de fichajes
Wage room,Margen salarial
Active offers,Ofertas activas
%d out · %d in,%d salientes · %d entrantes
Scouts in field,Ojeadores sobre el terreno
Pushed to us,Ofrecidos
%d recs · %d agents,%d recom. · %d agentes
%d targets,%d objetivos
%d targets · %d full books,%d objetivos · %d expedientes completos
Summer window,Ventana de verano
Winter window,Ventana de invierno
"The transfer window is CLOSED. It reopens %s (%s, %d days). Only free agents can be signed until then.","La ventana de traspasos está CERRADA. Reabre el %s (%s, %d días). Hasta entonces solo se puede firmar a agentes libres."
%s OPEN — deadline day %s,%s ABIERTA — día de cierre: %s
"The %s is open. Club-to-club transfers, loans and prospect signings are live until %s (%d days). The market always heats up toward the deadline — move early or scramble late.","La %s está abierta. Traspasos entre clubes, cesiones y fichajes de promesas siguen vivos hasta el %s (%d días). El mercado siempre se calienta hacia el cierre: muévete pronto o corre tarde."
The window shut before the deal was done.,La ventana se cerró antes de rematar la operación.
Missed the deadline: %s,Cierre incumplido: %s
The transfer window closed before our deal for %s could be completed. Talks are off until the market reopens.,La ventana se cerró antes de completar nuestra operación por %s. La negociación queda parada hasta que reabra el mercado.
Window shut — offer lapsed.,Ventana cerrada: la oferta caducó.
%s SHUT — %d deals done across the league,%s CERRADA — %d operaciones en toda la liga
"The %s has closed. League-wide: %d completed deals. Our business: %d deals, %s spent on fees.%s The market reopens %s (%s).","La %s ha cerrado. En toda la liga: %d operaciones completadas. Nuestro negocio: %d operaciones, %s gastados en traspasos.%s El mercado reabre el %s (%s)."
 %d of our negotiations died at the deadline., %d de nuestras negociaciones murieron en el cierre.
%s up front,%s de entrada
%s over %d yr%s,%s en %d año%s
%d%% sell-on,%d %% de reventa
Loan: %d%% wages covered,Cesión: %d %% del salario cubierto
", option to buy %s",", opción de compra %s"
%s/wk · %d yr%s,%s/sem · %d año%s
 · %s signing bonus, · %s de prima de fichaje
(low knowledge — rough read) ,(poco conocimiento: lectura aproximada) 
Negotiators: this package should be accepted.,Negociadores: este paquete debería ser aceptado.
Negotiators: very close — expect a small counter.,Negociadores: muy cerca; espera una pequeña contraoferta.
Negotiators: short of their valuation — they will counter with structure.,Negociadores: por debajo de su valoración; contraofertarán con estructura.
Negotiators: likely to be dismissed outright.,Negociadores: probablemente lo rechacen de plano.
Negotiators: overseas clubs will not loan battlers abroad — a permanent deal is the only route.,Negociadores: los clubes extranjeros no ceden combatientes fuera; el traspaso permanente es la única vía.
Negotiators: a key battler — they will NOT loan them out.,Negociadores: una pieza clave; NO lo cederán.
Negotiators: first-team regular — a loan needs 100% wages and a big option to buy.,Negociadores: titular habitual; una cesión exige el 100 % del salario y una opción de compra alta.
Negotiators: squad member — expect demands for most wages plus an option fee.,Negociadores: miembro de plantilla; espera que pidan la mayor parte del salario más una opción.
Negotiators: fringe battler — a loan with decent wage cover is very gettable.,Negociadores: jugador marginal; una cesión con buena cobertura salarial es muy alcanzable.
(estimated) ,(estimado) 
Agent: these terms should get it done.,Agente: estas condiciones deberían cerrarlo.
"Agent: close — length, bonus or a bigger promised role could bridge it.","Agente: cerca; la duración, una prima o un rol prometido mayor podrían salvar la distancia."
Agent: well short of what they'll sign for.,Agente: muy lejos de lo que firmaría.
Old Capital,Vieja Capital
No such scout.,No existe ese ojeador.
%s is already on assignment — recall them first.,%s ya está de misión; retíralo primero.
Invalid scouting target.,Objetivo de ojeo no válido.
%s is already fully scouted.,%s ya está totalmente ojeado.
Interim scout report: %s (part scouted),Informe provisional de ojeo: %s (parcialmente ojeado)
"%s has filed a preliminary assessment of %s — move set confirmed, star ratings given as a RANGE that narrows with more time in the field. Full attributes still need a completed watch. See Transfers > Scouting.",%s ha presentado una evaluación preliminar de %s: movimientos confirmados y estrellas dadas como un RANGO que se estrecha con más tiempo sobre el terreno. Los atributos exactos aún exigen completar el seguimiento. Ver Traspasos > Ojeo.
Scouting mission over: target unavailable,Misión de ojeo terminada: objetivo no disponible
%s's watch has ended — the target is no longer on the market.,El seguimiento de %s ha terminado: el objetivo ya no está en el mercado.
Full scout report: %s,Informe de ojeo completo: %s
"%s has completed the watch on %s. Exact attributes, genetics and final star ratings are unlocked in Transfers.","%s ha completado el seguimiento de %s. Atributos exactos, genética y estrellas definitivas desbloqueados en Traspasos."
Sp. Defense,Def. Esp.
Standout %s (%s) for its level,%s sobresaliente (%s) para su nivel
Strong secondary %s (%s),Buen %s secundario (%s)
Wins the speed tie in most match-ups,Gana el duelo de velocidad en la mayoría de los cruces
Excellent underlying genetics (IV %d/90),Genética de fondo excelente (IV %d/90)
Young — years of development ahead,Joven: años de desarrollo por delante
Versatile move set (%s),Repertorio versátil (%s)
Weak %s (%s) is exploitable,Su débil %s (%s) es explotable
Below-par %s (%s) too,También un %s por debajo de la media (%s)
Modest genetics (IV %d/90) cap its ceiling,Una genética modesta (IV %d/90) limita su techo
Genetics unread — a full watch is needed to grade the IVs,Genética sin leer: hace falta un seguimiento completo para calificar los IV
Ageing — resale value will only fall,Envejeciendo: su valor de reventa solo puede caer
Arrived at trials in poor condition (%d%%),Llegó a las pruebas en mal estado (%d %%)
One-dimensional move set,Repertorio unidimensional
Sign at almost any cost — a genuine difference-maker.,Fíchalo casi a cualquier precio: marca diferencias de verdad.
Would strengthen our first team immediately. Recommended.,Reforzaría nuestro primer equipo de inmediato. Recomendado.
"Raw today, but the ceiling justifies a development signing.","Verde hoy, pero su techo justifica un fichaje de proyección."
Useful squad depth at the right price; do not overpay.,Fondo de armario útil al precio justo; no pagues de más.
Not recommended — below the level we need.,No recomendado: por debajo del nivel que necesitamos.
PRELIMINARY (%d%% scouted) — the bands below narrow as the watch continues. %s,PRELIMINAR (%d %% ojeado): las bandas de abajo se estrechan según avanza el seguimiento. %s
"%s: ""A genuine difference-maker — take this to the board.""",%s: «Marca diferencias de verdad; llévaselo a la directiva».
"%s: ""Would improve our first team today.""",%s: «Mejoraría nuestro primer equipo hoy mismo».
"%s: ""One for the future — the ceiling is %s.""",%s: «Uno para el futuro; su techo es %s».
Scout recommendation: %s (%s · %s),Recomendación de ojeador: %s (%s · %s)
%s Review the recommendation queue in Transfers > Recruitment — shortlist them or pass.,%s Revisa la cola de recomendaciones en Traspasos > Fichajes: añádelo a la lista o pasa.
That target cannot be bought with a transfer fee.,Ese objetivo no puede comprarse con un traspaso.
There is already an active offer for this target.,Ya hay una oferta activa por este objetivo.
Offered %s to %s.,Ofrecidos %s al %s.
That target cannot be taken on loan.,Ese objetivo no puede llegar cedido.
Overseas clubs will not loan battlers abroad — only a permanent transfer can bring them over.,Los clubes extranjeros no ceden combatientes fuera: solo un traspaso permanente puede traerlo.
Covering %d%% of their wages breaks our wage budget (room: %s/wk).,Cubrir el %d %% de su salario rompe nuestro presupuesto salarial (margen: %s/sem).
Loan proposed to %s — %s.,Cesión propuesta al %s — %s.
Up-front fee exceeds our transfer budget (%s released by the board).,El pago inicial supera nuestro presupuesto de fichajes (%s liberados por la directiva).
Offer something — minimum package is %s.,Ofrece algo: el paquete mínimo es %s.
Sell-on clause must be between 0%% and 50%%.,La cláusula de reventa debe estar entre el 0 %% y el 50 %%.
This offer is not awaiting a revised package.,Esta oferta no espera un paquete revisado.
Target no longer available.,El objetivo ya no está disponible.
The revised package must improve on the last one (in their eyes).,El paquete revisado debe mejorar el anterior (a sus ojos).
Revised package: %s.,Paquete revisado: %s.
This loan offer is not awaiting revised terms.,Esta oferta de cesión no espera condiciones revisadas.
Covering %d%% of their wages breaks our wage budget.,Cubrir el %d %% de su salario rompe nuestro presupuesto salarial.
Revised loan terms: %s.,Condiciones de cesión revisadas: %s.
Nothing to accept.,No hay nada que aceptar.
No loan terms on the table.,No hay condiciones de cesión sobre la mesa.
Their demanded wage cover breaks our wage budget.,La cobertura salarial que exigen rompe nuestro presupuesto.
We accepted their loan terms: %s.,Aceptamos sus condiciones de cesión: %s.
That proposal is not on the table.,Esa propuesta no está sobre la mesa.
Our transfer budget cannot cover the up-front part of that package (%s).,Nuestro presupuesto de fichajes no cubre la parte inicial de ese paquete (%s).
We accepted their proposal: %s.,Aceptamos su propuesta: %s.
Contract talks are not open on this deal.,La negociación de contrato no está abierta en esta operación.
That wage breaks our wage budget (room: %s/wk).,Ese salario rompe nuestro presupuesto salarial (margen: %s/sem).
Signing bonus plus the up-front fee exceeds our transfer budget (%s).,La prima de fichaje más el pago inicial superan nuestro presupuesto de fichajes (%s).
Offer a serious wage.,Ofrece un salario serio.
Contract offered: %s.,Contrato ofrecido: %s.
Offer withdrawn.,Oferta retirada.
Not a free agent.,No es agente libre.
Prospect signings carry a development fee — window business only. ,Fichar promesas conlleva una tasa de formación; negocio de ventana únicamente. 
Compensation plus signing bonus (%s) exceeds our transfer budget (%s).,La compensación más la prima de fichaje (%s) superan nuestro presupuesto de fichajes (%s).
Contract offered: %s%s.,Contrato ofrecido: %s%s.
 (plus %s development compensation), (más %s de compensación por formación)
Deal collapsed — the target is no longer available.,Operación caída: el objetivo ya no está disponible.
Deal collapsed: %s,Operación caída: %s
Our move for %s is off — they are no longer available.,Nuestro movimiento por %s queda anulado: ya no está disponible.
%s reject the offer — their squad is too thin to sell.,%s rechaza la oferta: su plantilla es demasiado corta para vender.
Offer rejected: %s,Oferta rechazada: %s
%s will not sell %s at any price right now — their squad is too small.,%s no venderá a %s a ningún precio ahora mismo: su plantilla es demasiado corta.
%s accept the package (%s). Wage demand: %s/wk.,%s acepta el paquete (%s). Pretensión salarial: %s/sem.
Package agreed: %s (%s),Paquete acordado: %s (%s)
%s have accepted our package for %s — %s. Agree personal terms in the Transfer Centre — they want around %s/wk.,%s ha aceptado nuestro paquete por %s — %s. Acuerda las condiciones personales en el Centro de traspasos; pide en torno a %s/sem.
 This is their final position., Es su posición definitiva.
 They point to %s's rival bid (~%s)., Señalan la puja rival del %s (~%s).
" — or, structured: %s"," — o, estructurado: %s"
%s counter: %s%s.%s%s,%s contraoferta: %s%s.%s%s
Counter offer: %s want more for %s,Contraoferta: %s quiere más por %s
%s rejected our package (%s) for %s. They propose: %s.%s%s%s,%s rechazó nuestro paquete (%s) por %s. Proponen: %s.%s%s%s
 Alternatively they would take %s., Como alternativa aceptarían %s.
%s reject the offer outright.,%s rechaza la oferta de plano.
%s consider our package (%s) for %s derisory and have ended talks.,%s considera irrisorio nuestro paquete (%s) por %s y ha cortado la negociación.
%s refuse to loan out a key battler.,%s se niega a ceder a una pieza clave.
Loan refused: %s,Cesión rechazada: %s
%s will not loan %s — they are central to their plans.,%s no cederá a %s: es central en sus planes.
%s counter on the loan: %s.,%s contraoferta la cesión: %s.
Loan counter: %s,Contraoferta de cesión: %s
%s would loan %s only on these terms — %s. Respond in the Transfer Centre.,%s solo cedería a %s con estas condiciones: %s. Responde en el Centro de traspasos.
%s end the loan talks.,%s corta la negociación de la cesión.
Loan talks over: %s,Negociación de cesión terminada: %s
%s have ended loan negotiations for %s.,%s ha dado por terminada la negociación de la cesión de %s.
%s wants %s/wk — or would take %s.,"%s pide %s/sem, o aceptaría %s."
Contract talks: %s wants %s/wk,Negociación de contrato: %s pide %s/sem
%s turned down our terms (%s). They want %s/wk as offered — or would accept a structured deal: %s. Respond in the Transfer Centre.,"%s rechazó nuestras condiciones (%s). Quiere %s/sem como pedía, o aceptaría un acuerdo estructurado: %s. Responde en el Centro de traspasos."
%s walks away from contract talks.,%s se levanta de la negociación del contrato.
Talks collapse: %s,La negociación se rompe: %s
%s has broken off contract negotiations after repeated low offers.,%s ha roto la negociación del contrato tras repetidas ofertas a la baja.
Star battler,Estrella
Loan collapsed — wage budget no longer covers our share.,Cesión caída: el presupuesto salarial ya no cubre nuestra parte.
Loan agreed. %s joins %s until %s.,Cesión acordada. %s se une al %s hasta el %s.
Loan completed: %s,Cesión completada: %s
%s joins %s on loan from %s until %s. We cover %d%% of their %s/wk wages%s.,%s llega al %s cedido por el %s hasta el %s. Cubrimos el %d %% de su salario de %s/sem%s.
", with an option to buy for %s",", con opción de compra por %s"
Deal collapsed — the transfer or wage budget no longer covers the terms.,Operación caída: el presupuesto de fichajes o el salarial ya no cubren las condiciones.
Deal done. %s joins %s.,Operación cerrada. %s se une al %s.
Signing completed: %s,Fichaje completado: %s
%s joins %s from %s. Deal: %s. Contract: %s (until %s).,%s llega al %s procedente del %s. Operación: %s. Contrato: %s (hasta %s).
Sell-on clause pays out: %s (%s),La cláusula de reventa paga: %s (%s)
Our %d%% sell-on clause on %s has paid out %s from their %s move.,Nuestra cláusula de reventa del %d %% sobre %s ha pagado %s por su traspaso al %s.
No option to buy in this loan.,Esta cesión no tiene opción de compra.
Our transfer budget cannot cover the option fee (%s).,Nuestro presupuesto de fichajes no cubre la opción (%s).
Loan option exercised,Opción de compra ejecutada
Option exercised: %s signs permanently,Opción ejecutada: %s firma en propiedad
We have exercised the %s option to buy on %s. They join permanently from %s.,Hemos ejecutado la opción de compra de %s sobre %s. Se queda en propiedad procedente del %s.
No such loanee.,No existe ese cedido.
Loan ending soon: %s,Cesión a punto de acabar: %s
%s returns to %s on %s.%s,%s vuelve al %s el %s.%s
 Exercise our %s option to buy in the Transfer Centre to keep them., Ejecuta nuestra opción de compra de %s en el Centro de traspasos para quedártelo.
Loan ended: %s returns to %s,Cesión terminada: %s vuelve al %s
%s's loan spell with us is over — they have returned to %s.,La cesión de %s con nosotros ha terminado: ha vuelto al %s.
Installment paid: %s (%s),Plazo pagado: %s (%s)
A scheduled transfer installment of %s for %s has been paid%s.,Se ha pagado un plazo programado de %s por %s%s.
 to %s, al %s
Installment received: %s (%s),Plazo cobrado: %s (%s)
A scheduled transfer installment of %s for %s has arrived%s.,Ha llegado un plazo programado de %s por %s%s.
 from %s, del %s
RIVAL BID — %s enter the race with a package worth ~%s. %s decide by %s.,PUJA RIVAL — %s entra en la carrera con un paquete de ~%s. %s decide antes del %s.
Rival bid: %s move for %s,Puja rival: %s se mueve por %s
%s have tabled a rival package worth around %s for %s while we negotiate. %s will pick a buyer by %s — improve our offer above theirs or risk losing the deal.%s,%s ha puesto sobre la mesa un paquete rival de unos %s por %s mientras negociamos. %s elegirá comprador antes del %s: mejora nuestra oferta por encima de la suya o arriésgate a perder la operación.%s
 It is deadline week — expect them to move FAST., Es la semana del cierre: espera que se muevan RÁPIDO.
%s pull out of the race — our package is the stronger one.,%s se retira de la carrera: nuestro paquete es el más fuerte.
Rival seen off: %s,Rival despachado: %s
%s have withdrawn their interest in %s. Our package (worth %s to %s) beat their %s.,%s ha retirado su interés por %s. Nuestro paquete (%s a ojos del %s) superó su %s.
%s hesitate and drop out without completing their bid.,%s duda y se descuelga sin completar su puja.
Rival blinks: %s,El rival parpadea: %s
%s failed to close their move for %s. We are back in the driving seat — but we were outbid; do not count on a second escape.,"%s no cerró su movimiento por %s. Volvemos a llevar el volante, pero nos superaron en la puja: no cuentes con salvarte dos veces."
%s cash (hijacked our deal),%s en metálico (nos puentearon la operación)
HIJACKED — %s complete a %s deal for %s.,PUENTEADOS — %s cierra una operación de %s por %s.
Deal hijacked: %s sign %s,Operación puenteada: %s ficha a %s
"%s have gazumped us. While we haggled, they met %s's demands with a %s package and %s is theirs. Rival interest only grows toward the deadline — next time, close faster or bid stronger.","%s nos ha puenteado. Mientras regateábamos, cubrió las exigencias del %s con un paquete de %s y %s es suyo. El interés rival solo crece hacia el cierre: la próxima vez, cierra antes o puja más fuerte."
Offer is no longer live.,La oferta ya no está viva.
Offer rejected.,Oferta rechazada.
Offer cannot be countered.,La oferta no admite contraoferta.
Ask more than their current package (%s).,Pide más que su paquete actual (%s).
Sell-on demand must be between 0% and 50%.,La reventa exigida debe estar entre el 0 % y el 50 %.
We demanded %s,Exigimos %s
 plus a %d%% sell-on clause, más una cláusula de reventa del %d %%
Cannot sell — we need at least 6 in the squad.,No podemos vender: necesitamos al menos 6 en la plantilla.
That squad member is no longer ours.,Ese miembro de la plantilla ya no es nuestro.
They are on loan from another club — we cannot sell them.,Está cedido por otro club: no podemos venderlo.
Sale completed — %s.,Venta completada — %s.
Sale completed: %s,Venta completada: %s
%s leaves %s for %s. Deal: %s.,%s deja el %s rumbo al %s. Operación: %s.
 plus a %d%% sell-on, más un %d %% de reventa
%s agree to pay %s%s. Awaiting our confirmation.,%s acepta pagar %s%s. A la espera de nuestra confirmación.
%s agree %s for %s,%s acepta %s por %s
%s have met our demands for %s — %s%s. Confirm or reject the sale in the Transfer Centre.,%s ha aceptado nuestras exigencias por %s — %s%s. Confirma o rechaza la venta en el Centro de traspasos.
"%s improve their bid to %s (final, cash only).","%s mejora su puja hasta %s (definitiva, solo en metálico)."
Improved bid: %s offer %s for %s,Puja mejorada: %s ofrece %s por %s
%s could not meet %s but tabled a final cash bid of %s for %s.,%s no llegó a %s pero puso una puja final en metálico de %s por %s.
%s walk away from the deal.,%s se retira de la operación.
%s withdraw interest in %s,%s retira su interés por %s
Our demands for %s were too rich for %s. They have moved on.,Nuestras exigencias por %s fueron demasiado ricas para el %s. Han pasado página.
Offer expired.,Oferta expirada.
%s bid %s.%s,%s ofrece %s.%s
 DEADLINE-DAY BID — decide today., PUJA DE DÍA DE CIERRE: decide hoy.
%s: %s bid %s for %s,%s: %s ofrece %s por %s
DEADLINE-DAY OFFER,OFERTA DE DÍA DE CIERRE
Transfer offer,Oferta de traspaso
"%s have offered %s for %s (our valuation: %s). Accept, reject or negotiate — you can demand more cash and a sell-on clause — before %s.%s","%s ha ofrecido %s por %s (nuestra valoración: %s). Acepta, rechaza o negocia —puedes exigir más dinero y una cláusula de reventa— antes del %s.%s"
 The window shuts tonight: this bid dies at midnight., La ventana se cierra esta noche: esta puja muere a medianoche.
Free agency,Agencia libre
Free transfer,Traspaso gratuito
 (deadline day), (día de cierre)
 cash, en metálico
%s: %s sign %s,%s: %s ficha a %s
Deadline-day move,Movimiento de día de cierre
Market news,Noticias del mercado
%s have paid %s a fee of %s for %s (Lv %d)%s. One to watch when we face them.,%s ha pagado al %s un traspaso de %s por %s (Nv. %d)%s. Uno a vigilar cuando nos crucemos.
 as the window slams shut, justo cuando la ventana se cierra de golpe
 cash — as rumoured," en metálico, como apuntaban los rumores"
Rumour confirmed: %s sign %s,Rumor confirmado: %s ficha a %s
The paper talk was right — %s have completed a %s deal for %s from %s.,La prensa acertó: %s ha cerrado una operación de %s por %s procedente del %s.
SHORTLIST: we lost %s to %s,LISTA DE OBJETIVOS: perdimos a %s ante el %s
Our shortlisted target %s has signed for %s while we sat on our hands. The shortlist only works if we act on the alerts.,Nuestro objetivo %s ha firmado por el %s mientras nos quedábamos de brazos cruzados. La lista solo funciona si actuamos con los avisos.
Only market targets can be shortlisted.,Solo los objetivos del mercado pueden ir a la lista.
Shortlist is full (12) — remove a target first.,La lista está llena (12): quita antes un objetivo.
Recommendation no longer available.,La recomendación ya no está disponible.
"""My client feels he has taken %s as far as he can. Move now and this is a smooth deal.""",«Mi cliente siente que ha llevado al %s tan lejos como podía. Muévete ya y la operación será suave».
"""He has told %s he wants a new challenge. They will not stand in his way at the right price.""",«Le ha dicho al %s que quiere un nuevo reto. No se interpondrán si el precio es el justo».
"""The relationship with %s has run its course. You will not get better access than this.""",«La relación con el %s está agotada. No tendrás mejor acceso que este».
%sAgent offer: %s available from %s,%sOferta de agente: %s disponible del %s
SHORTLIST ALERT — ,AVISO DE LA LISTA — 
%s's agent has offered him to %s. %s A deal near %s should do it while the offer stands (until %s) — the agent's pressure softens %s at the table. See Transfers > Recruitment.,El agente de %s lo ha ofrecido al %s. %s Un acuerdo cercano a %s debería bastar mientras la oferta siga en pie (hasta el %s): la presión del agente ablanda al %s en la mesa. Ver Traspasos > Fichajes.
"""He is training alone and hungry. Around %s/wk signs him this week.""",«Entrena solo y con hambre. Unos %s/sem lo firman esta misma semana».
Agent touting a free agent: %s,Un agente ofrece a un agente libre: %s
"An agent has offered free agent %s (Lv %d) to us directly — around %s/wk gets it done. No fee, signable any time. See Transfers > Recruitment.","Un agente nos ha ofrecido directamente al agente libre %s (Nv. %d): unos %s/sem lo cierran. Sin traspaso, firmable en cualquier momento. Ver Traspasos > Fichajes."
%s have made %s (Lv %d) available for transfer — around %s would do it.,%s ha puesto a %s (Nv. %d) en el mercado: unos %s bastarían.
SHORTLIST ALERT: %s transfer-listed by %s,AVISO DE LA LISTA: %s puesto transferible por el %s
Our shortlisted target %s has been made available — %s's ask drops to about %s while the listing stands. Move before a rival does.,Nuestro objetivo %s ha salido al mercado: el precio del %s baja a unos %s mientras dure la lista. Muévete antes que un rival.
are said to be monitoring,"según se dice, está siguiendo a"
are weighing a move for,sopesa un movimiento por
are preparing a bid for,prepara una puja por
SHORTLIST ALERT: %s circling %s,AVISO DE LA LISTA: %s ronda a %s
"The rumour mill says %s %s our shortlisted target %s. If we want him, the safe move is to bid before they do.","La rumorología dice que el %s %s nuestro objetivo %s. Si lo queremos, lo seguro es pujar antes que ellos."
%s are rumoured to be readying an offer for OUR %s.,Se rumorea que el %s prepara una oferta por NUESTRO %s.
Paper talk: %s linked with our %s,Ruido de prensa: %s vinculado con nuestro %s
"The rumour mill has %s preparing a bid for %s. Nothing official yet — but if you would sell, decide your price now; if not, brace for the phone call.","La rumorología sitúa al %s preparando una puja por %s. Nada oficial todavía; pero si venderías, decide ya tu precio, y si no, prepárate para la llamada."
%s's board is said to have released a war chest — expect them to be busy this window.,Se dice que la directiva del %s ha soltado un buen cofre: espera verlos activos esta ventana.
%s bid %s — just as the rumour mill predicted.,"%s puja %s, tal y como predecía la rumorología."
The rumours were true: %s bid %s for %s,Los rumores eran ciertos: %s puja %s por %s
%s have followed up the paper talk with a real offer of %s for %s (our valuation: %s). It waits in the Transfer Centre until %s.,%s ha convertido el ruido de prensa en una oferta real de %s por %s (nuestra valoración: %s). Espera en el Centro de traspasos hasta el %s.
That scout is no longer on the market.,Ese ojeador ya no está en el mercado.
Scouting department is full (%d hired scouts). Release one first.,El departamento de ojeo está completo (%d ojeadores contratados). Libera antes a uno.
Their %s/wk wage breaks our wage budget (room: %s/wk).,Su salario de %s/sem rompe nuestro presupuesto (margen: %s/sem).
Scout hired: %s (%s),Ojeador contratado: %s (%s)
%s joins our scouting department on %s/wk. Home network: %s — assignments there run days faster and region focuses build knowledge across the whole patch.,%s se une a nuestro departamento de ojeo por %s/sem. Red local: %s; las misiones allí van días más rápido y los enfoques regionales construyen conocimiento en toda la zona.
Scout released: %s,Ojeador liberado: %s
%s has left the scouting department (severance: %s).,%s ha dejado el departamento de ojeo (finiquito: %s).
Only hired scouts can be released — club coaches stay.,Solo se puede liberar a los ojeadores contratados; los entrenadores del club se quedan.
Sent %s to scout shortlisted %s.,Enviado %s a ojear al objetivo %s de la lista.
DoF rejected the bid — below our valuation.,El DD rechazó la puja: por debajo de nuestra valoración.
Rejected %s's %s bid for %s (valuation %s).,Rechazada la puja de %s del %s por %s (valoración %s).
Accepted %s's proposal for %s (%s).,Aceptada la propuesta del %s por %s (%s).
Walked away from %s — their demands broke the board's limit (%s).,Nos retiramos de %s: sus exigencias rompían el límite de la directiva (%s).
Offered %s the %s/wk terms his camp asked for.,Ofrecidas a %s las condiciones de %s/sem que pedía su entorno.
Pulled out of the %s deal — his %s/wk demand breaks the wage budget.,Nos retiramos de la operación de %s: su exigencia de %s/sem rompe el presupuesto salarial.
Opened talks with %s for %s — %s.,Abiertas conversaciones con el %s por %s — %s.
Opened contract talks with %s (%s/wk).,Abierta negociación de contrato con %s (%s/sem).
DoF: talks opened for %s,DD: conversaciones abiertas por %s
"%s Your Director of Battling is handling the negotiation — limits: %d%% over valuation, board budgets. Watch it in the Transfer Centre or take over any time.",%s Tu director deportivo lleva la negociación — límites: %d %% sobre la valoración y los presupuestos de la directiva. Síguela en el Centro de traspasos o toma el mando cuando quieras.
League Store,Tienda de la Liga
League Store & Equipment,Tienda de la Liga y equipamiento
LEAGUE STORE — CATALOG & CLUB STOREROOM,TIENDA DE LA LIGA — CATÁLOGO Y ALMACÉN DEL CLUB
Search items...,Buscar objetos...
In storeroom,En el almacén
Double-click a row to buy one. Purchases come out of the board's transfer budget.,Doble clic en una fila para comprar uno. Las compras salen del presupuesto de fichajes de la directiva.
ITEM DOSSIER,FICHA DEL OBJETO
SQUAD EQUIPMENT — WHO HOLDS WHAT,EQUIPAMIENTO DE LA PLANTILLA — QUIÉN LLEVA QUÉ
Held item,Objeto equipado
Take item,Retirar objeto
Use stone,Usar piedra
%s evolved into %s! The %s was consumed.,¡%s evolucionó a %s! La %s se consumió.
Club balance,Saldo del club
%d items · %s,%d objetos · %s
Squad equipped,Plantilla equipada
Kit on backs,Equipo a la espalda
%d of %d items,%d de %d objetos
— bare —,— sin nada —
"Select an item from the catalog.

HELD items work passively while a Pokémon carries them — equip below.
USABLE items go into the matchday bag: using one in battle costs that Pokémon's turn, exactly like the real thing.","Selecciona un objeto del catálogo.

Los objetos EQUIPABLES funcionan de forma pasiva mientras un Pokémon los lleva; equípalos abajo.
Los objetos USABLES van a la mochila de partido: usar uno en combate cuesta el turno de ese Pokémon, exactamente como en el juego real."
Engine effects: %s,Efectos en el motor: %s
Price %s   ·   sells back for %s   ·   in storeroom: %d,Precio %s   ·   se revende por %s   ·   en el almacén: %d
Currently held by: nobody in the squad.,Ahora lo lleva: nadie en la plantilla.
Currently held by: %s,Ahora lo lleva: %s
%s (Lv %d),%s (Nv. %d)
"Evolution stone — applied from the storeroom, never in battle. Nobody in the current squad evolves with it.","Piedra evolutiva: se aplica desde el almacén, nunca en combate. Nadie en la plantilla actual evoluciona con ella."
%s (Lv %d) evolves into %s,%s (Nv. %d) evoluciona a %s
Would evolve: %s,Evolucionaría: %s
Pick the Pokémon below and press Use — evolution is immediate and permanent; using the stone is the approval.,Elige el Pokémon abajo y pulsa Usar: la evolución es inmediata y permanente; usar la piedra es la aprobación.
"Usable items are consumed as a battle turn — the engine exposes them as ""use_item"" actions from your matchday bag.",Los objetos usables se consumen como un turno de combate; el motor los expone como acciones «use_item» desde tu mochila de partido.
Buy 1  (%s),Comprar 1  (%s)
Buy 5,Comprar 5
Sell 1,Vender 1
%s would evolve into %s — buy a %s first.,%s evolucionaría a %s: compra antes una %s.
%s evolves %s into %s. Permanent — using the stone is the approval.,%s evoluciona a %s en %s. Permanente: usar la piedra es la aprobación.
"Pick an item above and a Pokémon here, then Equip. Swapping returns the old item to the storeroom.","Elige un objeto arriba y un Pokémon aquí, luego Equipar. Al cambiarlo, el objeto anterior vuelve al almacén."
%s is not holding anything.,%s no lleva nada.
Equip,Equipar
Youth Academy,Academia juvenil
Development Centre,Centro de desarrollo
END-OF-SEASON YOUTH REVIEW — %s's recommendations (Season %d),REVISIÓN JUVENIL DE FIN DE TEMPORADA — recomendaciones de %s (Temporada %d)
%s  Lv %d · %s · pot,%s  Nv. %d · %s · pot.
coach: %s — %s,entrenador: %s — %s
Apply youth review,Aplicar la revisión juvenil
Keep everyone,Conservar a todos
Ticked recruits are released; the rest stay for the new season.,Los reclutas marcados reciben la carta de libertad; el resto sigue la nueva temporada.
No academy recruits yet — the next intake day is %s.,Aún no hay reclutas en la academia; el próximo día de ingreso es el %s.
INTAKE HISTORY,HISTORIAL DE INGRESOS
No intakes yet this season.,Aún sin ingresos esta temporada.
   GOLDEN GENERATION,   GENERACIÓN DORADA
   thin month,   mes flojo
%s   %d recruits (facility L%d)   best: %s%s,%s   %d reclutas (instalaciones N%d)   mejor: %s%s
"Select a recruit to review development,
set a focus, promote or release.","Selecciona un recluta para revisar su desarrollo,
fijar un enfoque, ascenderlo o soltarlo."
Coach view: %s.,Visión del entrenador: %s.
Level %d   ·   %s   ·   joined %s,Nivel %d   ·   %s   ·   ingresó el %s
Nature %s   ·   %s,Naturaleza %s   ·   %s
IVs  HP %d  ATK %d  DEF %d  SPA %d  SPD %d  SPE %d,IV  PS %d  ATA %d  DEF %d  ATE %d  DFE %d  VEL %d
Moves: %s,Movimientos: %s
Next level: %d%%,Siguiente nivel: %d %%
Training focus,Enfoque de entrenamiento
Promote to First Team,Ascender al primer equipo
Squad %d/%d — promotion respects the squad cap.,Plantilla %d/%d: el ascenso respeta el tope de plantilla.
Level %d — %s,Nivel %d — %s
Next intake day: %s   ·   %d–%d recruits/month,Próximo día de ingreso: %s   ·   %d–%d reclutas/mes
Academy roster: %d / %d beds   ·   Head youth coach: %s,Plantilla de la academia: %d / %d plazas   ·   Jefe de cantera: %s
   ·   FULL — intakes suspended,   ·   COMPLETA — ingresos suspendidos
Board deciding — answer due %s,La directiva decide; respuesta antes del %s
Under construction — opens %s,En obras; abre el %s
Facilities are state of the art,Las instalaciones son de última generación
Request Level %d upgrade  (%s),Solicitar mejora a nivel %d  (%s)
"[color=#%s][font_size=12]END-OF-SEASON YOUTH REVIEW  ·  %d/%d BEDS[/font_size][/color]
","[color=#%s][font_size=12]REVISIÓN JUVENIL DE FIN DE TEMPORADA  ·  %d/%d PLAZAS[/font_size][/color]
"
"[color=#%s][b]%s[/b] has reviewed every juvenile on the academy roster ahead of the new season.[/color]
","[color=#%s][b]%s[/b] ha revisado a cada juvenil de la academia de cara a la nueva temporada.[/color]
"
"
[color=#%s][b][img=12x12]res://shared/theme/icons/check_good.svg[/img] Review settled — decisions applied on the Academy screen.[/b][/color]
","
[color=#%s][b][img=12x12]res://shared/theme/icons/check_good.svg[/img] Revisión resuelta: decisiones aplicadas en la pantalla Academia.[/b][/color]
"
[color=#%s][b]%s[/b][/color]  [color=#%s]Lv %d · %s[/color]   ,[color=#%s][b]%s[/b][/color]  [color=#%s]Nv. %d · %s[/color]   
[font_size=12][color=#%s]Potential %s – %s   ·   [i]“%s”[/i][/color][/font_size][/cell][/table],[font_size=12][color=#%s]Potencial %s – %s   ·   [i]«%s»[/i][/color][/font_size][/cell][/table]
"

[color=#%s]Tick your releases and apply the review on the Academy screen — beds free up before the season's first intake day.[/color]","

[color=#%s]Marca las bajas y aplica la revisión en la pantalla Academia; las plazas se liberan antes del primer día de ingreso de la temporada.[/color]"
Settle the review,Resolver la revisión
"[color=#%s][font_size=12]ACADEMY HOUSEKEEPING[/font_size][/color]
","[color=#%s][font_size=12]GESTIÓN DE LA ACADEMIA[/font_size][/color]
"
"

[color=#%s]Beds[/color]  [color=#%s][b]%d / %d[/b][/color]","

[color=#%s]Plazas[/color]  [color=#%s][b]%d / %d[/b][/color]"
ELITE CEILING,TECHO DE ÉLITE
FIRST-TEAM CEILING,TECHO DE PRIMER EQUIPO
SQUAD CEILING,TECHO DE PLANTILLA
DEPTH AT BEST,FONDO DE ARMARIO COMO MUCHO
"[color=#%s][font_size=12]YOUTH INTAKE DAY  ·  %s (LEVEL %d)[/font_size][/color]
","[color=#%s][font_size=12]DÍA DE INGRESO JUVENIL  ·  %s (NIVEL %d)[/font_size][/color]
"
"[color=#%s][b]%s[/b] presents this month's crop of [b]%d[/b] juveniles from the club's youth programme.[/color]
","[color=#%s][b]%s[/b] presenta la cosecha de este mes: [b]%d[/b] juveniles del programa de cantera del club.[/color]
"
"
[bgcolor=#3a3113][color=#%s][b] [img=13x13]res://shared/theme/icons/star_gold.svg[/img] GOLDEN GENERATION — the staff are buzzing. Intakes like this come along once a decade. [/b][/color][/bgcolor]
","
[bgcolor=#3a3113][color=#%s][b] [img=13x13]res://shared/theme/icons/star_gold.svg[/img] GENERACIÓN DORADA — el cuerpo técnico está alborotado. Ingresos así llegan una vez por década. [/b][/color][/bgcolor]
"
"
[color=#%s][i]A thin month — the region's best young battlers went elsewhere.[/i][/color]
","
[color=#%s][i]Un mes flojo: los mejores jóvenes de la región se fueron a otra parte.[/i][/color]
"
"
[color=#%s]They begin work at the academy immediately. Set each recruit's training focus and watch the coaches narrow their potential bands over the coming weeks.[/color]","
[color=#%s]Empiezan a trabajar en la academia de inmediato. Fija el enfoque de entrenamiento de cada recluta y observa cómo los entrenadores estrechan sus bandas de potencial en las próximas semanas.[/color]"
[b][color=#%s]%s[/color][/b]  %s  [color=#%s]Lv %d · %s · %s[/color],[b][color=#%s]%s[/color][/b]  %s  [color=#%s]Nv. %d · %s · %s[/color]
   [color=#%s][b][img=10x10]res://shared/theme/icons/dot_gold.svg[/img] BEST OF THE CROP[/b][/color],   [color=#%s][b][img=10x10]res://shared/theme/icons/dot_gold.svg[/img] EL MEJOR DE LA COSECHA[/b][/color]
[color=#%s]Current[/color]    %s      [color=#%s]Potential[/color]  %s [color=#%s]–[/color] %s   [color=#%s][font_size=12][b]%s[/b][/font_size][/color],[color=#%s]Actual[/color]    %s      [color=#%s]Potencial[/color]  %s [color=#%s]–[/color] %s   [color=#%s][font_size=12][b]%s[/b][/font_size][/color]
   ·   Knows: %s,   ·   Conoce: %s
"[color=#%s][font_size=12]INTAKE PREVIEW  ·  %s (LEVEL %d)[/font_size][/color]
","[color=#%s][font_size=12]PREVIA DEL INGRESO  ·  %s (NIVEL %d)[/font_size][/color]
"
"[color=#%s][b]%s[/b] has been watching this month's youth candidates ahead of intake day on [b]%s[/b].[/color]

","[color=#%s][b]%s[/b] ha estado observando a los candidatos juveniles del mes de cara al día de ingreso, el [b]%s[/b].[/color]

"
"[bgcolor=#3a3113][color=#%s][b] [img=13x13]res://shared/theme/icons/star_gold.svg[/img] Whispers of a special group — the staff can barely contain themselves. [/b][/color][/bgcolor]

","[bgcolor=#3a3113][color=#%s][b] [img=13x13]res://shared/theme/icons/star_gold.svg[/img] Se susurra que viene un grupo especial; el cuerpo técnico apenas se contiene. [/b][/color][/bgcolor]

"
"[color=#%s][i]Expectations are low — the region's best juveniles appear to have gone elsewhere.[/i][/color]

","[color=#%s][i]Las expectativas son bajas: los mejores juveniles de la región parecen haberse ido a otra parte.[/i][/color]

"
"[color=#%s]A typical group is expected — a couple of names worth watching, nothing the staff are shouting about yet.[/color]

","[color=#%s]Se espera un grupo del montón: un par de nombres a vigilar, nada que el cuerpo técnico esté gritando todavía.[/color]

"
"[color=#%s]Expected class size[/color]  [color=#%s][b]%d–%d juveniles[/b][/color]
","[color=#%s]Tamaño esperado de la clase[/color]  [color=#%s][b]%d–%d juveniles[/b][/color]
"
[font_size=12][color=#%s]First impressions can mislead — the coaches' potential bands only firm up once the recruits start work.[/color][/font_size],[font_size=12][color=#%s]Las primeras impresiones engañan: las bandas de potencial solo se asientan cuando los reclutas empiezan a trabajar.[/color][/font_size]
"[color=#%s][font_size=12]ACADEMY GRADUATION[/font_size][/color]
","[color=#%s][font_size=12]GRADUACIÓN DE LA ACADEMIA[/font_size][/color]
"
"[color=#%s][b]%s[/b] steps up from the academy to the first-team squad.[/color]
","[color=#%s][b]%s[/b] da el salto de la academia a la plantilla del primer equipo.[/color]
"
"[b][color=#%s]%s[/color][/b]  %s  [color=#%s]Lv %d[/color]
","[b][color=#%s]%s[/color][/b]  %s  [color=#%s]Nv. %d[/color]
"
"[color=#%s]Ceiling[/color]  %s [color=#%s]–[/color] %s   [color=#%s][font_size=12][b]%s[/b][/font_size][/color]
","[color=#%s]Techo[/color]  %s [color=#%s]–[/color] %s   [color=#%s][font_size=12][b]%s[/b][/font_size][/color]
"
"[font_size=12][color=#%s]Contract to %s · wage %s/wk[/color][/font_size][/cell][/table]
","[font_size=12][color=#%s]Contrato hasta %s · salario %s/sem[/color][/font_size][/cell][/table]
"
"
[color=#%s]Young battlers develop fastest alongside senior squad-mates — consider assigning a mentor on the Training screen.[/color]","
[color=#%s]Los jóvenes se desarrollan más rápido junto a compañeros veteranos; plantéate asignarles un mentor en la pantalla de Entrenamiento.[/color]"
"[color=#%s][font_size=12]ACADEMY FACILITIES[/font_size][/color]
","[color=#%s][font_size=12]INSTALACIONES DE LA ACADEMIA[/font_size][/color]
"
"[color=#%s]You have asked the board to fund [b]Level %d[/b] facilities — [b]%s[/b].[/color]

","[color=#%s]Has pedido a la directiva que financie unas instalaciones de [b]nivel %d[/b] — [b]%s[/b].[/color]

"
"[color=#%s]Cost[/color]  [color=#%s][b]%s[/b][/color]
","[color=#%s]Coste[/color]  [color=#%s][b]%s[/b][/color]
"
[color=#%s]The directors will respond by [b]%s[/b]. They approve only if the club can pay while keeping a %s operating reserve.[/color],[color=#%s]Los directivos responderán antes del [b]%s[/b]. Solo aprueban si el club puede pagar manteniendo una reserva operativa de %s.[/color]
"[color=#%s]The board has [color=#%s][b]APPROVED[/b][/color] your request and released [b]%s[/b] for [b]Level %d[/b] facilities.[/color]

","[color=#%s]La directiva ha [color=#%s][b]APROBADO[/b][/color] tu petición y liberado [b]%s[/b] para unas instalaciones de [b]nivel %d[/b].[/color]

"
"[color=#%s]Construction completes on [b]%s[/b]. Expect larger, higher-quality intakes from then on.[/color]",[color=#%s]Las obras terminan el [b]%s[/b]. Espera ingresos más numerosos y de más calidad a partir de entonces.[/color]
"[color=#%s]The board has [color=#%s][b]REJECTED[/b][/color] your request for [b]Level %d[/b] facilities.[/color]

","[color=#%s]La directiva ha [color=#%s][b]RECHAZADO[/b][/color] tu petición de instalaciones de [b]nivel %d[/b].[/color]

"
[color=#%s]The club cannot commit %s while keeping a %s operating reserve. Improve the balance and ask again.[/color],[color=#%s]El club no puede comprometer %s manteniendo una reserva operativa de %s. Mejora el saldo y vuelve a pedirlo.[/color]
"[color=#%s]The [b]%s[/b] (Level %d) are open. The youth programme's reach and the quality of raw material both improve immediately.[/color]

","[color=#%s]Las [b]%s[/b] (nivel %d) ya están abiertas. El alcance del programa juvenil y la calidad de la materia prima mejoran de inmediato.[/color]

"
"[color=#%s]Next intake: the 15th of the month. Bigger classes, higher ceilings.[/color]","[color=#%s]Próximo ingreso: el 15 del mes. Clases más grandes, techos más altos.[/color]"
The championships are decided — now the %s begins. The top four of the %s ,Los campeonatos están decididos: ahora empieza la %s. Los cuatro primeros de la %s 
and the %s meet in a seeded cross-league knockout for the %s title. ,y la %s se cruzan en una eliminatoria entre ligas con cabezas de serie por el título de %s. 
Quarter-finals on %s: %s.%s,Cuartos de final el %s: %s.%s
"

WE ARE IN — the board is delighted. Go and win it.","

ESTAMOS DENTRO: la directiva está encantada. Ve y gánala."
%s: %s line-up set,%s: definido el cartel de %s
Through to the %s on %s: %s.,Clasificados para %s el %s: %s.
Off-season:,Descanso:
Off-season: Season %d starts %s,Descanso: la temporada %d empieza el %s
The season is complete. The squad gets a break — pressing Continue past %s ,La temporada está completa. La plantilla se toma un respiro: pulsar Continuar más allá del %s 
"fast-forwards to preseason on %s, with fresh fixtures for both championships ","avanza directo a la pretemporada del %s, con calendarios nuevos para ambos campeonatos "
"and a new %s draw. Squads, finances and development all carry over.","y un nuevo sorteo de la %s. Plantillas, finanzas y desarrollo se conservan."
Board: ultimatum met — well done,Directiva: ultimátum cumplido; bien hecho
You finished %d%s — inside the top %d the board demanded after last season's ,"Terminaste %d%s, dentro del top %d que la directiva exigió tras el final en "
Danger Zone finish. Confidence is restored and extra transfer funds released.,Zona de peligro de la pasada temporada. La confianza queda restaurada y se liberan fondos extra de fichajes.
the board demanded a top-%d finish and you delivered %d%s — the ,la directiva exigió acabar entre los %d primeros y entregaste un %d%s: el 
second failure in a row,segundo fracaso consecutivo
a catastrophic season — dead last in the %s with just %d points,una temporada catastrófica: colista de la %s con solo %d puntos
Board ultimatum: finish %d%s or better next season,Ultimátum de la directiva: termina %d%s o mejor la próxima temporada
Finishing %d%s puts us in the Danger Zone and the board is not hiding its anger: ,Terminar %d%s nos mete en la Zona de peligro y la directiva no esconde su enfado: 
"sponsors have pulled back, the transfer budget has been cut by a quarter and the ","los patrocinadores se han retirado, el presupuesto de fichajes se ha recortado una cuarta parte y la "
club's reputation has taken a hit. The demand is plain — finish %d%s or better ,reputación del club ha sufrido un golpe. La exigencia es clara: termina %d%s o mejor 
next season. Fall short and there will be further consequences.,la próxima temporada. Quédate corto y habrá más consecuencias.
%s is demanding to leave,%s exige salir
Your star %s (Lv %d) has no interest in another Danger Zone fight and has ,"Tu estrella, %s (Nv. %d), no tiene interés en otra pelea por la Zona de peligro y ha "
asked to move to a stronger club. Morale has collapsed — win the dressing room ,pedido irse a un club más fuerte. Su moral se ha hundido: recupera el vestuario 
%s Winners,Ganador de la %s
"%s

The board of %s has relieved you of your duties, effective ","%s

La directiva del %s te ha relevado de tus funciones con efecto "
immediately: %s. The dressing room has been informed and a caretaker ,inmediato: %s. El vestuario ha sido informado y un técnico interino 
"will see out the off-season.

Your career to date: %d season%s, ","cerrará el descanso de temporada.

Tu carrera hasta hoy: %d temporada%s, "
"%d–%d in matches, %d honour%s. Clubs lower down the pyramid are ","%d–%d en partidos, %d título%s. Clubes de menor nivel ya están "
already calling — your next move is on the career screen.,llamando: tu próximo paso está en la pantalla de carrera.
out in the %s,eliminado en %s
did not lose a tie,no perdió ninguna eliminatoria
%s: %s (def. %s in the Final),%s: %s (venció a %s en la Final)
%s winners: %s,Ganador de la %s: %s
Pokémon of the Season: %s — avg rating %.2f over %d battles,Pokémon de la Temporada: %s — nota media %.2f en %d combates
%s MVP: %s — %.2f avg rating in the cup,MVP de la %s: %s — nota media %.2f en la copa
Golden Guard (wall of the season): %s — soaked %d damage across %d battles,Guardián Dorado (muro de la temporada): %s — encajó %d de daño en %d combates
Best Developer (young Pokémon of the season): %s — %.2f avg rating at %d months old,Mejor Formación (Pokémon joven de la temporada): %s — nota media %.2f con %d meses
Best Newcomer%s: %s — %.2f avg rating in a debut season,Mejor Debutante%s: %s — nota media %.2f en su primera temporada
 (academy graduate), (graduado de la academia)
"The league has held its end-of-season ceremony.

","La liga ha celebrado su ceremonia de fin de temporada.

"
"

All honours are recorded permanently in Competition > History.","

Todos los honores quedan registrados para siempre en Competición > Historia."
did not qualify for the %s,no se clasificó para la %s
won the %s — %s!,¡ganó la %s — %s!
reached the %s Final,alcanzó la Final de la %s
went out of the %s in the %s,cayó de la %s en %s
"Season %d review, %s:

- League: finished %d%s in the %s with %d points
","Repaso de la temporada %d, %s:

- Liga: terminó %d%s en la %s con %d puntos
"
"- %s: %s
- %s: we %s","- %s: %s
- %s: %s"
"
- Star performer: %s (%.2f avg rating, %d battles)","
- Figura destacada: %s (nota media %.2f, %d combates)"
"

Preseason starts %s. The full honours list lives in Competition > History.","

La pretemporada empieza el %s. La lista completa de honores vive en Competición > Historia."
Cup gate share — vs %s (att %s),Parte de taquilla de copa — vs %s (asist. %s)
Matchday operations — vs %s,Operaciones de jornada — vs %s
Cup gate share — at %s (att %s),Parte de taquilla de copa — en %s (asist. %s)
Team travel — at %s,Desplazamiento — en %s
Prize money — %s won,Premio — %s ganada
Gate receipts — vs %s (att %s),Taquilla — vs %s (asist. %s)
"Payroll — squad wages, %s (%d battlers)","Nóminas — salarios de la plantilla, %s (%d combatientes)"
Facilities & staff upkeep — %s,Mantenimiento de instalaciones y personal — %s
Sponsorship — %s,Patrocinio — %s
League broadcast & merit payment — %s (%s),Pago de televisión y méritos de la liga — %s (%s)
Monthly finance report: %s (%s%s),Informe financiero mensual: %s (%s%s)
The finance office has closed the books on %s. Operating result: %s.,La oficina financiera ha cerrado los libros de %s. Resultado operativo: %s.
%s Finance Office,Oficina financiera del %s
needs Lv %d (now %d+%d from training),necesita Nv. %d (ahora %d+%d por entrenamiento)
needs %d development points from training (has %d),necesita %d puntos de desarrollo por entrenamiento (tiene %d)
needs Lv %d,necesita Nv. %d
needs %d morale (bond),necesita %d de moral (vínculo)
unknown method,método desconocido
no evolution pending for this Pokémon,este Pokémon no tiene evolución pendiente
Pokémon is no longer in the squad,el Pokémon ya no está en la plantilla
Coaching staff,Cuerpo técnico
no career running,no hay carrera en curso
Pokémon is not in the squad,el Pokémon no está en la plantilla
"The %s glowed, was consumed, and %s stands transformed. New typing, new power — and a fresh set of techniques it can now be drilled in.","La %s brilló, se consumió y %s quedó transformado. Nuevo tipo, nueva fuerza... y un repertorio fresco de técnicas que ahora puede entrenar."
Its training has pushed it past the threshold (effective Lv %d).,Su entrenamiento lo ha empujado más allá del umbral (Nv. efectivo %d).
Its development and bond with the staff have blossomed.,Su desarrollo y su vínculo con el cuerpo técnico han florecido.
%s is ready to evolve into %s,%s está listo para evolucionar a %s
%s The coaches await your decision — approve the evolution or postpone it. Postponing costs a little morale (-%d); the offer returns in %d days.,%s Los entrenadores esperan tu decisión: aprueba la evolución o pospónla. Posponer cuesta algo de moral (-%d); la oferta vuelve en %d días.
%s could evolve with a %s,%s podría evolucionar con una %s
Our staff report that %s would evolve into %s if exposed to a %s. Stones are stocked in the club shop; use one from the storeroom whenever you choose.,El cuerpo técnico informa de que %s evolucionaría a %s si se expone a una %s. Las piedras se venden en la tienda del club; usa una del almacén cuando quieras.
with a %s,con una %s
"[color=#%s][b]COACHES' RECOMMENDATION[/b][/color]
","[color=#%s][b]RECOMENDACIÓN DE LOS ENTRENADORES[/b][/color]
"
"
[color=#%s][b]YOUR DECISION[/b][/color]
","
[color=#%s][b]TU DECISIÓN[/b][/color]
"
[color=#%s]Approve to transform %s immediately (+%d morale; its old ,[color=#%s]Aprueba para transformar a %s de inmediato (+%d de moral; su antiguo 
learnset stays trainable). Postpone and it loses %d morale — the offer ,repertorio sigue siendo entrenable). Pospón y pierde %d de moral; la oferta 
"returns in %d days if the requirements still hold.[/color]
","vuelve en %d días si los requisitos se mantienen.[/color]
"
Approve Evolution,Aprobar la evolución
Postpone (-%d morale),Posponer (-%d de moral)
"
[color=#%s][b]DECISION TAKEN — %s[/b]","
[color=#%s][b]DECISIÓN TOMADA — %s[/b]"
"[color=#%s]The coaches will raise it again if %s still qualifies.[/color]
","[color=#%s]Los entrenadores lo plantearán de nuevo si %s sigue cumpliendo.[/color]
"
"[color=#%s][b]STAFF REPORT — EVOLUTION ROUTE[/b][/color]
","[color=#%s][b]INFORME DEL CUERPO TÉCNICO — RUTA DE EVOLUCIÓN[/b][/color]
"
"[color=#%s]%s is no longer in the squad.[/color]
","[color=#%s]%s ya no está en la plantilla.[/color]
"
"
[color=#%s][b]THE STONE[/b][/color]
","
[color=#%s][b]LA PIEDRA[/b][/color]
"
"[color=#%s]%d× %s in the storeroom — you can apply it right now. Using a stone needs no further approval.[/color]
","[color=#%s]%d× %s en el almacén; puedes aplicarla ahora mismo. Usar una piedra no necesita más aprobación.[/color]
"
"[color=#%s]None in stock. The League Store lists the %s at %s.[/color]
","[color=#%s]Sin existencias. La Tienda de la Liga ofrece la %s por %s.[/color]
"
"[color=#%s]%s has since evolved — this route is closed.[/color]
","[color=#%s]%s ya ha evolucionado; esta ruta está cerrada.[/color]
"
Use %s now,Usar %s ahora
Buy in League Store,Comprar en la Tienda de la Liga
"[color=#%s][b]EVOLUTION COMPLETE[/b][/color]
","[color=#%s][b]EVOLUCIÓN COMPLETADA[/b][/color]
"
"
[color=#%s]Its pre-evolution learnset was merged — the old ","
[color=#%s]Su repertorio de preevolución se ha fusionado: las viejas "
"techniques stay available on the training ground.[/color]
","técnicas siguen disponibles en el campo de entrenamiento.[/color]
"
Go to Training,Ir a Entrenamiento
"[color=#%s]%s is no longer in the squad — the offer lapsed.[/color]
","[color=#%s]%s ya no está en la plantilla; la oferta caducó.[/color]
"
"[color=#%s][b]WHERE IT STANDS[/b][/color]
","[color=#%s][b]SITUACIÓN ACTUAL[/b][/color]
"
"[color=#%s]Lv %d — effective Lv [b]%d[/b] with +%d from %d training development points · morale %d · condition %d%%[/color]
","[color=#%s]Nv. %d — Nv. efectivo [b]%d[/b] con +%d por %d puntos de desarrollo · moral %d · estado %d %%[/color]
"
"[color=#%s]Route: level threshold reached through matches and training.[/color]
","[color=#%s]Ruta: umbral de nivel alcanzado con partidos y entrenamiento.[/color]
"
"[color=#%s]Route: development milestone — the staff's long-term work paying off.[/color]
","[color=#%s]Ruta: hito de desarrollo; el trabajo a largo plazo del cuerpo técnico da fruto.[/color]
"
[color=#%s]%s %d -> %d (%+d)[/color],[color=#%s]%s %d -> %d (%+d)[/color]
"[color=#%s]Ability: %s -> %s[/color]
","[color=#%s]Habilidad: %s -> %s[/color]
"
"[color=#%s]Unlocks in training: %s[/color]
","[color=#%s]Desbloquea en entrenamiento: %s[/color]
"
 +%d more, y %d más
 is ready, está listo
 could evolve, podría evolucionar
the coaching staff,el cuerpo técnico
%s has been watching the youth candidates ahead of intake day on %s. ,"%s ha estado observando a los candidatos juveniles de cara al día de ingreso, el %s. "
Whispers from the programme suggest a special group is coming through — the staff can barely contain themselves.,Los susurros del programa apuntan a que viene un grupo especial; el cuerpo técnico apenas se contiene.
Expectations are low this month; the region's best juveniles appear to have gone elsewhere.,Las expectativas este mes son bajas; los mejores juveniles de la región parecen haberse ido a otra parte.
"A typical group is expected — a couple of names worth watching, nothing the staff are shouting about yet.","Se espera un grupo del montón: un par de nombres a vigilar, nada que el cuerpo técnico esté gritando todavía."
 One problem: the academy is FULL (%d/%d beds) — the whole class will be turned away unless beds open up first., Un problema: la academia está COMPLETA (%d/%d plazas); toda la clase será rechazada si antes no se liberan plazas.
 Space is tight (%d/%d beds taken) — only %d can be housed., El espacio escasea (%d/%d plazas ocupadas); solo %d podrán alojarse.
Youth intake preview,Previa del ingreso juvenil
Youth intake suspended — the academy is full,Ingreso juvenil suspendido: la academia está completa
%s had a class of %d lined up but the %s can house only %d juveniles ,"%s tenía preparada una clase de %d, pero las %s solo pueden alojar a %d juveniles "
and every bed is taken (%d on the roster). Promote or release someone ,y todas las plazas están ocupadas (%d en la plantilla). Asciende o suelta a alguien 
— or expand the facilities — before the %dth of next month.,—o amplía las instalaciones— antes del día %d del mes que viene.
Youth intake day: %d new recruits,Día de ingreso juvenil: %d reclutas nuevos
Academy roster is %s (%d/%d),La plantilla de la academia está %s (%d/%d)
nearly full,casi completa
%s flags a housekeeping problem: the %s has %d of %d beds taken. %s ,%s avisa de un problema de gestión: las %s tienen %d de %d plazas ocupadas. %s 
Development time gets diluted in an overcrowded academy — promote the ,El tiempo de desarrollo se diluye en una academia saturada: asciende a los 
"ready ones, release the depth, or ask the board for bigger facilities.","que estén listos, suelta el fondo de armario o pide a la directiva instalaciones mayores."
Next month's intake will be turned away entirely.,El ingreso del mes que viene será rechazado por completo.
Anything beyond a token intake will be turned away.,Todo lo que pase de un ingreso simbólico será rechazado.
Youth review: %s recommends %s,Revisión juvenil: %s recomienda %s
releasing %d of %d juveniles,soltar a %d de %d juveniles
keeping the whole group,conservar todo el grupo
ceiling is depth-chart at best — a bed wasted,su techo es fondo de armario como mucho: una plaza desperdiciada
overage for the programme and the ceiling never came,mayor de la cuenta para el programa y el techo nunca llegó
development has stalled well behind the age curve,su desarrollo se ha estancado muy por detrás de la curva de edad
genuine first-team ceiling — protect this one,techo real de primer equipo: protege a este
ready for a first-team look — promote rather than release,listo para probar con el primer equipo: mejor ascender que soltar
worth another season of development,merece otra temporada de desarrollo
%s has completed the end-of-season review of the academy (%d/%d beds).,%s ha completado la revisión de fin de temporada de la academia (%d/%d plazas).
"%s  %s (Lv %d, %s) — %s","%s  %s (Nv. %d, %s) — %s"
Settle the list on the Academy screen — releases free beds before the season's first intake day.,Resuelve la lista en la pantalla Academia: las bajas liberan plazas antes del primer día de ingreso de la temporada.
"No cuts advised, but the decision is yours — review them on the Academy screen.","No se aconsejan recortes, pero la decisión es tuya: revísalos en la pantalla Academia."
No youth review is awaiting decisions.,No hay ninguna revisión juvenil esperando decisiones.
Youth review settled: %s,Revisión juvenil resuelta: %s
"%d released, %d kept","%d bajas, %d se quedan"
everyone stays,se quedan todos
The academy heads into the new season with %d of %d beds filled.%s,La academia encara la nueva temporada con %d de %d plazas ocupadas.%s
 Released: %s. The staff wish them well., Bajas: %s. El cuerpo técnico les desea lo mejor.
"%s presents this month's academy intake (%s, level %d).","%s presenta el ingreso de este mes en la academia (%s, nivel %d)."
The staff are buzzing — early signs suggest this could be a GOLDEN GENERATION.,El cuerpo técnico está alborotado: las primeras señales apuntan a una GENERACIÓN DORADA.
A thin month; the region's best young battlers went elsewhere.,Un mes flojo; los mejores jóvenes de la región se fueron a otra parte.
"%s  (%s)  — Lv %d, %s","%s  (%s)  — Nv. %d, %s"
"    Current %s   Potential %s – %s   ""%s""",    Actual %s   Potencial %s – %s   «%s»
They begin work at the academy immediately. Review them on the Academy screen.,Empiezan a trabajar en la academia de inmediato. Revísalos en la pantalla Academia.
Not in the academy.,No está en la academia.
First-team squad is full (%d/%d). Release or sell first.,La plantilla del primer equipo está completa (%d/%d). Suelta o vende antes.
%s promoted to the first team,%s asciende al primer equipo
%s steps up from the academy on a contract to %s. Coaches rate the ceiling %s – %s. Young battlers develop fastest alongside senior squad-mates — consider a mentor.,%s sube desde la academia con contrato hasta %s. Los entrenadores sitúan su techo en %s – %s. Los jóvenes se desarrollan más rápido junto a veteranos: plantéate un mentor.
%s released from the academy,%s deja la academia
%s leaves the club's youth setup. The staff wish them well.,%s abandona la cantera del club. El cuerpo técnico le desea lo mejor.
The academy is already state of the art.,La academia ya es de última generación.
A request is already with the board.,Ya hay una petición en manos de la directiva.
You have asked the board to fund Level %d academy facilities (%s). They will respond within days.,Has pedido a la directiva financiar unas instalaciones de nivel %d para la academia (%s). Responderán en unos días.
The board has released %s for Level %d facilities. Construction completes on %s.,La directiva ha liberado %s para unas instalaciones de nivel %d. Las obras terminan el %s.
The club cannot commit %s while keeping a %s operating reserve. Improve the balance and ask again.,El club no puede comprometer %s manteniendo una reserva operativa de %s. Mejora el saldo y vuelve a pedirlo.
"The %s (Level %d) are ready. Expect larger, higher-quality intakes from the %dth of each month.",Las %s (nivel %d) están listas. Espera ingresos más numerosos y de más calidad a partir del día %d de cada mes.
Open Profile,Abrir perfil
Offer New Contract...,Ofrecer nuevo contrato...
Offer New Contract (talks off until %s),Ofrecer nuevo contrato (sin diálogo hasta el %s)
Remove From Transfer List,Quitar de la lista de traspasos
Add To Transfer List...,Poner en la lista de traspasos...
Respond To %d Bid%s...,Responder a %d oferta%s...
Terminate Contract (Release)...,Rescindir contrato (carta de libertad)...
Praise Recent Form,Elogiar su forma reciente
Criticise Recent Form,Criticar su forma reciente
Criticise Recent Form (next chat %s),Criticar su forma reciente (próxima charla: %s)
A promise is already outstanding — deadline %s.,Ya hay una promesa pendiente; plazo: %s.
Set Training Focus,Fijar enfoque de entrenamiento
Set Nickname...,Poner mote...
Compare With Teammate...,Comparar con un compañero...
Balanced (no focus),Equilibrado (sin enfoque)
Promise A Run Of Battles...,Prometer una racha de combates...
Promise A New Deal...,Prometer una renovación...
Promise To Take Off The List...,Prometer sacarlo de la lista...
Interaction,Interacción
Promises,Promesas
Make a promise — %s,Hacer una promesa — %s
"Give %s your word: %s.

Morale lifts immediately (+6) and the promise is tracked on this screen with a hard deadline of %s. Keep it and trust deepens across the squad; break it and %s takes a heavy morale hit, contract demands rise for weeks, and the whole squad sees your word devalued.","Dale a %s tu palabra: %s.

La moral sube de inmediato (+6) y la promesa se registra en esta pantalla con un plazo firme: %s. Cúmplela y la confianza se refuerza en toda la plantilla; rómpela y %s sufre un golpe fuerte de moral, sus exigencias de contrato suben durante semanas y toda la plantilla ve tu palabra devaluada."
Give Your Word,Dar tu palabra
Promise made,Promesa hecha
Contract talks,Negociación de contrato
Contract talks — %s,Negociación de contrato — %s
Leave Talks,Abandonar la negociación
Current deal,Contrato actual
%s/wk to %s,%s/sem hasta %s
Estimated value,Valor estimado
Their demand,Su pretensión
%s/wk on a %d-year deal,%s/sem con un contrato de %d años
Wage bill if agreed,Masa salarial si se acuerda
Signing bonus (one-off),Prima de fichaje (pago único)
Round %d of %d,Ronda %d de %d
%s's agent is listening. Meet the demand or get close with a bonus.,El agente de %s escucha. Cubre la pretensión o acércate con una prima.
%s/wk of %s/wk budget,%s/sem de un presupuesto de %s/sem
Transfer list — %s,Lista de traspasos — %s
List For Sale,Poner a la venta
Current wage,Salario actual
Asking price,Precio de venta
Bids likely within days,Ofertas probables en cuestión de días
Some interest expected,Se espera cierto interés
Priced to scare buyers off,Un precio para espantar compradores
"Listing hurts morale (-8). Rival clubs will bid against this price;
bids arrive in the inbox and are answered from this screen.","Ponerlo en la lista daña la moral (-8). Los clubes rivales pujarán contra este precio;
las ofertas llegan a la bandeja y se responden desde esta pantalla."
Transfer bids,Ofertas de traspaso
No live bids.,Sin ofertas vivas.
  (asking %s),  (precio %s)
%s bid %s for %s%s — expires %s,%s ofrece %s por %s%s — expira el %s
Terminate contract,Rescindir contrato
"Release %s?

Remaining contract: %s/wk to %s.
Compensation payout: %s (from balance %s).
They join the free-agent pool and squad morale dips.","¿Dar la carta de libertad a %s?

Contrato restante: %s/sem hasta %s.
Indemnización: %s (de un saldo de %s).
Pasa a la bolsa de agentes libres y la moral de la plantilla baja."
Leave empty to use the species name,Déjalo vacío para usar el nombre de la especie
took charge,tomaste las riendas
"At the club when you took charge — Lv %d, contracted at %s/wk to %s.","Ya estaba en el club cuando tomaste las riendas — Nv. %d, contrato de %s/sem hasta %s."
"Joined the squad — Lv %d, contracted at %s/wk to %s.","Se unió a la plantilla — Nv. %d, contrato de %s/sem hasta %s."
Left the club.,Dejó el club.
Reached level %d (was %d).,Alcanzó el nivel %d (antes %d).
", eff %d > %d",", ef. %d > %d"
Training gains: ,Ganancias de entrenamiento: 
Contract updated: %s/wk to %s (was %s/wk to %s).,Contrato actualizado: %s/sem hasta %s (antes %s/sem hasta %s).
"Signed a new %d-year contract at %s/wk (was %s/wk)%s, running to %s.","Firmó un nuevo contrato de %d años por %s/sem (antes %s/sem)%s, vigente hasta %s."
 plus a %s signing bonus, más una prima de fichaje de %s
Placed on the transfer list at %s (valued %s).,Puesto en la lista de traspasos por %s (valorado en %s).
Sold to %s for %s.,Vendido al %s por %s.
Contract terminated%s; entered free agency.,Contrato rescindido%s; pasó a la agencia libre.
 (%s compensation paid), (indemnización pagada: %s)
Customize View — %s,Personalizar vista — %s
Save & Apply,Guardar y aplicar
Preset view — edits are saved as your override; Reset restores the factory layout.,Vista predefinida: tus cambios se guardan como anulación; Restablecer recupera el diseño de fábrica.
"Custom view — yours to shape, rename or delete.","Vista personalizada: tuya para moldear, renombrar o borrar."
Preset names are fixed — type a new name and use Save As New View.,Los nombres de las predefinidas son fijos: escribe otro nombre y usa Guardar como vista nueva.
Rename this view (applied on Save) or type a new name for Save As.,Renombra esta vista (se aplica al guardar) o escribe otro nombre para Guardar como.
AVAILABLE COLUMNS,COLUMNAS DISPONIBLES
Search columns...,Buscar columnas...
Add  >,Añadir  >
Add the selected column to this view (or double-click it),Añade la columna seleccionada a esta vista (o haz doble clic)
<  Remove,<  Quitar
Remove the selected column (Name always stays),Quita la columna seleccionada (Nombre siempre se queda)
Move Up,Subir
Move Down,Bajar
"THIS VIEW, LEFT TO RIGHT","ESTA VISTA, DE IZQUIERDA A DERECHA"
Reset To Default,Restablecer de fábrica
Restore this preset's factory columns (drops your override).,Recupera las columnas de fábrica de esta predefinida (descarta tu anulación).
Delete View,Borrar vista
Save As New View,Guardar como vista nueva
Save this layout as a brand-new view under the name typed above.,Guarda este diseño como una vista nueva con el nombre escrito arriba.
Name is part of every view.,Nombre forma parte de todas las vistas.
%d of %d columns (min %d),%d de %d columnas (mín. %d)
"Type a new name above, then Save As New View.",Escribe un nombre nuevo arriba y pulsa Guardar como vista nueva.
A view needs at least %d columns.,Una vista necesita al menos %d columnas.
A view can hold at most %d columns.,Una vista admite como mucho %d columnas.
View names must be 2-%d characters.,Los nombres de vista deben tener de 2 a %d caracteres.
A view called '%s' already exists.,Ya existe una vista llamada «%s».
No view called '%s'.,No hay ninguna vista llamada «%s».
Custom view limit reached (%d). Delete one first.,Límite de vistas personalizadas alcanzado (%d). Borra una antes.
Only custom views can be renamed.,Solo las vistas personalizadas pueden renombrarse.
Presets can't be deleted — use Reset to restore their layout.,Las predefinidas no se pueden borrar; usa Restablecer para recuperar su diseño.
<  Squad,<  Plantilla
Squad  /  %s  /  Profile,Plantilla  /  %s  /  Perfil
%d of %d in squad,%d de %d en la plantilla
< Prev,< Anterior
Next >,Siguiente >
Career records begin today,El historial de carrera empieza hoy
"Battle ability (passive, always active in battle):
%s","Habilidad de combate (pasiva, siempre activa en combate):
%s"
BENCH  %s,BANQUILLO  %s
TRANSFER LISTED · %s,TRANSFERIBLE · %s
  ·  %sLevel %d  ·  Age %s  ·  %s  ·  #%03d,  ·  %sNivel %d  ·  Edad %s  ·  %s  ·  n.º %03d
%s  ·  Contract to %s  ·  %s/wk,%s  ·  Contrato hasta %s  ·  %s/sem
Coach report by %s (judging ability %d/20): top %d%% of the league's %d battlers.,Informe del entrenador %s (valorar nivel %d/20): top %d %% de los %d combatientes de la liga.
"%s stars, %s conf.","%s estrellas, conf. %s"
Judged by %s (judging potential %d/20). Ceiling from trainable IVs and the full learnset — see the Coach Report panel.,Valorado por %s (valorar potencial %d/20). Techo según IV entrenables y el repertorio completo; ver el panel Informe del entrenador.
AV RATING,NOTA MEDIA
DEV %dD,DES. %dD
+%d IV,+%d IV
IV points gained from training in the last %d days — see the History tab,Puntos de IV ganados entrenando en los últimos %d días; ver la pestaña Historial
Morale %s (%d) — day-to-day mood. Recent events:,Moral %s (%d): el ánimo del día a día. Eventos recientes:
  none recorded yet,  aún sin registros
"Drifting %s toward underlying happiness (%s, %d/100).","Tiende %s hacia su felicidad de fondo (%s, %d/100)."
Offer New Contract,Ofrecer nuevo contrato
Talks Off Until %s,Sin diálogo hasta el %s
Add To Transfer List,Poner en la lista de traspasos
Praise Form,Elogiar su forma
Morale boost if recent form deserves it — hollow praise backfires,Sube la moral si la forma reciente lo merece; el elogio hueco sale caro
Next chat available %s,Próxima charla disponible: %s
Criticise Form,Criticar su forma
A justified dressing-down keeps standards; an unfair one enrages,Una bronca justificada mantiene el listón; una injusta enfurece
Terminate Contract,Rescindir contrato
"Release into free agency, paying off half the remaining deal",Dale la carta de libertad pagando la mitad del contrato restante
CURRENT (LV %d),ACTUAL (NV. %d)
Species base %s: %d (scaled to 1-20),%s base de la especie: %d (escalado a 1-20)
%s IV up %d in the last %d days (training) — full record on the History tab,IV de %s +%d en los últimos %d días (entrenamiento); registro completo en la pestaña Historial
Rank in squad for %s,Puesto en la plantilla en %s
Base total %d  ·  Current total %d  ·  %s nature applied,Total base %d  ·  Total actual %d  ·  naturaleza %s aplicada
Compare with...,Comparar con...
vs %s,vs %s
LEARNABLE THROUGH TRAINING  (%d in learnset),APRENDIBLES ENTRENANDO  (%d en el repertorio)
Full learnset already mastered.,Repertorio completo ya dominado.
Defensive Matchups,Emparejamientos defensivos
WEAK TO,DÉBIL A
IMMUNE TO,INMUNE A
x%s damage taken from %s moves,x%s de daño recibido de movimientos de %s
%s: immune to %s — folded into the chart above.,%s: inmune a %s; ya reflejado en la tabla de arriba.
Recent Form,Forma reciente
No appearances yet this season.,Aún sin participaciones esta temporada.
Personality & Happiness,Personalidad y felicidad
"The coaches' read of the hidden character attributes. They scale contract demands, praise/criticism reactions, result swings and promise fallout.","La lectura del cuerpo técnico de los atributos ocultos de carácter. Escalan las exigencias de contrato, las reacciones a elogios y críticas, los vaivenes por resultados y las consecuencias de las promesas."
SQUAD STATUS,ESTATUS EN LA PLANTILLA
Rated %d of %d in the squad.,Valorado %d de %d en la plantilla.
Offer Deal,Ofrecer contrato
Promise a run of battles — tracked with a deadline and real consequences,"Promete una racha de combates, registrada con plazo y consecuencias reales"
Make A Promise...,Hacer una promesa...
A promise is already outstanding — one at a time.,Ya hay una promesa pendiente; de una en una.
"None made. A tracked promise (battles, a new deal, unlisting) is the strongest lever on an unhappy battler — and the costliest to break.","Ninguna hecha. Una promesa registrada (combates, renovación, salir de la lista) es la palanca más fuerte con un combatiente descontento... y la más cara de romper."
"OPEN (via coach, Inbox) — %d battles by %s","ABIERTA (vía entrenador, Bandeja) — %d combates antes del %s"
RECENT MORALE EVENTS,EVENTOS DE MORAL RECIENTES
Coach Report,Informe del entrenador
Current ability,Nivel actual
 stars, estrellas
League standing now,Posición en la liga hoy
top %d%% of %d,top %d %% de %d
Standing at peak,Posición en su pico
IV ceiling,Techo de IV
Headroom realisable,Margen alcanzable
%d%% (age/growth),%d %% (edad/crecimiento)
"%s confidence — ability judged by %s (%d/20), potential by %s (%d/20). Stars are relative to every battler in the league today.","Confianza %s — nivel valorado por %s (%d/20), potencial por %s (%d/20). Las estrellas son relativas a todos los combatientes de la liga hoy."
Team wins when used,Victorias del equipo cuando juega
Average rating,Nota media
No competitive battles yet this season.,Aún sin combates oficiales esta temporada.
Condition & Morale,Estado y moral
"Not holding anything. A held item works passively in every battle — Leftovers, a Choice item, a pinch berry...","No lleva nada. Un objeto equipado funciona de forma pasiva en cada combate: unos Restos, un objeto Elegido, una baya de apuro..."
"Buy, equip and swap held items in the club storeroom.","Compra, equipa y cambia objetos en el almacén del club."
Items Screen >,Pantalla de Objetos >
Open the Items screen: shop catalog + squad equipment board,Abre la pantalla de Objetos: catálogo de la tienda y tablero de equipamiento
Growth curve,Curva de crecimiento
Career stage,Etapa de carrera
Genetic potential (IVs),Potencial genético (IV)
Learnset size,Tamaño del repertorio
%d moves,%d movimientos
Evolves %s into %s immediately — using the stone is the approval.,Evoluciona a %s en %s de inmediato; usar la piedra es la aprobación.
Buy one in the League Store (Items screen).,Compra una en la Tienda de la Liga (pantalla de Objetos).
League Store >,Tienda de la Liga >
Effective Lv %d  (Lv %d + %d from %d training development pts),Nv. efectivo %d  (Nv. %d + %d por %d ptos. de desarrollo)
Levels are static in this league — training development is what pushes a Pokémon past evolution thresholds (6 dev pts = 1 effective level).,En esta liga los niveles son estáticos: el desarrollo por entrenamiento es lo que empuja a un Pokémon más allá de los umbrales de evolución (6 ptos. = 1 nivel efectivo).
"Transform %s into %s now: +%d morale, old learnset stays trainable.",Transforma a %s en %s ahora: +%d de moral y su antiguo repertorio sigue entrenable.
"Hold it back: costs %d morale, the offer returns in %d days if still eligible.",Frénalo: cuesta %d de moral y la oferta vuelve en %d días si sigue siendo apto.
Time remaining,Tiempo restante
%d days,%d días
Share of wage bill,Parte de la masa salarial
Renewal demand,Pretensión de renovación
"~%s/wk, %d-year deal","~%s/sem, contrato de %d años"
Transfer status,Situación de traspaso
Live bids,Ofertas vivas
%d (best %s),%d (mejor: %s)
Talks broke down — no renegotiation before %s.,La negociación fracasó; sin renegociación antes del %s.
Transfers & Contracts,Traspasos y contratos
No contract or transfer events recorded yet.,Aún no hay eventos de contrato o traspaso registrados.
Development Log,Registro de desarrollo
"No development recorded yet — attribute gains, learned moves and level changes will appear here.","Aún sin desarrollo registrado: aquí aparecerán ganancias de atributos, movimientos aprendidos y cambios de nivel."
Career Stats — Season By Season,Estadísticas de carrera — temporada a temporada
AV RAT,MEDIA
Current season (live),Temporada actual (en vivo)
%d season%s,%d temporada%s
Aggregated from every competitive fixture; the current season updates live and is frozen at season end.,Agregado de cada partido oficial; la temporada actual se actualiza en vivo y se congela al terminar.
Past seasons are frozen records; the current season (·) updates live from competitive fixtures.,Las temporadas pasadas son registros congelados; la actual (·) se actualiza en vivo con los partidos oficiales.
Attribute Progression,Progresión de atributos
No snapshots recorded yet.,Aún sin instantáneas registradas.
IV %s,IV %s
IV NOW,IV AHORA
EFF THEN,EF. ANTES
EFF NOW,EF. AHORA
Total effective stats,Total de estadísticas efectivas
Market value,Valor de mercado
%d snapshot%s since %s (weekly + on every attribute change). Development window: last %d days.,%d instantánea%s desde el %s (semanal y en cada cambio de atributo). Ventana de desarrollo: últimos %d días.
%d event%s on record,%d evento%s registrados
NORMAL,NORMAL
FIRE,FUEGO
WATER,AGUA
GRASS,PLANTA
ELECTRIC,ELÉCTRICO
FIGHTING,LUCHA
POISON,VENENO
GROUND,TIERRA
FLYING,VOLADOR
PSYCHIC,PSÍQUICO
ROCK,ROCA
GHOST,FANTASMA
DRAGON,DRAGÓN
DARK,SINIESTRO
STEEL,ACERO
FAIRY,HADA
BRN,QUE
SLP,DOR
PSN,ENV
FRZ,CGL
Item,Objeto
Class,Clase
Rarity,Rareza
Effect,Efecto
Price,Precio
Owned,En stock
All items,Todos los objetos
Held (passive in battle),Equipable (pasivo en combate)
Usable (trainer action),Usable (acción del entrenador)
Evolution stones,Piedras evolutivas
Any rarity,Cualquier rareza
Common,Común
Uncommon,Poco común
Rare,Raro
Storeroom,Almacén
Prospects,Promesas
Shortlisted,En la lista de seguimiento
Transfer-listed,Transferibles
Rumour,Rumor
Initial,Inicial
Partial,Parcial
Detailed,Detallado
FULL,COMPLETO
New,Nuevo
Primary Plan,Plan principal
(H),(L)
(A),(V)
Fast opener (SPE %d),Abridor veloz (VEL %d)
Can put the opposing lead to sleep,Puede dormir al inicial rival
Spreads paralysis,Reparte parálisis
Softens up with stat drops,Ablanda al rival bajando estadísticas
Sets defensive screens,Coloca pantallas defensivas
Priority move for safe chip damage,Movimiento de prioridad para desgastar sin riesgo
Big attacking stat (%d),Gran estadística ofensiva (%d)
Outspeeds most of the league,Supera en velocidad a casi toda la liga
Set-up move to snowball,Movimiento de mejora para crecerse
High-power STAB attack,Ataque STAB de gran potencia
Drains HP to stay healthy,Drena PS para mantenerse sano
Genuinely bulky (HP/DEF/SPD),Robustez real (PS/DEF/DEF. ESP.)
Reliable recovery,Recuperación fiable
Wears attackers down with status,Desgasta a los atacantes con estados
Boosts its own defences,Refuerza sus propias defensas
Drain moves extend its stay,Los movimientos de drenado alargan su estancia
Resists %d attack types,Resiste %d tipos de ataque
Coverage across %d attack types,Cobertura de %d tipos de ataque
Few exploitable weaknesses,Pocas debilidades explotables
Disrupts on the switch,Incordia al entrar en el cambio
Elite speed (SPE %d),Velocidad de élite (VEL %d)
Priority move beats anything,Su movimiento de prioridad gana a cualquiera
Hits hard immediately,Golpea fuerte de inmediato
Recovery keeps it on the field,La recuperación lo mantiene en el campo
Sleep buys free turns,Dormir al rival regala turnos
Paralysis support,Apoyo con parálisis
Screens protect the team,Las pantallas protegen al equipo
%d support moves,%d movimientos de apoyo
No attributes that fit this role,Sin atributos que encajen en este rol
Stage,Etapa
Workload,Carga
Strain,Desgaste
Learning,Aprendiendo
Focus,Enfoque
Progress,Progreso
Moves,Movimientos
Evolution,Evolución
FIXTURE,PARTIDO
today,hoy
Prep,Preparar
Rest,Descanso
 (likely starter — carries match strain), (probable titular — acumula el desgaste de los partidos)
%s is unhappy with the training workload,%s no está a gusto con la carga de entrenamiento
"%s has been forced onto %s training while carrying %d%% strain and is reacting badly — morale is down to %d%% and the physio warns the injury risk is climbing. Drop the individual load to Light, or set it to Automatic and let the staff manage it.",%s se ha visto forzado a entrenar con carga %s arrastrando un %d%% de desgaste y lo está acusando: la moral ha caído al %d%% y el fisio avisa de que el riesgo de lesión va en aumento. Baja su carga individual a Ligera o ponla en Automático y deja que el cuerpo técnico la gestione.
%s wants to train more,%s quiere entrenar más
"%s is fresh (%d%% strain) and at a rapid stage of development, but is being held on a %s individual load. The coaches feel valuable growth is being wasted; morale will suffer if this continues.","%s está fresco (%d%% de desgaste) y en una etapa de desarrollo rápido, pero se le mantiene con una carga individual %s. Los entrenadores creen que se está desperdiciando un crecimiento valioso; la moral se resentirá si esto continúa."
"Plan opponent prep for THIS fixture: light Match-Prep-heavy plans on the %d day(s) before %s %s (per-date — the weekday template is untouched). Match Prep raises condition, which the match sim rates battlers by.","Planifica la preparación del rival para ESTE partido: sesiones ligeras volcadas en preparación los %d día(s) previos al %s %s (por fecha; la plantilla semanal no se toca). La preparación de partido sube el estado, con el que el simulador valora a los combatientes."
Basic Facilities,Instalaciones básicas
Adequate Facilities,Instalaciones aceptables
Established Facilities,Instalaciones consolidadas
Professional Facilities,Instalaciones profesionales
Elite Facilities,Instalaciones de élite
Current,Actual
Dev,Des.
20% chance each turn for the holder to move first within its priority bracket.,20 % de probabilidad por turno de que el portador actúe primero dentro de su franja de prioridad.
Attackers striking the holder with physical moves lose 1/6 of their max HP.,Los atacantes que golpean al portador con movimientos físicos pierden 1/6 de sus PS máximos.
"Boosts Attack by 50%, but locks the holder into the first move it uses.","Aumenta el Ataque un 50 %, pero fija al portador en el primer movimiento que use."
"Boosts Sp. Atk by 50%, but locks the holder into the first move it uses.","Aumenta el At. Esp. un 50 %, pero fija al portador en el primer movimiento que use."
"Boosts Speed by 50%, but locks the holder into the first move it uses.","Aumenta la Velocidad un 50 %, pero fija al portador en el primer movimiento que use."
"Boosts move damage by 30%, but the holder loses 10% max HP after each attack.","Aumenta el daño de los movimientos un 30 %, pero el portador pierde un 10 % de sus PS máximos tras cada ataque."
Cures a paralyzed Pokémon.,Cura a un Pokémon paralizado.
Cures a poisoned Pokémon.,Cura a un Pokémon envenenado.
Cures all status conditions and confusion on one Pokémon.,Cura todos los problemas de estado y la confusión de un Pokémon.
Cures the holder of any status condition or confusion the moment it strikes. Single use.,Cura al portador de cualquier problema de estado o confusión en cuanto aparece. Un solo uso.
Cures the holder of paralysis the moment it is inflicted. Single use.,Cura la parálisis del portador en cuanto se produce. Un solo uso.
Cures the holder of poison the moment it is inflicted. Single use.,Cura el envenenamiento del portador en cuanto se produce. Un solo uso.
Doubles the holder's critical-hit chance.,Duplica la probabilidad de golpe crítico del portador.
Doubles your active Pokémon's critical-hit chance for the rest of the battle.,Duplica la probabilidad de golpe crítico de tu Pokémon activo durante el resto del combate.
Fully restores HP and cures all status conditions and confusion.,Restaura todos los PS y cura todos los problemas de estado y la confusión.
Fully restores one of your Pokémon's HP.,Restaura todos los PS de uno de tus Pokémon.
Heals a burned Pokémon.,Cura a un Pokémon quemado.
Heals the holder's burn the moment it is inflicted. Single use.,Cura la quemadura del portador en cuanto se produce. Un solo uso.
"If the holder is at full HP, it survives a knockout blow with 1 HP. Single use.","Si el portador tiene todos sus PS, sobrevive a un golpe debilitador con 1 PS. Un solo uso."
Moves aimed at the holder are 10% less accurate.,Los movimientos dirigidos al portador son un 10 % menos precisos.
Prevents the opponent from lowering your active Pokémon's stats for 5 turns.,Impide que el rival baje las estadísticas de tu Pokémon activo durante 5 turnos.
Raises Defense and Sp. Def by 50% if the holder can still evolve.,Aumenta la Defensa y la Def. Esp. un 50 % si el portador aún puede evolucionar.
"Raises Sp. Def by 50%, but the holder cannot select status moves.","Aumenta la Def. Esp. un 50 %, pero el portador no puede elegir movimientos de estado."
Raises your active Pokémon's Defense by one stage.,Sube un nivel la Defensa de tu Pokémon activo.
Raises your active Pokémon's Sp. Atk by one stage.,Sube un nivel el At. Esp. de tu Pokémon activo.
Raises your active Pokémon's Sp. Def by one stage.,Sube un nivel la Def. Esp. de tu Pokémon activo.
Raises your active Pokémon's Speed by one stage.,Sube un nivel la Velocidad de tu Pokémon activo.
Restores 120 HP to one of your Pokémon.,Restaura 120 PS a uno de tus Pokémon.
Restores 20 HP to one of your Pokémon.,Restaura 20 PS a uno de tus Pokémon.
Restores 25% max HP when the holder drops to half health or below. Single use.,Restaura un 25 % de los PS máximos cuando el portador cae a la mitad de salud o menos. Un solo uso.
Restores 60 HP to one of your Pokémon.,Restaura 60 PS a uno de tus Pokémon.
Revives a fainted Pokémon with full HP.,Revive a un Pokémon debilitado con todos sus PS.
Revives a fainted Pokémon with half its max HP.,Revive a un Pokémon debilitado con la mitad de sus PS máximos.
Sharply focuses your active Pokémon: raises Attack by one stage.,Concentra a fondo a tu Pokémon activo: sube un nivel su Ataque.
Snaps the holder out of confusion the moment it sets in. Single use.,Saca al portador de la confusión en cuanto aparece. Un solo uso.
Thaws a frozen Pokémon.,Descongela a un Pokémon congelado.
Thaws the holder the moment it is frozen. Single use.,Descongela al portador en cuanto se congela. Un solo uso.
The holder restores 1/16 of its max HP at the end of every turn.,El portador restaura 1/16 de sus PS máximos al final de cada turno.
The holder restores HP equal to 1/8 of the damage it deals.,El portador restaura PS equivalentes a 1/8 del daño que inflige.
The holder's damaging moves gain a 10% chance to make the target flinch.,Los movimientos dañinos del portador ganan un 10 % de probabilidad de amedrentar al objetivo.
Wakes a sleeping Pokémon.,Despierta a un Pokémon dormido.
Wakes the holder the moment it falls asleep. Single use.,Despierta al portador en cuanto se duerme. Un solo uso.
Boosts the power of the holder's Bug-type moves by 20%.,Aumenta un 20 % la potencia de los movimientos de tipo Bicho del portador.
Boosts the power of the holder's Dragon-type moves by 20%.,Aumenta un 20 % la potencia de los movimientos de tipo Dragón del portador.
Boosts the power of the holder's Electric-type moves by 20%.,Aumenta un 20 % la potencia de los movimientos de tipo Eléctrico del portador.
Boosts the power of the holder's Fighting-type moves by 20%.,Aumenta un 20 % la potencia de los movimientos de tipo Lucha del portador.
Boosts the power of the holder's Fire-type moves by 20%.,Aumenta un 20 % la potencia de los movimientos de tipo Fuego del portador.
Boosts the power of the holder's Flying-type moves by 20%.,Aumenta un 20 % la potencia de los movimientos de tipo Volador del portador.
Boosts the power of the holder's Ghost-type moves by 20%.,Aumenta un 20 % la potencia de los movimientos de tipo Fantasma del portador.
Boosts the power of the holder's Grass-type moves by 20%.,Aumenta un 20 % la potencia de los movimientos de tipo Planta del portador.
Boosts the power of the holder's Ground-type moves by 20%.,Aumenta un 20 % la potencia de los movimientos de tipo Tierra del portador.
Boosts the power of the holder's Ice-type moves by 20%.,Aumenta un 20 % la potencia de los movimientos de tipo Hielo del portador.
Boosts the power of the holder's Normal-type moves by 20%.,Aumenta un 20 % la potencia de los movimientos de tipo Normal del portador.
Boosts the power of the holder's Poison-type moves by 20%.,Aumenta un 20 % la potencia de los movimientos de tipo Veneno del portador.
Boosts the power of the holder's Psychic-type moves by 20%.,Aumenta un 20 % la potencia de los movimientos de tipo Psíquico del portador.
Boosts the power of the holder's Rock-type moves by 20%.,Aumenta un 20 % la potencia de los movimientos de tipo Roca del portador.
Boosts the power of the holder's Water-type moves by 20%.,Aumenta un 20 % la potencia de los movimientos de tipo Agua del portador.
A run of battles,Una racha de partidos
a run of battles — %d appearances within %d days,una racha de partidos: %d apariciones en %d días
An improved contract,Un contrato mejorado
an improved contract within %d days,un contrato mejorado en %d días
Removal from the transfer list,Salir de la lista de transferibles
removal from the transfer list within %d days,salir de la lista de transferibles en %d días
Strong form this season (av %.2f) pushes the price up.,Su gran estado de forma esta temporada (media %.2f) sube el precio.
Weak form (av %.2f) keeps demands modest.,Su forma discreta (media %.2f) mantiene unas pretensiones modestas.
Low morale: wants convincing to stay.,Moral baja: necesita que lo convenzan para quedarse.
Transfer-listed: negotiating from weakness.,Transferible: negocia desde la debilidad.
Ambitious character: expects wages to match their standing.,Carácter ambicioso: espera un salario a la altura de su estatus.
Loyal to the club: flexible to get a deal done.,Leal al club: flexible para cerrar el acuerdo.
Still smarting from a broken promise: wants proof in writing.,Aún dolido por una promesa rota: quiere garantías por escrito.
Young with high ceiling: wants a long deal.,Joven con mucho techo: quiere un contrato largo.
Veteran: happy with a short extension.,Veterano: se conforma con una renovación corta.
Contract nearly up: knows the leverage is theirs.,Contrato a punto de expirar: sabe que la sartén está de su lado.
No longer in the squad.,Ya no está en la plantilla.
Talks broke down recently. %s will not renegotiate before %s.,Las conversaciones se rompieron hace poco. %s no renegociará antes del %s.
"That wage takes the bill to %s/wk, over our %s/wk budget.","Ese salario eleva la masa salarial a %s/sem, por encima de nuestro presupuesto de %s/sem."
We cannot afford a %s signing bonus (balance %s).,No podemos permitirnos una prima de firma de %s (saldo %s).
%s signs a new %d-year deal at %s/wk%s.,%s firma un nuevo contrato de %d años a %s/sem%s.
 with a %s bonus, con una prima de %s
 This is close to their final position., Esto está cerca de su postura definitiva.
%s rejects the offer but lowers the demand to %s/wk.%s,%s rechaza la oferta pero rebaja su exigencia a %s/sem.%s
Contract talks collapsed,Las negociaciones de contrato se rompieron
Contract talks collapsed instead of a new deal.,Las negociaciones se rompieron en lugar de cerrarse un nuevo contrato.
Contract talks collapse: %s,Ruptura de negociaciones: %s
"%s walked out of contract talks after an offer of %s/wk against a demand of %s/wk. They will not return to the table before %s, and morale has taken a hit.","%s se levantó de la mesa tras una oferta de %s/sem frente a una exigencia de %s/sem. No volverá a negociar antes del %s, y su moral ha acusado el golpe."
%s is insulted and walks out. No talks before %s.,%s se siente insultado y se marcha. No habrá conversaciones antes del %s.
Signed a new %d-year deal at %s/wk,Firmó un nuevo contrato de %d años a %s/sem
Contract renewed: %s,Contrato renovado: %s
%s has signed a new %d-year contract at %s/wk (was %s/wk)%s. The deal runs to %s.,%s ha firmado un nuevo contrato de %d años a %s/sem (antes %s/sem)%s. El acuerdo expira el %s.
", plus a %s signing bonus",", más una prima de firma de %s"
Cannot list anyone — the squad is already at the minimum of %d.,No se puede poner a nadie en venta: la plantilla ya está en el mínimo de %d.
Placed on the transfer list,Puesto en la lista de transferibles
 — loyalty deepens the wound, — su lealtad agranda la herida
Transfer listed: %s,Transferible: %s
%s has been placed on the transfer list at %s. Rival clubs will weigh the price against our %s valuation; morale has dipped. Bids will arrive in the Squad screen.,%s ha sido puesto en la lista de transferibles por %s. Los clubes rivales sopesarán el precio frente a nuestra valoración de %s; la moral ha bajado. Las ofertas llegarán a la pantalla de Plantilla.
Taken off the transfer list,Retirado de la lista de transferibles
Removed from transfer list: %s,Retirado de la lista de transferibles: %s
%s is no longer for sale. Any open bids have been withdrawn.,%s ya no está en venta. Todas las ofertas abiertas han sido retiradas.
That bid is no longer live.,Esa oferta ya no está activa.
They are no longer in our squad.,Ya no está en nuestra plantilla.
Cannot sell — we need at least %d in the squad.,No se puede vender: necesitamos al menos %d en la plantilla.
The bidding club no longer exists.,El club ofertante ya no existe.
Sale completed: %s to %s,Venta completada: %s al %s
%s leaves for %s in a %s deal. The fee has been added to our balance (now %s).,%s se marcha al %s en una operación de %s. El importe se ha añadido a nuestro saldo (ahora %s).
Cannot release anyone — we need at least %d in the squad.,No se puede rescindir a nadie: necesitamos al menos %d en la plantilla.
We cannot afford the %s compensation payout (balance %s).,No podemos afrontar la indemnización de %s (saldo %s).
%s was released — the dressing room noticed,%s fue despedido — el vestuario tomó nota
Contract terminated: %s,Contrato rescindido: %s
%s has been released%s and enters free agency. The rest of the squad's morale dipped slightly.,%s ha sido liberado%s y pasa a ser agente libre. La moral del resto de la plantilla ha bajado ligeramente.
 at a cost of %s in compensation, con un coste de %s en concepto de indemnización
You spoke to %s recently. Wait until %s before another chat.,Ya hablaste con %s hace poco. Espera hasta el %s para otra charla.
%s beams at the recognition of a %.2f-rated season. Morale +%d.,%s se ilumina al ver reconocida una temporada con una media de %.2f. Moral +%d.
Praised for a %.2f-rated run of form,Elogiado por una racha con una media de %.2f
%s appreciates the encouragement%s. Morale +%d.,%s agradece el respaldo%s. Moral +%d.
 (though a %s barely needs it), (aunque un carácter %s apenas lo necesita)
Encouraged by the manager,Animado por el entrenador
%s knows the recent form (%.2f) does not merit praise and doubts your judgement%s. Morale %d.,%s sabe que su forma reciente (%.2f) no merece elogios y duda de tu criterio%s. Moral %d.
 — a %s hates hollow flattery, — un carácter %s detesta la adulación vacía
Saw through hollow praise,Caló los elogios vacíos
%s accepts the criticism of a %.2f-rated run and vows to respond%s. Morale %d.,%s acepta la crítica a una racha con media de %.2f y promete responder%s. Moral %d.
 — the professionalism shows, — se nota la profesionalidad
 — though the %s temper flares, — aunque su temperamento %s se enciende
Fairly criticised for weak form,Criticado con razón por su mala forma
%s feels hard done by — they have not even battled yet%s. Morale %d.,%s se siente agraviado: aún no ha disputado ni un combate%s. Moral %d.
 — and a %s does not forget it, — y un carácter %s no lo olvida
Criticised without having battled,Criticado sin haber combatido
%s is furious: a %.2f average does not deserve a dressing-down%s. Morale %d.,%s está furioso: una media de %.2f no merece una bronca%s. Moral %d.
 — expect the %s reaction to linger, — la reacción de un carácter %s tardará en apagarse
Unfairly criticised despite good form,Criticado injustamente pese a su buena forma
Unknown promise.,Promesa desconocida.
"A promise is already outstanding (%s, deadline %s). One at a time — your word has to mean something.","Ya hay una promesa pendiente (%s, fecha límite %s). De una en una: tu palabra tiene que valer algo."
%s is not on the transfer list.,%s no está en la lista de transferibles.
Talks broke down recently — promising a new deal now would ring hollow (locked until %s).,Las negociaciones se rompieron hace poco; prometer un contrato ahora sonaría hueco (bloqueado hasta el %s).
The manager promised %s,El entrenador prometió %s
Promise made: %s,Promesa hecha: %s
You promised %s %s The squad screen tracks it; keep it by %s or the trust you bought today comes back with interest.,Le prometiste a %s %s La pantalla de Plantilla le hace seguimiento; cúmplela antes del %s o la confianza que has comprado hoy volverá con intereses.
%s leaves the office with your word: %s Deadline %s.,%s sale del despacho con tu palabra: %s Fecha límite: %s.
Promise kept: %s,Promesa cumplida: %s
Your word held: %s %s noticed — and so did the rest of the squad. Promises kept are the cheapest morale tool a manager has.,"Tu palabra se mantuvo: %s %s lo notó, y el resto de la plantilla también. Las promesas cumplidas son la herramienta de moral más barata que tiene un entrenador."
Saw the manager break a promise to %s,Vio al entrenador romper una promesa a %s
Promise broken: %s,Promesa rota: %s
"The deadline passed on your promise to %s (%s). Morale has taken a real hit (%d), the distrust will poison contract talks for weeks, and the rest of the squad saw it happen.","Venció el plazo de tu promesa a %s (%s). La moral ha sufrido un golpe serio (%d), la desconfianza envenenará las negociaciones de contrato durante semanas y el resto de la plantilla lo vio suceder."
Training focus: %s,Enfoque de entrenamiento: %s
%s will now focus individual training on %s.,%s centrará a partir de ahora su entrenamiento individual en %s.
Bid expired: %s,Oferta expirada: %s
%s's %s bid for %s has expired without a response.,La oferta del %s (%s por %s) ha expirado sin respuesta.
Bid received: %s offer %s for %s,Oferta recibida: %s ofrece %s por %s
%s have bid %s for the transfer-listed %s (asking price %s). Accept or reject the bid from the Squad screen before %s.,%s ha ofrecido %s por el transferible %s (precio de venta %s). Acepta o rechaza la oferta desde la pantalla de Plantilla antes del %s.
"Day-to-day life: training load, coach handling and small events","El día a día: carga de entrenamiento, trato del cuerpo técnico y pequeños sucesos"
Praise,Elogio
Criticism,Crítica
Sale,Venta
Set nickname — %s,Poner mote — %s
Done,Hecho
Agreed,Acordado
Accept,Aceptar
Reject,Rechazar
Release,Rescindir
Save,Guardar
Pokémon,Pokémon
Unknown club.,Club desconocido.
YOUR CLUB,TU CLUB
Manager %s  ·  Reputation %d/20  ·  Balance %s%s  ·  Wage budget %s%s/m,Entrenador %s  ·  Reputación %d/20  ·  Saldo %s%s  ·  Presupuesto salarial %s%s/mes
Squad · click a Pokémon for its profile,Plantilla · haz clic en un Pokémon para ver su perfil
%s — view Pokémon profile,%s — ver perfil del Pokémon
Staff,Cuerpo técnico
No staff registered.,Sin cuerpo técnico registrado.
best: %s %d/20,mejor: %s %d/20
%s position,Posición del %s
Battle diff,Dif. de combates
Position trend,Evolución de la posición
After MD %d,Tras la J%d
Best rated,Mejor valorado
Awaiting draw,A la espera del sorteo
Out in %s,Eliminado en %s
In the %s,En %s
This Pokémon is no longer registered with any club.,Este Pokémon ya no está registrado en ningún club.
Unattached,Sin club
·  Age %s  ·  %s%s/m until %s,·  Edad %s  ·  %s%s/mes hasta el %s
AVG RATING,MEDIA
Attributes · base (IV),Atributos · base (IV)
No competitive appearances yet this season.,Aún sin apariciones oficiales esta temporada.
Battle apps,Combates
KOs / app,KOs / comb.
Damage dealt,Daño infligido
Damage taken,Daño recibido
Avg rating,Nota media
Rating trend,Evolución de la nota
VS THE LEAGUE · percentile among all Pokémon with an appearance,VS LA LIGA · percentil entre todos los Pokémon con alguna aparición
Damage / app,Daño / comb.
Survival %,% supervivencia
Match Log · click an opponent or result to follow it,Registro de partidos · haz clic en un rival o resultado para seguirlo
No club — no fixtures.,Sin club — sin partidos.
Comp,Comp.
%s (%s) — view Pokémon profile,%s (%s) — ver perfil del Pokémon
%s: %s — %d. percentile league-wide,%s: %s — percentil %d en toda la liga
Choose which team stat columns are shown — or build your own view with Columns,"Elige qué columnas de estadísticas de equipo se muestran, o crea tu propia vista con Columnas"
Club (click for profile),Club (clic para el perfil)
League the club competes in,Liga en la que compite el club
%d clubs with matches played · all marks from recorded match details,%d clubes con partidos jugados · todas las marcas provienen de actas reales
"%s
Damage dealt / battle: %d
Damage taken / battle: %d
Battle win rate: %d%%","%s
Daño infligido / combate: %d
Daño recibido / combate: %d
%% de combates ganados: %d%%"
"%s (%s, Lv %d) — %s
Avg rating %.2f over %d apps · %d KOs","%s (%s, Nv %d) — %s
Nota media %.2f en %d apariciones · %d KOs"
"%s (%s, Lv %d) — %s
Avg rating %s over %d apps · %d KOs","%s (%s, Nv %d) — %s
Nota media %s en %d apariciones · %d KOs"
"%s
KOs scored %d · conceded %d · difference %+d","%s
KOs a favor %d · en contra %d · diferencia %+d"
"%s
Home battle-win %d%% (%d-%d) · away %d%% (%d-%d)","%s
Combates ganados en casa %d%% (%d-%d) · fuera %d%% (%d-%d)"
%s · MATCHDAY %d,%s · JORNADA %d
%d turns,%d turnos
%s · TOP FOUR AS IT STANDS,%s · LOS CUATRO PRIMEROS A DÍA DE HOY
Your status,Tu situación
The position graph appears after the first full matchday.,El gráfico de posiciones aparece tras la primera jornada completa.
No data yet.,Aún sin datos.
League percentile: %d (higher is better),"Percentil en la liga: %d (cuanto más alto, mejor)"
Prospect,Promesa
View,Ver
Remove,Quitar
Pass,Descartar
Unshortlist,Quitar del seguimiento
Recall,Retirar
Hire,Contratar
Wage,Salario
Knowledge,Conocimiento
Free,Libre
Deal,Operación
Structure,Estructura
Withdrawn,Retirada
Withdraw offer,Retirar oferta
Send,Enviar
Assign,Asignar
Market,Mercado
Whisper,Un rumor
Warm,Interés tibio
Strong,Interés firme
Rotation,Rotación
name and level only,solo nombre y nivel
wide value + attribute bands,horquillas amplias de valor y atributos
Initial assessment,Evaluación inicial
"bands tighten, region intel","las horquillas se estrechan, información de la región"
Part scouted,Parcialmente ojeado
"move set, nature + interim report (star bands)","movimientos, naturaleza e informe provisional (horquilla de estrellas)"
"battle ability confirmed, tight bands, reliable wage read","habilidad de combate confirmada, horquillas precisas, lectura fiable del salario"
Full report,Informe completo
"exact attributes, IVs, final stars","atributos exactos, IVs, estrellas definitivas"
%s have lodged an offer of %s for %s (our valuation: %s). Nothing that demands an immediate answer — it sits in the Transfer Centre until %s if you want to deal.,%s ha presentado una oferta de %s por %s (nuestra valoración: %s). Nada que exija respuesta inmediata: queda en el Centro de traspasos hasta el %s por si quieres negociar.
Very Cautious,Muy cauto
Aggressive,Agresivo
Hyper-Aggressive,Hiperagresivo
%s softens whatever it faces on entry,%s ablanda a cualquiera que tenga delante al entrar
%s sets the weather from turn one,%s impone el clima desde el primer turno
%s snowballs its Speed every turn,%s dispara su Velocidad turno a turno
%s multiplies its attacking power,%s multiplica su poder ofensivo
%s sheds status on the switch out,%s se limpia los estados al retirarse
%s guarantees it survives the first blow,%s tiene garantizado sobrevivir al primer golpe
%s throws off status over time,%s se sacude los estados con el tiempo
%s can't be softened up,a %s no se le puede debilitar las estadísticas
%s punishes physical contact,%s castiga el contacto físico
%s turns status against the attacker,%s devuelve los estados al atacante
%s grants free switch-ins vs %s,%s entra gratis contra %s
%s's Fire attacks hit ×1.5,"los ataques de Fuego de %s pegan ×1,5"
%s's Water attacks fall to ×0.5,"los ataques de Agua de %s caen a ×0,5"
%s's Water attacks hit ×1.5,"los ataques de Agua de %s pegan ×1,5"
%s's Fire attacks fall to ×0.5,"los ataques de Fuego de %s caen a ×0,5"
%s gains ×1.5 Sp. Def (Rock type),"%s gana ×1,5 en Def. Esp. (tipo Roca)"
%s takes 1/16 chip damage each turn,%s sufre 1/16 de desgaste cada turno
%s vs %s: ×%s%s,%s vs %s: ×%s%s
%s attacks take ×%s on %s,los ataques de %s hacen ×%s a %s
"%d hit %s super-effectively:
%s","%d golpean a %s de forma supereficaz:
%s"
"%d weak to %s:
%s","%d débiles a %s:
%s"
"%s — %s %s, %s, acc %s","%s — %s %s, %s, prec. %s"
Collapse %s sections,Contraer las secciones de %s
%s Club Secretary,Secretaría del %s
%s (Coach),%s (entrenador)
%s reports back on the promise you made.,%s te informa sobre la promesa que hiciste.
"Boss — {name} asked me to pass on a rare thing in this business: thanks. The promised run of battles ([b]{apps}[/b] appearances) landed, and so has the message that this club keeps its word.","Jefe: {name} me ha pedido que te transmita algo poco habitual en este negocio: las gracias. La racha de partidos prometida ([b]{apps}[/b] apariciones) se cumplió, y con ella el mensaje de que este club mantiene su palabra."
"They will sing about this one for years. [b]%s[/b] beat %s %d-%d in the Indigo Cup Final and the trophy is theirs. Whatever happens in the league now, this season is already immortal.","Esto se cantará durante años. [b]%s[/b] venció a %s por %d-%d en la final de la Copa Añil y el trofeo es suyo. Pase lo que pase ya en la liga, esta temporada es inmortal."
Nobody outside the %s dressing room saw this coming. A club with a reputation of %d/20 dismantling [b]%s[/b] (%d/20) by %d-%d is the kind of result that changes how a league talks about you. %s's side played without fear — and the giants blinked first.,"Nadie fuera del vestuario del %s vio venir esto. Que un club con reputación %d/20 desarme a [b]%s[/b] (%d/20) por %d-%d es de esos resultados que cambian cómo habla de ti una liga. El equipo de %s jugó sin miedo, y los gigantes parpadearon primero."
"The cup run is alive. [b]%s[/b] saw off %s %d-%d in the %s, and the draw for the %s suddenly matters a great deal in this corner of the league.","La aventura copera sigue viva. [b]%s[/b] despachó a %s por %d-%d en %s, y el sorteo de %s de repente importa mucho en este rincón de la liga."
"[b]%d wins in a row.[/b] Streaks like this are not luck — they are structure, squad depth and a dugout that trusts itself. %s made it %d straight by beating %s %d-%d, and the chasing pack has noticed.","[b]%d victorias seguidas.[/b] Estas rachas no son suerte: son estructura, fondo de plantilla y un banquillo que confía en sí mismo. %s llegó a %d seguidas al vencer a %s por %d-%d, y el pelotón perseguidor ha tomado nota."
"There is no dressing this up. [b]%s[/b] (reputation %d/20) were beaten %d-%d by %s (%d/20) — a side they were built, budgeted and expected to beat. Questions travel fast in this league, and today they are all pointed at %s's office.","No hay forma de maquillarlo. [b]%s[/b] (reputación %d/20) cayó %d-%d ante %s (%d/20), un rival al que estaba construido, presupuestado y obligado a ganar. Las preguntas viajan rápido en esta liga y hoy apuntan todas al despacho de %s."
"Boss — a quiet word before this becomes a loud one. [b]%s[/b] (%s, Lv %d) has featured in [b]%d of our %d[/b] matches this season. The mood around the training pens is turning: less appetite in drills, snapping at the younger battlers. In my experience this only goes one way if it's left alone.","Jefe: una palabra en voz baja antes de que esto suba de tono. [b]%s[/b] (%s, Nv %d) ha participado en [b]%d de nuestros %d[/b] partidos esta temporada. El ambiente en los corrales de entrenamiento está cambiando: menos apetito en los ejercicios, malas contestaciones a los jóvenes. Por experiencia, esto solo va en una dirección si se deja estar."
"Boss — thought you'd want this one in writing. [b]%s[/b] (%s, Lv %d) has been outstanding. Across the last [b]%d[/b] matches: [b]%d KOs[/b] and an average match rating of [b]%.2f[/b]. Technique, timing, temperament — everything we drill is showing up on matchday.","Jefe: pensé que querrías esto por escrito. [b]%s[/b] (%s, Nv %d) está siendo sobresaliente. En los últimos [b]%d[/b] partidos: [b]%d KOs[/b] y una nota media de [b]%.2f[/b]. Técnica, tiempos, temperamento: todo lo que entrenamos aparece el día de partido."
%s was simply a level above everything else on the circuit this month.,%s estuvo sencillamente un nivel por encima de todo lo demás del circuito este mes.
Steady,Estable
Warm-up,Calentamiento
"
Reacting badly: overworked at %d%% strain — morale dropping, injury risk up.","
Lo está acusando: sobrecargado con un %d%% de desgaste — la moral cae y el riesgo de lesión sube."
%s · %s growth · %s,%s · crecimiento %s · %s
Unhappy: fresh (%d%% strain) rapid developer held on %s — wants to train more; growth is being wasted.,"Descontento: está fresco (%d%% de desgaste) y en pleno desarrollo, pero se le retiene con carga %s — quiere entrenar más; se desperdicia crecimiento."
PROJECTED DEVELOPMENT · NEXT 7 DAYS (FIXTURES + %s LOAD),DESARROLLO PROYECTADO · PRÓXIMOS 7 DÍAS (PARTIDOS + CARGA %s)
Replaces:,Sustituye a:
Defending,Defensa
Youth,Cantera
Disband,Disolver
veteran (%s) — stagnating; give it purpose as a mentor (Mentoring tab),veterano (%s) — estancado; dale un propósito como mentor (pestaña Mentoría)
%s is not a veteran yet — only Pokémon whose own growth has flattened can mentor,%s aún no es un veterano — solo pueden ser mentores los Pokémon cuyo crecimiento se ha aplanado
%s is past rapid development — mentoring only accelerates young Pokémon,%s ya pasó el desarrollo rápido — la mentoría solo acelera a Pokémon jóvenes
%s is not a veteran yet,%s aún no es un veterano
%s is already in a mentor group,%s ya está en un grupo de mentoría
%s has outgrown mentoring,%s ya no necesita la mentoría
%s is no longer in rapid development and gains nothing more from shadowing %s. The mentor group has been adjusted.,%s ya no está en desarrollo rápido y no gana nada más siguiendo a %s. El grupo de mentoría se ha ajustado.
%s picked up a training knock,%s se resintió entrenando
%s was pushed too hard in %s training and picked up a knock. Condition dropped to %d%%. The physio recommends lowering training intensity or scheduling recovery sessions.,A %s se le exigió demasiado en el entrenamiento de %s y se resintió. Su estado ha caído al %d%%. El fisio recomienda bajar la intensidad o programar sesiones de recuperación.
Equip %s,Equipar %s
Use %s,Usar %s
Pick a Pokémon below to apply the %s — stones evolve certain species instantly (never used in battle).,Elige abajo un Pokémon al que aplicar la %s — las piedras evolucionan ciertas especies al instante (nunca se usan en combate).
The %s has no effect on %s.,La %s no tiene efecto en %s.
No %s in the storeroom — buy one first.,No hay %s en el almacén — compra una primero.
%s is holding %s.,%s lleva %s.
"%s
Coach's read: %s.","%s
Lectura del entrenador: %s."
resolved %s,resuelta el %s
Best move now,Mejor movimiento ahora
Learnset ceiling,Techo de su repertorio
Season %s,Temporada %s
Knockouts,KOs
Use %s (%d in stock),Usar %s (%d en stock)
%s: none in stock,%s: sin existencias
READY TO EVOLVE INTO %s — AWAITING YOUR APPROVAL,LISTO PARA EVOLUCIONAR A %s — A LA ESPERA DE TU VISTO BUENO
Stone,Piedra
Learned %s,Aprendió %s
Removed from the transfer list.,Retirado de la lista de transferibles.
"%s (%s, held)
%s
Equip or swap items from the Items screen.","%s (%s, equipado)
%s
Equipa o intercambia objetos desde la pantalla de Objetos."
Battle-real %s: %d — the number the match engine fights with.,%s real de combate: %d — el número con el que pelea el motor de partido.
"
Includes the %s nature's %s10%% %s.","
Incluye el efecto de la naturaleza %s: %s10%% de %s."
boost,mejora
drop,penalización
Save file from an earlier era,Una partida guardada de otra época
Unknown item.,Objeto desconocido.
"Not enough transfer budget — %s %d needed, %s %d released by the board.",Presupuesto de fichajes insuficiente — se necesitan %s %d y la directiva ha liberado %s %d.
Not enough of that item in the storeroom.,No hay suficientes unidades de ese objeto en el almacén.
That Pokémon is not in your squad.,Ese Pokémon no está en tu plantilla.
Only held-class items can be equipped.,Solo se pueden equipar objetos de clase equipable.
None in the storeroom — buy one first.,No queda ninguno en el almacén — compra uno primero.
Already holding that item.,Ya lleva ese objeto.
It isn't holding anything.,No lleva nada.
There is no offer on the table.,No hay ninguna oferta sobre la mesa.
That club has not made an offer.,Ese club no ha hecho ninguna oferta.
wrong stat balance (%s),equilibrio de estadísticas incorrecto (%s)
%s has evolved into %s!,¡%s ha evolucionado a %s!
"The whole squad gathered to watch. %s is transformed — new presence, new power, and a fresh set of techniques it can now be drilled in. Morale is up.","Toda la plantilla se reunió para verlo. %s se ha transformado: nueva presencia, nuevo poder y un repertorio fresco de técnicas que ahora puede entrenar. La moral ha subido."
It has hit a major development milestone (%d development points).,Ha alcanzado un hito importante de desarrollo (%d puntos de desarrollo).
no longer available,ya no disponible
%s: the top four of each league are in,%s: los cuatro primeros de cada liga están dentro
"back with results, or listen to offers.","recuperarlo con resultados, o escucha ofertas."
%s Champions,Campeones: %s
CONTRACT TERMINATED.,CONTRATO RESCINDIDO.
Sacked: %s dismiss you as manager,Despedido: el %s te destituye como entrenador
staff updates,novedades del cuerpo técnico
transfer market,mercado de traspasos
club news,noticias del club
"Season %d is in the books. Your secretary has archived the routine correspondence — %d message%s marked read%s so the inbox opens clean for the new campaign:

%s","La temporada %d queda para los libros. Tu secretaría ha archivado la correspondencia rutinaria — %d mensaje%s marcados como leídos%s para que la bandeja arranque limpia la nueva campaña:

%s"
 (%d old read items filed away), (%d mensajes antiguos ya leídos archivados)
- nothing needed filing,- no hizo falta archivar nada
"

Season %d in one line: finished %d%s in the %s (%d pts), %s in the %s; %s were crowned %s.","

La temporada %d en una línea: acabaste %d%s en la %s (%d pts), %s en la %s; %s se coronó como %s."
"

Anything urgent or awaiting a decision was left untouched at the top of your inbox.","

Todo lo urgente o pendiente de decisión quedó intacto en lo alto de tu bandeja."
Season %d digest — your inbox has been tidied,Resumen de la temporada %d — tu bandeja ha sido ordenada
Club secretary,Secretaría del club
%s champions: %s (%d pts),Campeón de la %s: %s (%d pts)
End-of-Season Awards — Season %d,Premios de fin de temporada — Temporada %d
Season %d review: %s,Balance de la temporada %d: %s
Go to Academy,Ir a la Academia
Established Academy,Academia consolidada
Excellent Academy,Academia excelente
State-of-the-Art Academy,Academia puntera
%s  Lv%d  %d/%d HP%s%s,%s  Nv%d  %d/%d PS%s%s
Lv %d  %s,Nv %d  %s
"%s
%s · pw %s · acc %s · %d PP
%s","%s
%s · pot. %s · prec. %s · %d PP
%s"
"%s
%s · pw %s · acc %s · %d PP
pick a target","%s
%s · pot. %s · prec. %s · %d PP
elige un objetivo"
%s%-14s Lv%-3d %-16s cond %d%%  fit %d%%  mor %d%%  %s,%s%-14s Nv%-3d %-16s est. %d%%  forma %d%%  moral %d%%  %s
sandstorm,tormenta de arena
hail,granizo
The Pokémon,El Pokémon
Name:,Nombre:
Identity,Identidad
Condition & Mind,Estado y mentalidad
Contract & Value,Contrato y valor
"Matchday selection: starter slot + role, or bench order.","Convocatoria del partido: puesto titular y rol, u orden del banquillo."
Tactical role from the saved tactic.,Rol táctico del plan guardado.
"Availability doubts: fatigue, fitness, ailments, listing, unhappiness.","Dudas de disponibilidad: fatiga, forma, achaques, estar en venta, descontento."
Name (always shown — a view without names is useless).,Nombre (siempre visible: una vista sin nombres no sirve de nada).
"Species, useful when nicknames hide it.","Especie, útil cuando los motes la esconden."
Level.,Nivel.
Age in years and months.,Edad en años y meses.
Held item (equip from the Items screen).,Objeto equipado (se equipa desde la pantalla de Objetos).
"Battle ability — a passive power the engine applies (immunities, entry effects...).","Habilidad de combate: un poder pasivo que aplica el motor (inmunidades, efectos de entrada...)."
"Nature: +10% to one battle stat, −10% to another. Already applied to the attribute columns.",Naturaleza: +10% a una estadística de combate y −10% a otra. Ya aplicada a las columnas de atributos.
Current ability stars (coach judgement).,Estrellas de nivel actual (juicio del entrenador).
Potential star range with scouting confidence.,Horquilla de estrellas de potencial con la confianza del ojeo.
"Coach verdict: keep, develop, sell.","Veredicto del entrenador: mantener, desarrollar, vender."
Attribute points gained this season.,Puntos de atributo ganados esta temporada.
Effective HP.,PS efectivos.
Effective Attack.,Ataque efectivo.
Effective Defence.,Defensa efectiva.
Effective Sp. Attack.,At. Esp. efectivo.
Effective Sp. Defence.,Def. Esp. efectiva.
Effective Speed.,Velocidad efectiva.
Attribute total.,Total de atributos.
Battles fought this season.,Combates disputados esta temporada.
Battles on the winning side.,Combates en el bando ganador.
Knockouts scored.,KOs logrados.
Damage dealt this season.,Daño infligido esta temporada.
Damage taken this season.,Daño recibido esta temporada.
Times fainted.,Veces debilitado.
Average match rating.,Nota media por partido.
Match condition %.,% de estado para el partido.
Base fitness %.,% de forma física base.
Day-to-day mood (tooltip = the mood ledger).,Ánimo del día a día (la descripción emergente muestra el registro).
Structural happiness with explained factors.,Felicidad estructural con sus factores explicados.
Character archetype from the coach's read.,Arquetipo de carácter según la lectura del entrenador.
"Squad status tier (Star, Important, Prospect...).","Estatus en la plantilla (Estrella, Importante, Promesa...)."
Loudest active happiness concern.,La queja de felicidad más ruidosa ahora mismo.
Outstanding / kept / broken promise.,Promesa pendiente / cumplida / rota.
Weekly wage.,Salario semanal.
Share of the total wage bill.,Parte de la masa salarial total.
Contract expiry date.,Fecha de expiración del contrato.
Days left on the contract.,Días restantes de contrato.
Estimated wage demand in new talks.,Exigencia salarial estimada en nuevas negociaciones.
Estimated transfer value.,Valor de traspaso estimado.
"Live transfer state: active bids, listed, talks off.","Estado de mercado en vivo: ofertas activas, en venta, negociaciones rotas."
rises,sube
falls,baja
rises sharply,sube mucho
falls sharply,baja mucho
League,Liga
Shortlist,Seguir
Sp.Atk,At. Esp.
Sp.Def,Def. Esp.
 [color=#%s]on %s[/color], [color=#%s]el %s[/color]
"
Branches: ","
Ramas: "
%s have made a formal offer for %s. A decision is required.,%s ha presentado una oferta formal por %s. Se requiere una decisión.
%s bid %s.,%s ofrece %s.
You,Tú
us,nos
them,les
phys,físico
spec,especial
%s · %s · %s · %s PP left,%s · %s · %s · %s PP restantes
Absorb,Absorber
Acid,Ácido
Acid Armor,Armadura Ácida
Aeroblast,Aerochorro
Agility,Agilidad
Amnesia,Amnesia
Ancient Power,Poder Pasado
Attract,Atracción
Aurora Beam,Rayo Aurora
Barrier,Barrera
Baton Pass,Relevo
Beat Up,Paliza
Belly Drum,Tambor
Bind,Atadura
Bite,Mordisco
Blizzard,Ventisca
Body Slam,Golpe Cuerpo
Bone Club,Hueso Palo
Bone Rush,Ataque Óseo
Bonemerang,Huesomerang
Bubble,Burbuja
Bubble Beam,Rayo Burbuja
Charm,Encanto
Clamp,Tenaza
Confuse Ray,Rayo Confuso
Confusion,Confusión
Cotton Spore,Esporagodón
Crabhammer,Martillazo
Cross Chop,Tajo Cruzado
Crunch,Triturar
Curse,Maldición
Cut,Corte
Defense Curl,Rizo Defensa
Detect,Detección
Dig,Excavar
Double Kick,Doble Patada
Double Team,Doble Equipo
Double-Edge,Doble Filo
Dragon Breath,Dragoaliento
Dragon Rage,Furia Dragón
Dream Eater,Comesueños
Drill Peck,Pico Taladro
Dynamic Punch,Puño Dinámico
Earthquake,Terremoto
Ember,Ascuas
Encore,Otra Vez
Endure,Aguante
Explosion,Explosión
Extreme Speed,Velocidad Extrema
False Swipe,Falso Tortazo
Feint Attack,Finta
Fire Blast,Llamarada
Fire Punch,Puño Fuego
Fire Spin,Giro Fuego
Flame Burst,Estallido
Flame Wheel,Rueda Fuego
Flamethrower,Lanzallamas
Flash,Destello
Fly,Vuelo
Focus Energy,Foco Energía
Frustration,Frustración
Fury Cutter,Corte Furia
Fury Swipes,Golpes Furia
Future Sight,Premonición
Giga Drain,Gigadrenado
Glare,Deslumbrar
Growl,Gruñido
Growth,Desarrollo
Gust,Tornado
Harden,Fortaleza
Headbutt,Golpe Cabeza
Heal Bell,Cascabel Cura
Hidden Power,Poder Oculto
High Jump Kick,Patada Salto Alta
Horn Attack,Cornada
Hydro Pump,Hidrobomba
Hyper Beam,Hiperrayo
Hyper Fang,Hipercolmillo
Hypnosis,Hipnosis
Ice Beam,Rayo Hielo
Ice Punch,Puño Hielo
Icy Wind,Viento Hielo
Iron Tail,Cola Férrea
Jump Kick,Patada Salto
Karate Chop,Golpe Kárate
Kinesis,Kinético
Leech Life,Chupavidas
Leech Seed,Drenadoras
Leer,Malicioso
Lick,Lengüetazo
Light Screen,Pantalla de Luz
Lovely Kiss,Beso Amoroso
Low Kick,Patada Baja
Mach Punch,Ultrapuño
Magnitude,Magnitud
Mean Look,Mal de Ojo
Meditate,Meditación
Mega Drain,Megaagotar
Mega Kick,Megapatada
Mega Punch,Megapuño
Megahorn,Megacuerno
Metal Claw,Garra Metal
Milk Drink,Batido
Minimize,Reducción
Mirror Coat,Manto Espejo
Mist,Neblina
Moonlight,Luz Lunar
Morning Sun,Sol Matinal
Mud-Slap,Bofetón Lodo
Night Shade,Tinieblas
Octazooka,Pulpocañón
Outrage,Enfado
Pain Split,Divide Dolor
Pay Day,Día de Pago
Peck,Picotazo
Petal Dance,Danza Pétalo
Pin Missile,Pin Misil
Poison Gas,Gas Venenoso
Poison Powder,Polvo Veneno
Poison Sting,Picotazo Veneno
Pound,Destructor
Powder Snow,Nieve Polvo
Present,Presente
Protect,Protección
Psybeam,Psicorrayo
Psych Up,Autosugestión
Psywave,Psicoonda
Pursuit,Persecución
Quick Attack,Ataque Rápido
Rain Dance,Danza Lluvia
Rapid Spin,Giro Rápido
Razor Leaf,Hoja Afilada
Recover,Recuperación
Reflect,Reflejo
Return,Retribución
Rock Slide,Avalancha
Rock Smash,Golpe Roca
Rock Throw,Lanzarrocas
Rolling Kick,Patada Giro
Rollout,Rodar
Sacred Fire,Fuego Sagrado
Safeguard,Velo Sagrado
Sand Attack,Ataque Arena
Scary Face,Cara Susto
Scratch,Arañazo
Screech,Chirrido
Seismic Toss,Movimiento Sísmico
Self-Destruct,Autodestrucción
Shadow Ball,Bola Sombra
Sharpen,Afilar
Sing,Canto
Sketch,Esquema
Sky Attack,Ataque Aéreo
Slam,Portazo
Slash,Cuchillada
Sleep Powder,Somnífero
Sludge,Residuos
Sludge Bomb,Bomba Lodo
Smog,Polución
Smokescreen,Pantalla de Humo
Snore,Ronquido
Soft-Boiled,Ovocuración
Solar Beam,Rayo Solar
Spark,Chispa
Spikes,Púas
Splash,Salpicadura
Spore,Espora
Steel Wing,Ala de Acero
Stomp,Pisotón
Strength,Fuerza
String Shot,Disparo Demora
Stun Spore,Paralizador
Submission,Sumisión
Sunny Day,Día Soleado
Supersonic,Supersónico
Surf,Surf
Swagger,Contoneo
Sweet Kiss,Beso Dulce
Sweet Scent,Dulce Aroma
Swift,Meteoros
Swords Dance,Danza Espada
Synthesis,Síntesis
Tackle,Placaje
Tail Whip,Látigo
Take Down,Derribo
Thief,Ladrón
Thunder,Trueno
Thunder Punch,Puño Trueno
Thunder Shock,Impactrueno
Thunder Wave,Onda Trueno
Thunderbolt,Rayo
Toxic,Tóxico
Tri Attack,Triataque
Triple Kick,Triple Patada
Twineedle,Doble Ataque
Twister,Ciclón
Vine Whip,Látigo Cepa
Vital Throw,Llave Vital
Water Gun,Pistola Agua
Waterfall,Cascada
Whirlpool,Torbellino
Wing Attack,Ataque Ala
Withdraw,Refugio
Wrap,Constricción
Zap Cannon,Electrocañón
INTENSITY,INTENSIDAD
"

Season %d in one line: finished %s in the %s (%d pts), %s in the %s; %s were crowned %s.","

La temporada %d en una línea: acabaste %s en la %s (%d pts), %s en la %s; %s se coronó como %s."
"
- Star performer: %s (%s avg rating, %d battles)","
- Figura destacada: %s (nota media %s, %d combates)"
"
[color=#%s][b]ASSISTANT'S NOTE[/b][/color]
[color=#%s]%s's [b]%s[/b] attacks profile well against their likely six (avg %sx effectiveness) — worth a place in the lineup.[/color]
","
[color=#%s][b]NOTA DEL SEGUNDO[/b][/color]
[color=#%s]%s y sus ataques de tipo [b]%s[/b] encajan bien contra su probable seis (eficacia media %sx): merece un puesto en la alineación.[/color]
"
  (replaces %s),  (sustituye a %s)
  ·  %d turn left,  ·  queda %d turno
  ·  %d turns left,  ·  quedan %d turnos
 + ALLY, + ALIADO
%d day,%d día
%d hits (%d%%),%d golpes (%d %%)
%d honour,%d título
%d honours,%d títulos
%d message,%d mensaje
%d messages,%d mensajes
%d new scout recommendation,%d recomendación nueva de ojeadores
%d new scout recommendations,%d recomendaciones nuevas de ojeadores
%d of %d,%d de %d
%d scout,%d ojeador
%d scouts,%d ojeadores
%d season,%d temporada
%d seasons,%d temporadas
%d%% (%d of %d),%d %% (%d de %d)
"%d–%d in matches, %s. Clubs lower down the pyramid are ","%d–%d en partidos, %s. Clubes de menor nivel ya están "
%s  ·  avg level %s vs %s,%s  ·  nivel medio %s vs %s
%s (Season %d),%s (Temporada %d)
%s MVP: %s — %s avg rating in the cup,MVP de la %s: %s — nota media %s en la copa
%s Transfer Centre,Centro de traspasos del %s
%s are preparing a bid for %s (%s).,El %s prepara una oferta por %s (%s).
%s are said to be monitoring %s (%s).,Se dice que el %s sigue de cerca a %s (%s).
%s are weighing a move for %s (%s).,El %s sopesa un movimiento por %s (%s).
%s win,victoria del %s
%s — using an item costs this turn.,%s — usar un objeto gasta este turno.
%s's %s %s (%+d).,%s: %s %s (%+d).
%s's ability set it off,lo desató la habilidad de %s
(OVER),(EXCEDIDO)
(unavailable),(no disponible)
1 match this week — the schedule rests the squad on matchday and the morning after.,1 partido esta semana: el programa da descanso a la plantilla el día de partido y la mañana siguiente.
ACC,PRE
ATK,ATA
Acc,Pre
Any,Cualquiera
Atk,Ata
Auto Pick,Selección automática
Best Developer (young Pokémon of the season): %s — %s avg rating at %d months old,Mejor Formación (Pokémon joven de la temporada): %s — nota media %s con %d meses
Best Newcomer%s: %s — %s avg rating in a debut season,Mejor Debutante%s: %s — nota media %s en su primera temporada
Board ultimatum: finish %s or better next season,Ultimátum de la directiva: termina %s o mejor la próxima temporada
"Boss — thought you'd want this one in writing. [b]%s[/b] (%s, Lv %d) has been outstanding. Across the last [b]%d[/b] matches: [b]%d KOs[/b] and an average match rating of [b]%s[/b]. Technique, timing, temperament — everything we drill is showing up on matchday.","Jefe: pensé que querrías esto por escrito. [b]%s[/b] (%s, Nv %d) está siendo sobresaliente. En los últimos [b]%d[/b] partidos: [b]%d KOs[/b] y una nota media de [b]%s[/b]. Técnica, tiempos, temperamento: todo lo que entrenamos aparece el día de partido."
CS,SC
CUP,COPA
Coastal Circuit,Circuito Costero
Cup R%d,Copa R%d
FT,FIN
Finishing %s puts us in the Danger Zone and the board is not hiding its anger: ,Terminar %s nos mete en la Zona de peligro y la directiva no esconde su enfado: 
Growth rate,Ritmo de crecimiento
HITS BOTH FOES,GOLPEA A AMBOS RIVALES
ITEM — %s,OBJETO — %s
KEEP,SE QUEDA
L,D
LGE,LGA
LGE %d,LGA %d
LV,NV
Lv%d,Nv%d
Orange Archipelago,Archipiélago Naranja
Pokémon of the Season: %s — avg rating %s over %d battles,Pokémon de la Temporada: %s — nota media %s en %d combates
RELEASE,BAJA
SPA,ATE
SPD,DFE
SPE,VEL
"Season %d is in the books. Your secretary has archived the routine correspondence — %s marked read%s so the inbox opens clean for the new campaign:

%s","La temporada %d queda para los libros. Tu secretaría ha archivado la correspondencia rutinaria (%s)%s para que la bandeja arranque limpia la nueva campaña:

%s"
"Season %d review, %s:

- League: finished %s in the %s with %d points
","Repaso de la temporada %d, %s:

- Liga: terminó %s en la %s con %d puntos
"
Sevii Islands,Islas Sete
SpA,AtE
SpD,DfE
Spe,Vel
Storm Plateau,Meseta de las Tormentas
Switches the whole interface at once. Mail already delivered to your Inbox keeps the language it was written in — new mail arrives in the selected language.,Cambia toda la interfaz al momento. El correo ya entregado en tu bandeja conserva el idioma en que se escribió; el correo nuevo llega en el idioma elegido.
The coaching staff,El cuerpo técnico
The head youth coach,El jefe de cantera
Verdant Interior,Interior Frondoso
Volcanic Belt,Cinturón Volcánico
W,V
You finished %s — inside the top %d the board demanded after last season's ,"Terminaste %s, dentro del top %d que la directiva exigió tras el final en "
"[color=#%s]%s[/color]  [color=#%s][b]%s[/b][/color] [color=#%s](%s, %s) — %d battles, %d KOs, %d dmg · avg rating [/color][color=#%s][b]%s[/b][/color]%s
","[color=#%s]%s[/color]  [color=#%s][b]%s[/b][/color] [color=#%s](%s, %s) — %d combates, %d KO, %d daño · nota media [/color][color=#%s][b]%s[/b][/color]%s
"
"[color=#%s][b]%s[/b][/color] [color=#%s](%s) — %d KO%s, %d damage across %d battle%s. Match rating [/color][color=#%s][b]%s[/b][/color]

","[color=#%s][b]%s[/b][/color] [color=#%s](%s) — %d KO%s, %d de daño en %d combate(s)%s. Nota del partido: [/color][color=#%s][b]%s[/b][/color]

"
"[color=#%s][b]%s[/b][/color] [color=#%s]— %d KO%s, %d damage dealt across the tie. Rating: [/color][color=#%s][b]%s[/b][/color]
","[color=#%s][b]%s[/b][/color] [color=#%s]— %d KO%s, %d de daño infligido en la eliminatoria. Nota: [/color][color=#%s][b]%s[/b][/color]
"
club's reputation has taken a hit. The demand is plain — finish %s or better ,reputación del club ha sufrido un golpe. La exigencia es clara: termina %s o mejor 
empty,vacía
fainted,debilitado
full,completa
in %d day,en %d día
none,ninguno
nothing,nada
playoff,eliminatoria
pw %d,pot. %d
resisted,resistido
summoned by %s,invocado por %s
target,objetivo
the board demanded a top-%d finish and you delivered %s — the ,la directiva exigió acabar entre los %d primeros y entregaste un %s: el 
unmentored — %d possible mentor,sin mentor — %d mentor posible
unmentored — %d possible mentors,sin mentor — %d mentores posibles
used on %s · costs the turn,usado en %s · gasta el turno
"will see out the off-season.

Your career to date: %s, ","cerrará el descanso de temporada.

Tu carrera hasta hoy: %s, "
» %s (bench),» %s (banquillo)
Continue,Continuar
New Game,Nueva partida
Quit,Salir
POKÉMON BATTLE MANAGEMENT,GESTIÓN DE COMBATES POKÉMON
Two leagues. One Indigo Cup. Your dugout.,Dos ligas. Una Copa Añil. Tu banquillo.
"Create your manager and pick a club — 32 clubs, two leagues","Crea tu entrenador y elige club: 32 clubes, dos ligas"
"Display, audio, gameplay and language","Pantalla, audio, juego e idioma"
"Create your manager, choose your club, meet the board's expectations.","Crea tu entrenador, elige tu club y cumple las expectativas de la directiva."
CONFIRM,CONFIRMAR
WHO IS IN THE DUGOUT?,¿QUIÉN OCUPA EL BANQUILLO?
"The board, the press and rival managers will address you by this name.","La directiva, la prensa y los entrenadores rivales se dirigirán a ti por este nombre."
Manager name,Nombre del entrenador
Nickname (optional),Apodo (opcional)
e.g. Ash Ketchum,p. ej. Ash Ketchum
What the fans chant from the stands,Lo que corea la afición desde la grada
Next: choose your club,Siguiente: elige tu club
Next: summary,Siguiente: resumen
Start career at %s,Empezar la carrera en %s
Overwrite saved career?,¿Sobrescribir la partida guardada?
Overwrite and start,Sobrescribir y empezar
"A saved career already exists: %s · %s — %s, %s.","Ya existe una partida guardada: %s · %s — %s, %s."
Starting a new career will permanently overwrite it.,Empezar una nueva carrera la sobrescribirá para siempre.
CONTRACT SUMMARY,RESUMEN DEL CONTRATO
%s “%s” — manager,%s «%s» — entrenador jefe
%s — manager,%s — entrenador jefe
season starts %s,la temporada empieza el %s
Bank: P$ %s,Banco: P$ %s
Wages: P$ %s/w,Salarios: P$ %s/sem
"Warning: starting this career overwrites your saved one (%s, %s).","Atención: empezar esta carrera sobrescribe la partida guardada (%s, %s)."
avg Lv %.0f,nv. medio %.0f
You will replace %s,Sustituirás a %s
"Select a club to see the board's expectations, squad strength and budget.","Selecciona un club para ver las expectativas de la directiva, el nivel de plantilla y el presupuesto."
Expected league position: around %s of the world's %d clubs by reputation,Posición esperada en liga: en torno al %s de los %d clubes del mundo por reputación
Squad stars,Estrellas de plantilla
Top-six average level,Nivel medio del seis titular
Squad size,Tamaño de plantilla
Reputation,Reputación
Bank balance,Saldo bancario
Weekly wage budget,Presupuesto salarial semanal
Double-click a club row to jump straight to the summary.,Doble clic en un club para ir directamente al resumen.
Actions,Acciones
"Actions: offer, scout, shortlist, compare...","Acciones: ofertar, ojear, lista de deseos, comparar..."
"Right-click: offer, scout, shortlist...","Clic derecho: ofertar, ojear, lista de deseos..."
your squad,tu plantilla
Scouted: %d%% · %s,Ojeado: %d%% · %s
View Profile,Ver perfil
View Club (%s),Ver club (%s)
Go to Negotiation...,Ir a la negociación...
Make Transfer Offer...,Hacer oferta de traspaso...
Make Offer — Scout First...,Ofertar — primero ojear...
Approach to Sign...,Tantear para fichar...
Approach to Sign — Scout First...,Tantear para fichar — primero ojear...
"We know too little to negotiate (below Part scouted, 50%). Send a scout to build the file first.","Sabemos demasiado poco para negociar (por debajo de Parcialmente ojeado, 50%). Envía antes a un ojeador para completar el informe."
Send Scout...,Enviar ojeador...
Scout on the case (~%dd left),Ojeador en ello (~%dd restantes)
Add to Shortlist,Añadir a la lista de deseos
Remove from Shortlist,Quitar de la lista de deseos
Compare with My Squad...,Comparar con mi plantilla...
Open in Transfer Search,Abrir en búsqueda de fichajes
Removed from shortlist,Quitado de la lista de deseos
Added to shortlist — see Transfers » Recruitment,Añadido a la lista de deseos — ver Fichajes » Captación
Offer submitted — track it in the Transfer Centre,Oferta enviada — síguela en el Centro de Fichajes
Contract offered — track it in the Transfer Centre,Contrato ofrecido — síguelo en el Centro de Fichajes
Scout dispatched — reports land in your inbox,Ojeador enviado — los informes llegan a tu bandeja
Negotiations unlock at Part scouted (50%) — the report also prices the deal honestly.,Las negociaciones se desbloquean con Parcialmente ojeado (50%) — el informe también tasa el traspaso con honestidad.
Compare with my squad — %s,Comparar con mi plantilla — %s
"Scouted %d%% — their numbers are our scouts' estimated ranges, not facts.","Ojeado al %d%% — sus números son rangos estimados por nuestros ojeadores, no hechos."
Battle-real stats (nature applied) — the same numbers the engine fights with.,Estadísticas reales de combate (con naturaleza aplicada) — los mismos números con los que lucha el motor.
POKÉMON,POKÉMON
Compare,Comparar
Compare with my squad,Comparar con mi plantilla
Unknown route.,Ruta desconocida.
Both expedition parties are already in the field.,Las dos partidas de expedición ya están sobre el terreno.
A party is already working that route.,Ya hay una partida trabajando esa ruta.
That route needs to settle — open again on %s.,Esa ruta necesita asentarse; volverá a abrirse el %s.
Field duration must be between %d and %d days.,La duración sobre el terreno debe ser de entre %d y %d días.
"Pick an approach: cautious, balanced or aggressive.","Elige un enfoque: cauto, equilibrado o agresivo."
Captures must be routed to the academy or the squad.,Las capturas deben ir a la academia o a la plantilla.
That leader is already out on an expedition.,Ese líder ya está fuera en una expedición.
Pick an expedition leader.,Elige un líder de expedición.
"Party of %s departs for %s (%d field days, %d capture attempts budgeted).","La partida de %s parte hacia %s (%d días de campo, %d intentos de captura presupuestados)."
Board notes your absence,La junta toma nota de tu ausencia
"The board has been informed that you are personally leading the %s expedition. They trust the assistant staff to mind the shop — but a manager in the field is a manager away from the squad, and the dressing room feels it.","La junta ha sido informada de que dirigirás en persona la expedición a %s. Confían en que el cuerpo técnico cuide de la casa, pero un míster sobre el terreno es un míster lejos de la plantilla, y el vestuario lo nota."
Expedition departs: %s,Sale la expedición: %s
%s leads a %d-day expedition to %s (%s). Travel: %d day(s) each way. Budget: %s for supplies plus capture gear for %d attempts. Approach: %s. First field report expected on arrival.,%s dirige una expedición de %d días a %s (%s). Viaje: %d día(s) por trayecto. Presupuesto: %s en suministros más equipo de captura para %d intentos. Enfoque: %s. El primer parte de campo llegará al llegar.
Field report: %s — day %d of %d,Parte de campo: %s — día %d de %d
Capture gear left: %d of %d. Captures so far: %d.,Equipo de captura restante: %d de %d. Capturas hasta ahora: %d.
Expedition returns: %s (%d caught),Vuelve la expedición: %s (%d capturas)
"%s is back from %s: %d days in the field, %d sightings, %d capture(s), %d near miss(es). Total cost %s.","%s vuelve de %s: %d días de campo, %d avistamientos, %d captura(s), %d intento(s) fallido(s). Coste total: %s."
- Lv %d %s — %s.,- Nv. %d %s — %s.
joins the academy,se incorpora a la academia
goes straight into the first-team squad,entra directamente en la plantilla del primer equipo
waits in the holding pen until a bed opens,espera en el recinto de acogida hasta que quede una plaza libre
The crates came home empty this time — the intel gathered still sharpens our picture of the route.,"Esta vez las jaulas volvieron vacías, pero la información reunida afina nuestro conocimiento de la ruta."
Route knowledge updated. %s reopens for expeditions on %s.,Conocimiento de la ruta actualizado. %s vuelve a abrirse a expediciones el %s.
%s has settled in at the club,%s ya se ha instalado en el club
The %s caught on the %s expedition finally has a place: it joins the %s today.,El %s capturado en la expedición a %s por fin tiene sitio: hoy se incorpora a %s.
academy,la academia
first-team squad,la plantilla del primer equipo
first team,primer equipo
Wild capture: %s land a %s,Captura salvaje: %s se hace con un %s
Word from %s: an expedition party sent to %s has returned with a Lv %d %s for the club's development ranks. Rival recruitment never sleeps.,"Noticias de %s: una partida de expedición enviada a %s ha vuelto con un ejemplar de Nv. %d, un %s, para su cantera. La captación rival nunca duerme."
a real find,un verdadero hallazgo
solid stock,material sólido
The party has pitched camp at {route}. {leader} likes the look of the terrain.,La partida ha montado el campamento en {route}. A {leader} le gusta el aspecto del terreno.
Camp is up at {route}; trails were marked before sundown.,Campamento montado en {route}; los senderos quedaron marcados antes del anochecer.
{leader} reports the party safely arrived and glassing {route} at first light.,{leader} informa de que la partida llegó sin novedad y otea {route} con las primeras luces.
"Tracked a Lv {lv} {species} through the {terrain} — logged for the files, no gear spent.","Rastreado un {species} de Nv. {lv} por la zona de {terrain}; anotado en el registro, sin gastar equipo."
A Lv {lv} {species} crossed the trail at dawn; the party held back and took notes.,Un {species} de Nv. {lv} cruzó el sendero al alba; la partida se contuvo y tomó notas.
Spotted a Lv {lv} {species} from the ridge. {leader} judged it not worth the gear.,Avistado un {species} de Nv. {lv} desde la cresta. {leader} juzgó que no valía el equipo.
A {species} (Lv {lv}) kept its distance all afternoon; sketches and prints archived.,Un {species} (Nv. {lv}) mantuvo las distancias toda la tarde; bocetos y huellas archivados.
Fresh {species} signs everywhere — one Lv {lv} specimen observed at length.,Rastros frescos de {species} por todas partes; un ejemplar de Nv. {lv} observado con calma.
Cornered a Lv {lv} {species} but it slipped the net at the last instant. Gear spent.,"Acorralado un {species} de Nv. {lv}, pero se escurrió de la red en el último instante. Equipo gastado."
A Lv {lv} {species} broke for the undergrowth mid-attempt — so close {leader} could taste it.,Un {species} de Nv. {lv} escapó hacia la maleza en pleno intento; {leader} lo tuvo al alcance de la mano.
Failed attempt on a Lv {lv} {species}; it outlasted the snare and vanished.,Intento fallido con un {species} de Nv. {lv}; aguantó más que la trampa y se esfumó.
The Lv {lv} {species} fought free of the capture ring. One attempt written off.,El {species} de Nv. {lv} se zafó del cerco de captura. Un intento perdido.
Had a Lv {lv} {species} half-secured before it wriggled loose. The team is furious.,Tuvimos un {species} de Nv. {lv} medio asegurado antes de que se soltara. El equipo está furioso.
CAPTURE — a Lv {lv} {species} secured cleanly. {leader} rates it {stars}.,CAPTURA: un {species} de Nv. {lv} asegurado con limpieza. {leader} lo valora como {stars}.
CAPTURE — the party brought in a Lv {lv} {species} after a long stalk.,CAPTURA: la partida se hizo con un {species} de Nv. {lv} tras un largo acecho.
CAPTURE — Lv {lv} {species} netted at dusk; calm in the travel crate already.,CAPTURA: {species} de Nv. {lv} atrapado al atardecer; ya viaja tranquilo en la jaula.
CAPTURE — a Lv {lv} {species} taken on the first pass. Textbook work.,CAPTURA: un {species} de Nv. {lv} al primer intento. Trabajo de manual.
CAPTURE — Lv {lv} {species} secured after a two-hour standoff.,CAPTURA: {species} de Nv. {lv} asegurado tras dos horas de pulso.
EXCEPTIONAL CAPTURE — a Lv {lv} {species}! {leader} says finds like this come once a career.,CAPTURA EXCEPCIONAL: ¡un {species} de Nv. {lv}! {leader} dice que hallazgos así se dan una vez en una carrera.
EXCEPTIONAL CAPTURE — the rumours were true: a Lv {lv} {species} is in the crate.,CAPTURA EXCEPCIONAL: los rumores eran ciertos; hay un {species} de Nv. {lv} en la jaula.
Unconfirmed sighting of something extraordinary — {leader} swears it was a {species}.,Avistamiento sin confirmar de algo extraordinario; {leader} jura que era un {species}.
The locals spoke of a {species} in these parts; today the party saw it with their own eyes.,Los lugareños hablaban de un {species} por estos lares; hoy la partida lo vio con sus propios ojos.
A rough day: the party was chased off its grid by an angry swarm. No fieldwork logged.,Un día duro: un enjambre furioso expulsó a la partida de su cuadrícula. Sin trabajo de campo registrado.
"Storms flooded the camp overnight; the day went to repairs, not scouting.","Las tormentas inundaron el campamento por la noche; el día se fue en reparaciones, no en exploración."
A wrong turn cost the whole day — {leader} takes the blame and promises better tomorrow.,Un desvío equivocado costó el día entero; {leader} asume la culpa y promete mejorar mañana.
"A quiet day on {route} — trails cold, hides empty. It happens.",Un día tranquilo en {route}: rastros fríos y escondites vacíos. Pasa.
Nothing worth the logbook today; the party rotated to fresh ground for tomorrow.,Nada digno del cuaderno hoy; la partida rotó a terreno nuevo para mañana.
"Long hours, no encounters. {leader} suspects the weather pushed everything to ground.",Muchas horas y ningún encuentro. {leader} sospecha que el tiempo lo mandó todo a sus madrigueras.
Route Map,Mapa de rutas
Expeditions,Expediciones
Routes,Rutas
Send scouting parties into the wild — captures join the academy.,Envía partidas de exploración a la naturaleza; las capturas se unen a la academia.
Species intel unlocks with field days spent on a route.,La información de especies se desbloquea con días de campo en cada ruta.
Kanto,Kanto
Johto,Johto
Terrain,Terreno
Levels,Niveles
Species intel,Info de especies
Travel,Viaje
Cost/day,Coste/día
Unsurveyed — send a party to chart it,Sin explorar: envía una partida a cartografiarla
  · more to chart,  · queda por cartografiar
  · rare dens unchecked,  · madrigueras raras sin revisar
  · whispers of something exceptional,  · rumores de algo excepcional
~%d-%d,~%d-%d
Unsurveyed,Sin explorar
Full,Completa
Level band,Franja de nivel
Settling — reopens %s,Asentándose; reabre el %s
A party is on site now,Hay una partida sobre el terreno
PLAN AN EXPEDITION,PLANIFICAR UNA EXPEDICIÓN
Field days,Días de campo
Leader,Líder
Manager (you),Míster (tú)
 — in the field, — en el campo
Approach,Enfoque
Capture gear,Equipo de captura
%s per attempt,%s por intento
Captures go to,Las capturas van a
Academy (develop them),Academia (para desarrollarlos)
First-team squad,Plantilla del primer equipo
Launch expedition,Lanzar expedición
"Total: %s  (%d days away incl. %d travel each way)
Transfer budget available: %s","Total: %s  (%d días fuera, incl. %d de viaje por trayecto)
Presupuesto de fichajes disponible: %s"
"Fewer encounters, but attempts are safer and gear is saved for the good finds.","Menos encuentros, pero los intentos son más seguros y el equipo se reserva para los buenos hallazgos."
A steady sweep of the route — a fair mix of encounters and attempts.,Un barrido constante de la ruta: una mezcla equilibrada de encuentros e intentos.
"Maximum ground covered and every sighting contested — riskier attempts, and rough days happen.","Se cubre el máximo terreno y se disputa cada avistamiento: intentos más arriesgados, y hay días duros."
No parties in the field. Plan an expedition from the Route Map tab.,No hay partidas sobre el terreno. Planifica una expedición desde la pestaña Mapa de rutas.
HOLDING PEN — WAITING FOR SPACE,RECINTO DE ACOGIDA — A LA ESPERA DE SITIO
Lv %d %s (caught at %s) — will settle in as soon as a bed or squad slot opens.,Nv. %d %s (capturado en %s): se instalará en cuanto quede libre una plaza.
Travelling out (day %d of %d),"De viaje, ida (día %d de %d)"
Travelling home (day %d of %d),"De viaje, vuelta (día %d de %d)"
In the field — day %d of %d,Sobre el terreno: día %d de %d
Gear %d/%d · Captures %d · Sightings %d,Equipo %d/%d · Capturas %d · Avistamientos %d
Day %d — CAPTURED a Lv %d %s,Día %d: CAPTURADO un ejemplar de Nv. %d de %s
Day %d — a Lv %d %s got away,Día %d: un ejemplar de Nv. %d de %s se escapó
Day %d — sighted a Lv %d %s,Día %d: avistado un ejemplar de Nv. %d de %s
Day %d — a mishap cost the party the day,Día %d: un percance costó el día a la partida
CAPTURE RECORD,REGISTRO DE CAPTURAS
Expeditions run,Expediciones realizadas
Pokémon captured,Pokémon capturados
Total invested,Total invertido
Best find,Mejor hallazgo
Lv %d %s (%s),Nv. %d %s (%s)
Rival captures reported,Capturas rivales conocidas
No expeditions completed yet — the wild routes are waiting.,Aún no se ha completado ninguna expedición; las rutas salvajes esperan.
Returned,Regreso
Sightings,Avistamientos
Captures,Capturas
Route,Ruta
Cost,Coste
Go to Routes,Ir a Rutas
EXPEDITION DEPARTS,SALE LA EXPEDICIÓN
FIELD REPORT — DAY %d/%d,PARTE DE CAMPO — DÍA %d/%d
EXPEDITION RETURNS,VUELVE LA EXPEDICIÓN
SIGHTED,AVISTADO
CAPTURED,CAPTURADO
GOT AWAY,SE ESCAPÓ
MISHAP,PERCANCE
COMMON,COMÚN
UNCOMMON,POCO COMÚN
RARE,RARO
EXCEPTIONAL,EXCEPCIONAL
grassland,pradera
forest,bosque
cave,cueva
water,agua
mountain,montaña
wetland,humedal
park,parque
urban,urbano
coastal,costa
ice,hielo
Route 1,Ruta 1
Rolling meadows between Pallet Town and Viridian City.,Prados ondulados entre Pueblo Paleta y Ciudad Verde.
Route 2,Ruta 2
A quiet stretch skirting the southern edge of Viridian Forest.,Un tramo tranquilo que bordea el sur del Bosque Verde.
Viridian Forest,Bosque Verde
"A deep, maze-like forest buzzing with bug Pokemon.",Un bosque profundo y laberíntico que bulle de Pokémon bicho.
Route 3,Ruta 3
"The rocky approach to Mt. Moon, favoured by bird keepers.","La subida rocosa al Monte Moon, predilecta de los criadores de aves."
Mt. Moon,Monte Moon
Meteor-scarred tunnels where Clefairy dance on quiet nights.,Túneles marcados por meteoritos donde los Clefairy bailan en las noches tranquilas.
Route 4,Ruta 4
A dusty descent from Mt. Moon toward Cerulean City.,Un descenso polvoriento del Monte Moon hacia Ciudad Celeste.
Route 5,Ruta 5
Hedgerows and day-care paddocks north of Saffron City.,Setos y prados de guardería al norte de Ciudad Azafrán.
Route 7,Ruta 7
"A short, busy corridor between Celadon and Saffron.",Un corredor corto y concurrido entre Azulona y Azafrán.
Route 9,Ruta 9
A jagged cliffside trail carved toward Rock Tunnel.,Un sendero escarpado tallado en el acantilado hacia el Túnel Roca.
Rock Tunnel,Túnel Roca
A pitch-black passage; bring lamps and steady nerves.,Un pasadizo negro como el carbón; trae lámparas y nervios templados.
Route 11,Ruta 11
Windswept grass east of Vermilion's docks.,Hierba azotada por el viento al este de los muelles de Carmín.
Route 12,Ruta 12
A long fishing pier route along the Silence Bridge.,Una larga ruta de pesca a lo largo del Puente del Silencio.
Route 14,Ruta 14
Tall grass and telephone poles south of Lavender.,Hierba alta y postes de teléfono al sur de Lavanda.
Route 16,Ruta 16
The Cycling Road gateway west of Celadon City.,La entrada a la Ruta Bici al oeste de Ciudad Azulona.
Route 21,Ruta 21
A sea lane south of Pallet where Tangela tangle the shallows.,Una vía marítima al sur de Paleta donde los Tangela enredan los bajíos.
Route 22,Ruta 22
The short road toward the Pokemon League gate.,El camino corto hacia la puerta de la Liga Pokémon.
Route 24,Ruta 24
Nugget Bridge and the flower meadows north of Cerulean.,El Puente Pepita y los prados floridos al norte de Celeste.
Route 25,Ruta 25
"The cape trail to Bill's cottage, popular with couples.","El sendero del cabo hasta la casa de Bill, popular entre parejas."
Route 26,Ruta 26
The victory road approach south of the Indigo Plateau.,"La antesala de la Calle Victoria, al sur de la Meseta Añil."
Power Plant,Central Energía
An abandoned generator hall crackling with loose current.,Una sala de generadores abandonada que crepita con corriente suelta.
Seafoam Islands,Islas Espuma
Twin sea caves of ice-cold tidepools and rookeries.,Dos cuevas marinas gemelas de pozas heladas y colonias de cría.
Safari Zone,Zona Safari
"The famous Fuchsia preserve; rare species, strict wardens.",La famosa reserva de Fucsia; especies raras y guardas estrictos.
Route 29,Ruta 29
Gentle farmland between New Bark Town and Cherrygrove.,Suaves tierras de labranza entre Pueblo Primavera y Cerezo.
Route 30,Ruta 30
Berry orchards and ponds on the way to Mr. Pokemon's house.,Huertos de bayas y estanques camino de la casa del Sr. Pokémon.
Route 32,Ruta 32
A long lakeside road where Mareep graze the verges.,Un largo camino junto al lago donde los Mareep pastan en los márgenes.
Union Cave,Cueva Unión
A damp limestone cave; something sings in the deep pools.,Una húmeda cueva caliza; algo canta en las pozas profundas.
Route 33,Ruta 33
A short rainy pass outside Azalea Town.,Un paso corto y lluvioso a las afueras de Pueblo Azalea.
Slowpoke Well,Pozo Slowpoke
"Azalea's sacred well, home to its dozing mascots.","El pozo sagrado de Azalea, hogar de sus dormilonas mascotas."
Ilex Forest,Bosque Encinar
A dark shrine forest; headbutt the trees and see.,Un bosque oscuro con santuario; da cabezazos a los árboles y verás.
Route 34,Ruta 34
Day-care country south of Goldenrod City.,Tierra de guarderías al sur de Ciudad Trigal.
Route 35,Ruta 35
Hedged lanes just north of Goldenrod's gate.,Caminos entre setos justo al norte de la puerta de Trigal.
National Park,Parque Nacional
Manicured lawns of the Bug-Catching Contest grounds.,Céspedes cuidados del recinto del Concurso de Captura de Bichos.
Route 36,Ruta 36
A crossroads once blocked by a very stubborn tree.,Un cruce que un árbol muy terco bloqueó en su día.
Route 38,Ruta 38
MooMoo Farm pastures west of Ecruteak City.,Los pastos de la Granja MuuMuu al oeste de Ciudad Iris.
Route 42,Ruta 42
A ridge trail split by Mt. Mortar's streams.,Un sendero de cresta partido por los arroyos del Monte Mortero.
Mt. Mortar,Monte Mortero
A vast hollow mountain where a karate master trains.,Una vasta montaña hueca donde entrena un maestro de kárate.
Route 43,Ruta 43
Tollbooth marshland on the way up to the Lake of Rage.,Marismas con peaje camino del Lago de la Furia.
Lake of Rage,Lago de la Furia
A storm-fed lake infamous for furious Gyarados.,"Un lago alimentado por tormentas, tristemente célebre por sus Gyarados furiosos."
Route 44,Ruta 44
A misty valley road of fishing holes and vines.,"Un camino de valle brumoso, de pozas de pesca y enredaderas."
Ice Path,Senda Helada
Frozen galleries of black ice between Mahogany and Blackthorn.,Galerías congeladas de hielo negro entre Caoba y Endrino.
Dark Cave,Cueva Oscura
A lightless cavern few teams ever chart fully.,Una caverna sin luz que pocos equipos llegan a cartografiar del todo.
Route 45,Ruta 45
Sheer switchbacks tumbling south from Blackthorn.,Zigzags vertiginosos que caen hacia el sur desde Endrino.
Route 46,Ruta 46
A low rocky border trail into Johto's south.,Un sendero fronterizo bajo y rocoso hacia el sur de Johto.
%d field day,%d día de campo
%d field days,%d días de campo
%s Lv %d,%s Nv. %d
"[color=#%s][font_size=12]%s  ·  %s  ·  LED BY %s (%s)[/font_size][/color]
","[color=#%s][font_size=12]%s  ·  %s  ·  DIRIGIDA POR %s (%s)[/font_size][/color]
"
"[color=#%s]A quiet day in the field — no encounters logged.[/color]
","[color=#%s]Un día tranquilo sobre el terreno; sin encuentros registrados.[/color]
"
[color=#%s][b]MISHAP[/b][/color]  [color=#%s]The day was lost — no fieldwork completed.[/color],[color=#%s][b]PERCANCE[/b][/color]  [color=#%s]El día se perdió; no se completó trabajo de campo.[/color]
"

[color=#%s]Capture gear left %d/%d   ·   Captures so far %d[/color]","

[color=#%s]Equipo de captura restante %d/%d   ·   Capturas hasta ahora %d[/color]"
"
[color=#%s]Field days %d   ·   Capture gear %d   ·   Cost %s   ·   Captures to the %s[/color]","
[color=#%s]Días de campo %d   ·   Equipo de captura %d   ·   Coste %s   ·   Capturas a %s[/color]"
"[color=#%s]The crates came home empty — but every field day sharpened our route intel.[/color]
","[color=#%s]Las jaulas volvieron vacías, pero cada día de campo afinó nuestra información de la ruta.[/color]
"
"
[font_size=12][color=#%s]Coach-judged potential %s – %s[/color][/font_size]","
[font_size=12][color=#%s]Potencial según los técnicos %s – %s[/color][/font_size]"
[color=#%s][b]%s[/b][/color]  [color=#%s][b]%s[/b][/color]  [color=#%s]Lv %d[/color]  %s,[color=#%s][b]%s[/b][/color]  [color=#%s][b]%s[/b][/color]  [color=#%s]Nv. %d[/color]  %s
[color=#%s][b]%s[/b][/color]  [color=#%s]Lv %d · %s[/color]  [color=#%s]%s[/color],[color=#%s][b]%s[/b][/color]  [color=#%s]Nv. %d · %s[/color]  [color=#%s]%s[/color]
"Made with Godot 4.6","Hecho con Godot 4.6"
"You don't catch 'em all. You manage 'em.","No te hagas con todos: dirígelos."
%s refuses to be left behind,%s se niega a quedarse atrás
"When %s cleared out the office at %s, one member of the travelling party was never in doubt. %s — the professor's gift, the manager's protégé — has followed the boss to %s. ""Where the gaffer goes, I go,"" the handlers translate, roughly.","Cuando %s vació el despacho de %s, había un miembro de la expedición que nunca estuvo en duda. %s —el regalo del profesor, el protegido del míster— ha seguido al jefe hasta %s. «Donde va el míster, voy yo», traducen sus cuidadores, más o menos."
The Indigo Gazette,The Indigo Gazette
%s joins the first-team squad,%s sube al primer equipo
The manager's protégé has been promoted from the academy. The coaching staff report the whole group trained sharper the day the youngster's locker was moved upstairs — now the town wants to see a debut.,El protegido del míster ha sido ascendido desde la cantera. El cuerpo técnico cuenta que todo el grupo entrenó más fino el día que la taquilla del chaval subió de planta: ahora la ciudad quiere ver un debut.
A debut to remember: %s,Un debut para recordar: %s
"Every manager remembers the day they hand the kid the ball. Against %s, %s gave %s a first-team debut — the professor's starter, raised in the club's own academy, finally under the matchday lights. The bench was on its feet for every exchange.","Todo entrenador recuerda el día en que le da la alternativa al chaval. Contra %s, %s le dio a %s su debut con el primer equipo: el inicial del profesor, criado en la propia cantera del club, por fin bajo los focos de la jornada. El banquillo estuvo en pie en cada intercambio."
First career KO for %s,Primer KO en la carrera de %s
"It happened. %s recorded a first competitive knockout against %s, and the dugout celebrated like a title had been won. The manager's protégé is a protégé no more — it is a first-team battler with a taste for the big stage. The dressing room is buzzing.","Ocurrió. %s firmó su primer fuera de combate en partido oficial contra %s, y el banquillo lo celebró como un título. El protegido del míster ya no es un protegido: es un competidor del primer equipo al que le gusta el gran escenario. El vestuario está que arde."
FULL CIRCLE: %s reaches its final form,CÍRCULO COMPLETO: %s alcanza su forma final
Front-page material. The starter that %s carried out of the professor's lab has completed its journey: %s is now a fully evolved %s. From a Lv %d juvenile in the academy beds to the club's beating heart — this is the protégé story every manager dreams of writing. The town is planning a mural.,Material de portada. El inicial que %s sacó del laboratorio del profesor ha completado su viaje: %s es ya un %s plenamente evolucionado. De juvenil de nivel %d en las literas de la cantera a corazón del club: esta es la historia de protegido que todo entrenador sueña con escribir. La ciudad ya planea un mural.
The protégé grows: %s evolved into %s,El protegido crece: %s ha evolucionado a %s
A landmark day on the training ground: the manager's protégé evolved from %s into %s in front of the whole first-team squad. The coaches noted the applause lasted a while. The professor has asked for a photograph.,Día señalado en la ciudad deportiva: el protegido del míster evolucionó de %s a %s delante de todo el primer equipo. Los técnicos apuntan que el aplauso duró un buen rato. El profesor ha pedido una fotografía.
Rival watch: %s's protégé evolved,Ojo al rival: el protegido de %s ha evolucionado
Word from %s: the counter-starter %s has been grooming since the day you got yours has evolved into %s. The rivalry the press manufactured is starting to look real. Yours had better keep pace.,Llegan noticias de %s: el contra-inicial que %s mima desde el día en que tú recibiste el tuyo ha evolucionado a %s. La rivalidad que fabricó la prensa empieza a parecer real. Más le vale al tuyo seguir el ritmo.
"""Tell %s I still think they picked the wrong one off the professor's table. My %s (Lv %d) has type advantage written all over this tie — and my protégé does not get nervous.""","«Dile a %s que sigo pensando que cogió el equivocado de la mesa del profesor. Mi %s (Nv. %d) tiene la ventaja de tipo escrita en la frente, y mi protegido no se pone nervioso.»"
"""Two managers, two starters, one professor. %s can polish %s all they like; my %s (Lv %d) was born with the matchup in its favour. See you at the arena.""","«Dos entrenadores, dos iniciales, un profesor. Que %s pula a %s todo lo que quiera; mi %s (Nv. %d) nació con el duelo a favor. Nos vemos en el estadio.»"
"""I hear the academy raves about %s's little project. Sweet. When my %s (Lv %d) is across the field, sentiment is a weakness — the chart does not lie.""","«Me cuentan que en la cantera están encantados con el proyectito de %s. Qué bonito. Cuando mi %s (Nv. %d) esté enfrente, el sentimentalismo es una debilidad: la tabla de tipos no miente.»"
"""%s and I both left that lab with a Poké Ball and a promise. Difference is, my %s (Lv %d) eats theirs for breakfast. Nothing personal, boss — it's the rivalry the fans deserve.""","«%s y yo salimos de aquel laboratorio con una Poké Ball y una promesa. La diferencia es que mi %s (Nv. %d) desayuna iniciales como el suyo. Nada personal, jefe: es la rivalidad que la afición merece.»"
Protégé rivalry: %s stokes the fire,Rivalidad de protegidos: %s aviva el fuego
"Ahead of the %s tie, %s went to the press about the starter rivalry the whole league has adopted:

%s

Your %s will hear about it. How the tie goes may echo in both dressing rooms.","En la previa del duelo contra %s, %s habló con la prensa sobre la rivalidad de iniciales que ha adoptado toda la liga:

%s

Tu %s se va a enterar. Lo que pase en el partido puede resonar en los dos vestuarios."
"

One more thing, straight from the lab: %s of %s collected the %s from the same bench — the one with the type advantage over yours. The professor smiled when asked if that was deliberate.","

Una cosa más, directa del laboratorio: %s, de %s, recogió a %s del mismo banco — el que tiene ventaja de tipo sobre el tuyo. Al profesor se le escapó una sonrisa cuando le preguntaron si fue deliberado."
%s entrusts you with %s,%s te confía a %s
"%s shook your hand a moment longer than protocol demands. ""This one is special. Raise it your way."" %s (Lv %d) has been registered to the club's academy as your personal protégé: elite potential in the coaches' book, fiercely loyal to you — and to you alone. Bring it up through the youth beds, hand it a debut when it's ready, and it will follow you for the rest of your career.%s","%s te estrechó la mano un instante más de lo que manda el protocolo. «Este es especial. Críalo a tu manera.» %s (Nv. %d) ha quedado inscrito en la cantera del club como tu protegido personal: potencial de élite en el cuaderno de los técnicos y una lealtad feroz hacia ti, y solo hacia ti. Fórmalo en la cantera, dale el debut cuando esté listo y te seguirá durante el resto de tu carrera.%s"
A name only you would give it,Un nombre que solo tú le pondrías
%s IS WAITING IN THE LOBBY,%s TE ESPERA EN EL VESTÍBULO
"""Welcome to %s, boss. Before the board gets its claws into you, an old tradition: every new manager in this league leaves my lab with a companion. Three Poké Balls, three temperaments. I won't show you their numbers — my scouts only deal in impressions. Pick with your heart. It will follow yours for the rest of your career... and mind the one you leave behind; another manager's hands are already hovering.""","«Bienvenido a %s, jefe. Antes de que la directiva te hinque las garras, una vieja tradición: todo entrenador nuevo de esta liga sale de mi laboratorio con un compañero. Tres Poké Balls, tres temperamentos. No te enseñaré sus números; mis ojeadores solo trabajan con impresiones. Elige con el corazón. Te seguirá el suyo durante toda tu carrera... y vigila al que dejes atrás: otras manos ya están rondando la mesa.»"
The professor nods. %s it is.,"El profesor asiente. %s, pues."
"The dependable one. It naps in the sun outside the lab and never starts a fight — but it has never once backed out of one either. Patient, steady, blooms late and blooms big.","El formal. Se echa la siesta al sol a la puerta del laboratorio y jamás empieza una pelea, aunque tampoco ha rehuido ninguna. Paciente, constante; florece tarde y florece a lo grande."
The heart-on-tail one. It follows the professor around like a small shadow and burns brightest when it has something to prove. Handle with warmth and it will scorch the record books.,El del corazón en la cola. Sigue al profesor como una sombrita y arde con más fuerza cuando tiene algo que demostrar. Trátalo con cariño y chamuscará los libros de récords.
"The cheeky one. It hides in its shell, waits for you to look away, then soaks you. Loves a crowd, and plays visibly better when one is watching.","El descarado. Se esconde en su caparazón, espera a que mires a otro lado y te empapa. Adora al público, y se le nota: juega mejor cuando alguien lo mira."
"The sweet-scented one. It calms every room it walks into and sulks magnificently when ignored. Wins hearts first, battles shortly after.",El de aroma dulce. Calma cualquier sala en la que entra y se enfurruña con una elegancia magnífica cuando lo ignoran. Conquista corazones primero y combates poco después.
"The shy flame. It keeps its fire banked until the moment matters — then its back ignites and the room goes quiet. Timid in the corridor, fearless between the lines.","La llama tímida. Guarda el fuego hasta que el momento importa; entonces su lomo se enciende y la sala se queda en silencio. Apocado en el pasillo, intrépido entre las líneas."
"The biter. It chews everything: ropes, benches, clipboards, reputations. Boundless energy that a patient manager could shape into something genuinely frightening.","El mordedor. Lo mastica todo: cuerdas, banquillos, carpetas, reputaciones. Una energía sin fondo que un entrenador paciente podría convertir en algo verdaderamente temible."
Scout's whisper: grows into a wall that wins wars of patience.,Susurro del ojeador: acabará siendo un muro que gana guerras de paciencia.
Scout's whisper: the ceiling on this one frightens our instruments.,Susurro del ojeador: el techo de este asusta a nuestros aparatos.
"Scout's whisper: balanced everywhere, brittle nowhere. A captain someday.","Susurro del ojeador: equilibrado en todo, frágil en nada. Un capitán, algún día."
Scout's whisper: the squad trains calmer on days it's around.,Susurro del ojeador: la plantilla entrena más tranquila los días que anda cerca.
Scout's whisper: quickest ignition we have ever measured in a juvenile.,Susurro del ojeador: el encendido más rápido que hemos medido nunca en un juvenil.
Scout's whisper: that jaw will decide cup ties one day.,Susurro del ojeador: esa mandíbula decidirá copas algún día.
I choose %s,Elijo a %s
STARTER,INICIAL
Next: meet the professor,Siguiente: conocer al profesor
%s “%s” — your protégé,%s «%s» — tu protegido
%s — your protégé,%s — tu protegido
"It will start in your YOUTH ACADEMY at Lv 10, not in your matchday squad — develop it there and promote it when it is ready. It follows you for your whole career.","Empezará en tu ACADEMIA JUVENIL a Nv. 10, no en tu plantilla — desarróllalo allí y promociónalo cuando esté listo. Te seguirá durante toda tu carrera."
%s — PROTÉGÉ,%s — PROTEGIDO
Where is it now? In your YOUTH ACADEMY — it will not appear in the first-team squad until you promote it. Open the Academy screen to follow its development.,¿Dónde está ahora? En tu ACADEMIA JUVENIL: no aparecerá en la plantilla del primer equipo hasta que lo promociones. Abre la pantalla de la Academia para seguir su desarrollo.
Your protégé %s is waiting in the Academy — develop it and promote it to the first team when ready.,Tu protegido %s espera en la Academia: desarróllalo y promociónalo al primer equipo cuando esté listo.
Go to Academy,Ir a la Academia
Open Academy,Abrir la Academia
"MANAGER'S PROTÉGÉ — the professor's gift. Develops faster, fiercely loyal to you (never requests an exit), lifts the squad when it performs — and follows you to any club you ever manage.","PROTEGIDO DEL MÍSTER — el regalo del profesor. Se desarrolla más rápido, te es ferozmente leal (nunca pedirá salir), contagia a la plantilla cuando rinde — y te seguirá a cualquier club que dirijas."
Visit the Academy,Visitar la cantera
THE CEREMONY,LA CEREMONIA
MILESTONE — FIRST-TEAM DEBUT,HITO — DEBUT CON EL PRIMER EQUIPO
MILESTONE — FIRST KO,HITO — PRIMER KO
MILESTONE — EVOLUTION,HITO — EVOLUCIÓN
FRONT PAGE — FINAL FORM,PORTADA — FORMA FINAL
RIVAL WATCH,OJO AL RIVAL
THE PROTÉGÉ FOLLOWS,EL PROTEGIDO TE SIGUE
PROTÉGÉ RIVALRY,RIVALIDAD DE PROTEGIDOS
MANAGER'S PROTÉGÉ,PROTEGIDO DEL MÍSTER
Professor Oak,Profesor Oak
Professor Elm,Profesor Elm
Scouting the wild routes — how expeditions work,Explorando las rutas salvajes: así funcionan las expediciones
"Boss — the wild routes of Kanto and Johto are open for fieldwork. From the Routes screen you can send a party (led by a scout, a coach, or yourself) to any route for 3-14 field days: pick an approach, buy capture gear, and the party mails back a report every day. Captures come home to the academy or straight into the squad, and every field day charts the route's species for good. Costs come out of the transfer budget. Two parties can be out at once.","Míster: las rutas salvajes de Kanto y Johto están abiertas para el trabajo de campo. Desde la pantalla de Rutas puedes enviar una partida (liderada por un ojeador, un técnico o tú mismo) a cualquier ruta durante 3-14 días de campo: elige un enfoque, compra equipo de captura y la partida enviará un informe cada día. Las capturas llegan a la academia o directamente a la plantilla, y cada día de campo cartografía las especies de la ruta para siempre. Los costes salen del presupuesto de fichajes. Puede haber dos partidas fuera a la vez."
That party is no longer in the field.,Esa partida ya no está sobre el terreno.
The party is already on its way home.,La partida ya está de camino a casa.
Recall order received — the party breaks camp and turns for home.,Orden de regreso recibida: la partida levanta el campamento y pone rumbo a casa.
Recall order sent to %s,Orden de regreso enviada a %s
"%s acknowledges the recall: the party breaks camp at %s and heads home. Unused capture gear sold back for %s; the days already funded are not recoverable.","%s confirma la orden de regreso: la partida levanta el campamento en %s y vuelve a casa. El equipo de captura sin usar se ha revendido por %s; los días ya financiados no se recuperan."
The party returned early on your recall order (%s recovered from unused gear).,La partida volvió antes de tiempo por tu orden de regreso (%s recuperados del equipo sin usar).
Unsurveyed — guides list %d species (%d common · %d uncommon · %d rare),"Sin explorar: las guías citan %d especies (%d comunes · %d poco comunes · %d raras)"
 — squad morale dips while you are away, — la moral de la plantilla baja mientras estás fuera
"You lead in person: squad morale -%d while you are away, and the board takes note.","Lideras en persona: la moral de la plantilla baja %d mientras estás fuera, y la directiva toma nota."
Not enough transfer budget for this plan — trim the days or the gear.,No hay presupuesto de fichajes suficiente para este plan; recorta los días o el equipo.
Recall early,Ordenar regreso
"Order the party home — funded days are lost, unused gear is refunded at half price.","Ordena a la partida volver a casa: los días pagados se pierden y el equipo sin usar se reembolsa a mitad de precio."
Recall the expedition?,¿Ordenar el regreso de la expedición?
Recall the party,Que vuelvan
Let them work,Que sigan trabajando
"%s and the party will break camp at %s and head straight home (%s of travel).

The %s already spent on this trip is NOT recoverable — but the outfitter buys back the %d unused capture attempts at half price: %s returns to the transfer budget.","%s y la partida levantarán el campamento en %s y volverán directos a casa (%s de viaje).

Los %s ya gastados en este viaje NO se recuperan, pero el proveedor recompra los %d intentos de captura sin usar a mitad de precio: %s vuelven al presupuesto de fichajes."
LATEST CAPTURES,ÚLTIMAS CAPTURAS
In the squad,En la plantilla
In the academy,En la academia
Holding pen,En espera de plaza
Moved on,Ya no está en el club
 (recalled), (regresada)
PRESS: %s sighted near %s!,PRENSA: ¡%s avistado cerca de %s!
PRESS: %s sighted at %s!,PRENSA: ¡%s avistado en %s!
PRESS: %s has resurfaced near %s!,PRENSA: ¡%s ha reaparecido cerca de %s!
Trainers across the region are talking about one thing only: a confirmed sighting of the legendary %s. Field experts believe the trail stays warm for %d days at most — a club with the nerve (and the budget) could mount a special expedition before it goes cold. Capture chances are minimal. Nobody cares: this is %s.,En toda la región no se habla de otra cosa: un avistamiento confirmado del legendario %s. Los expertos de campo creen que el rastro seguirá caliente %d días como mucho — un club con nervio (y presupuesto) podría montar una expedición especial antes de que se enfríe. Las opciones de captura son mínimas. A nadie le importa: es %s.
The trail has gone cold — the window is closed.,El rastro se ha enfriado: la ventana está cerrada.
The special task force is already in the field.,El destacamento especial ya está sobre el terreno.
The club's reputation (%d/20) is too low — %d needed before anyone sells us this trail.,La reputación del club (%d/20) es demasiado baja: hace falta %d para que alguien nos venda este rastro.
Too far: the trail would be %d day(s) cold before the party arrived.,Demasiado lejos: el rastro llevaría %d día(s) frío cuando llegara el grupo.
A hunt like this demands your very best leader (judging %d/20).,Una cacería así exige a tu mejor líder (juicio %d/20).
Special expedition departs: the hunt for %s,Sale la expedición especial: la caza de %s
"%s leads the club's finest into the field: destination %s, on the trail of %s (Lv %d). %s of travel, then every remaining day of the window on the hunt. Cost: %s, paid up front. The odds are terrible. Godspeed.","%s lidera a lo mejor del club sobre el terreno: destino %s, tras el rastro de %s (Nv %d). %s de viaje y, después, cada día restante de la ventana dedicado a la caza. Coste: %s, pagado por adelantado. Las probabilidades son terribles. Suerte."
CONTACT — and this time the ring HELD. %s is secured. Nobody in this party will ever forget today.,CONTACTO — y esta vez el aro AGUANTÓ. %s está asegurado. Nadie de este grupo olvidará el día de hoy.
"CONTACT — %s met our eyes, turned, and simply LEFT the region. The trail is dead. It will resurface somewhere, someday.","CONTACTO — %s nos sostuvo la mirada, se dio la vuelta y sencillamente ABANDONÓ la región. El rastro está muerto. Reaparecerá en alguna parte, algún día."
CONTACT — we had %s in front of us and it slipped away. The party is shaking. We go again tomorrow.,CONTACTO — tuvimos a %s delante y se nos escurrió. El grupo está temblando. Mañana volvemos a intentarlo.
"Cold trail today: prints, scorched ground, nothing more. The party holds its nerve.","Rastro frío hoy: huellas, tierra chamuscada y nada más. El grupo no pierde los nervios."
Hunt report: %s — day %d,Parte de caza: %s — día %d
Capture chance per contact: %d%%. Contacts so far: %d.,Probabilidad de captura por contacto: %d %%. Contactos hasta ahora: %d.
the first-team squad,la plantilla del primer equipo
the academy,la academia
the holding pen (the club is full!),la sala de espera (¡el club está lleno!)
HISTORY MADE: %s captures %s!,HISTORIA VIVA: ¡%s captura a %s!
"Every front page in both regions carries the same photograph: %s, secured by %s after %d day(s) on the trail at %s. Veteran reporters are calling it the recruitment coup of the era. The legendary %s (Lv %d) joins %s. Nothing about this club will be seen the same way again — reputation +1.","Todas las portadas de ambas regiones llevan la misma fotografía: %s, asegurado por %s tras %d día(s) de rastreo en %s. Los periodistas veteranos ya lo llaman el fichaje del siglo. El legendario %s (Nv %d) se incorpora a %s. Nada en este club volverá a mirarse igual — reputación +1."
The board is ecstatic,La directiva está eufórica
"Boss — the chairman has been on the phone since dawn. Sponsors want signing ceremonies, season tickets are moving, and the dressing room is walking two feet off the ground. The board records its formal congratulations on the capture of %s. Days like this buy a manager years.","Jefe: el presidente lleva al teléfono desde el amanecer. Los patrocinadores quieren actos de presentación, los abonos vuelan y el vestuario camina a dos palmos del suelo. La directiva deja constancia de su felicitación formal por la captura de %s. Días así le compran años a un mánager."
Field report: the hunt for %s is over,Parte de campo: la caza de %s ha terminado
"%s files the closing report from %s: '%d contacts. On the last one it looked straight through us, and then it was gone — out of the region entirely. You do not corner a legend twice in one week.' The party is home. Watch the press: it WILL resurface.",%s firma el parte de cierre desde %s: «%d contactos. En el último nos miró como si no estuviéramos y desapareció — fuera de la región por completo. A una leyenda no se la acorrala dos veces en una semana». El grupo está en casa. Atentos a la prensa: VOLVERÁ a aparecer.
"%s files the closing report from %s: 'We had it in front of us and it escaped. %d contacts, every snare tested, and the window closed on us. But we mapped its dens, its water, its habits — next time the trail opens, we start ahead.' Scouting knowledge banked: capture odds rise to %d%% on the next attempt.","%s firma el parte de cierre desde %s: «Lo tuvimos delante y escapó. %d contactos, cada trampa puesta a prueba, y la ventana se nos cerró encima. Pero cartografiamos sus guaridas, su agua, sus costumbres — la próxima vez que se abra el rastro, saldremos con ventaja». Conocimiento de campo archivado: las opciones de captura suben al %d %% en el próximo intento."
PRESS: %s capture %s — the one that got away,PRENSA: %s captura a %s — el que dejamos escapar
"The photographs are real: while the rest of the league sat on its hands, %s quietly mounted an expedition of their own — and this morning the legendary %s (Lv %d) trains in their colours. The window was open for everyone. Only one club walked through it.","Las fotografías son reales: mientras el resto de la liga se quedaba de brazos cruzados, %s montó en silencio su propia expedición — y esta mañana el legendario %s (Nv %d) entrena con sus colores. La ventana estaba abierta para todos. Solo un club la cruzó."
%s captured by %s,%s capturado por %s
%s captured by rivals %s,%s capturado por los rivales %s
"%s hunted, not caught",%s cazado sin éxito
%s escaped mid-hunt,%s escapó en plena cacería
%s sighted,%s avistado
Legendary,Legendario
%s — window closes in %s,%s — la ventana se cierra en %s
%s sighted — %s,%s avistado — %s
window closes in %s,la ventana se cierra en %s
Plan the hunt,Planear la caza
LEGENDARY HUNT: %s,CAZA LEGENDARIA: %s
Target,Objetivo
Trail,Rastro
Window,Ventana
closes %s (%s left),se cierra el %s (quedan %s)
Reputation gate,Requisito de reputación
%d/20 required (club: %d),Se requiere %d/20 (club: %d)
Behaviour,Comportamiento
Roaming — it can flee the region mid-hunt and resurface later,Errante: puede huir de la región en plena caza y reaparecer más tarde
%d previous attempt — its habits are charted,%d intento previo — sus costumbres están cartografiadas
%d previous attempts — its habits are charted,%d intentos previos — sus costumbres están cartografiadas
MOUNT THE SPECIAL EXPEDITION,MONTAR LA EXPEDICIÓN ESPECIAL
 — not good enough for this trail, — no da la talla para este rastro
"If captured, joins","Si se captura, va a"
Mount the hunt,Montar la cacería
"Patient stalking: fewer contacts, slightly better odds, and a roamer is less likely to bolt.","Acecho paciente: menos contactos, probabilidades algo mejores y menos riesgo de que un errante huya."
"A steady hunt — a fair line between contacts, odds and spooking the target.","Una caza constante: equilibrio justo entre contactos, probabilidades y no espantar al objetivo."
"Push for contact every day — more chances, worse odds, and a roamer may flee the region.","Buscar el contacto cada día: más ocasiones, peores probabilidades y un errante puede huir de la región."
"Capture odds per contact: %d%%  (base %d%% · leader %+d · facility %+d · scouting %+d · approach %+d)
Cost: %s flat — %s travel, then up to %s on the trail.
Transfer budget available: %s","Probabilidad de captura por contacto: %d %%  (base %d %% · líder %+d · instalaciones %+d · exploración %+d · enfoque %+d)
Coste: %s fijo — %s de viaje y luego hasta %s sobre el rastro.
Presupuesto de fichajes disponible: %s"
%d hunt day,%d día de caza
%d hunt days,%d días de caza
THE HUNT FOR %s — %s,LA CAZA DE %s — %s
On the trail — day %d of %d,Sobre el rastro — día %d de %d
Site %s · Odds %d%% · Contacts %d,Lugar %s · Prob. %d %% · Contactos %d
LEGENDARY RECORD,REGISTRO LEGENDARIO
S%d · %s CAPTURED (Lv %d) by %s — a day for the club museum,T%d · %s CAPTURADO (Nv %d) por %s — un día para el museo del club
"S%d · Hunted %s — %d contact(s), it escaped. The files grew thicker.","T%d · Caza de %s — %d contacto(s), escapó. Los archivos engordaron."
S%d · %s fled the region mid-hunt,T%d · %s huyó de la región en plena caza
S%d · %s captured by rivals %s,T%d · %s capturado por los rivales %s
S%d · %s sighted near %s,T%d · %s avistado cerca de %s
LEGENDARY SIGHTING,AVISTAMIENTO LEGENDARIO
"
[color=#%s][b]Trail: %s   ·   Window closes %s (%d days)[/b][/color]","
[color=#%s][b]Rastro: %s   ·   La ventana se cierra el %s (%d días)[/b][/color]"
HISTORY MADE,HISTORIA VIVA
CAPTURED BY A RIVAL,CAPTURADO POR UN RIVAL
SPECIAL EXPEDITION,EXPEDICIÓN ESPECIAL
"

[color=#%s]Site %s   ·   Led by %s   ·   Capture odds %d%%[/color]","

[color=#%s]Lugar %s   ·   Al mando %s   ·   Prob. de captura %d %%[/color]"
Seafoam Islands — Deep Chambers,Islas Espuma — Cámaras profundas
Abandoned Power Plant,Central Energía abandonada
Ember Summit — Victory Road,Cumbre de Ascuas — Calle Victoria
Cerulean Cave,Cueva Celeste
Whirl Islands — Abyss,Islas Remolino — Abismo
Tin Tower — Summit,Torre Hojalata — Cumbre
"Day %d — %s","Día %d — %s"
Your portrait,Tu retrato
New look,Nuevo aspecto
"The press, the boardroom and rival dugouts will all see this face.","La prensa, la sala de juntas y los banquillos rivales verán esta cara."
The Manager,El míster
Chair,Presidencia
Director,Vocal
Other staff:,Resto del personal:
